credit_score,annual_income,loan_amount,loan_term_months,employment_status,property_ownership,debt_to_income_ratio,num_dependents,monthly_income,estimated_monthly_payment,total_dti,loan_eligibility
648,179215,15167,60,Employed,Mortgage,0.0492973539916833,5,14934.58,307.53,0.0699,0
349,73938,45560,36,Employed,Own,0.4801350203598816,4,6161.5,1427.68,0.7118,0
635,99089,38323,24,Employed,Own,0.3653520817143733,0,8257.42,1733.25,0.5753,0
386,187870,2565,60,Employed,Rent,0.3541902983428425,2,15655.83,52.01,0.3575,0
486,177740,44091,60,Self-employed,Mortgage,0.5602468161033791,4,14811.67,894.01,0.6206,0
489,121166,12581,12,Employed,Own,0.0618084681433673,4,10097.17,1094.4,0.1702,0
714,123358,26705,12,Employed,Rent,0.1746441982915279,0,10279.83,2323.03,0.4006,1
333,85511,18410,60,Self-employed,Own,0.4941086393584717,2,7125.92,373.29,0.5465,0
329,101588,45493,60,Employed,Own,0.1480114355773023,5,8465.67,922.43,0.257,0
357,63654,11939,12,Employed,Own,0.041673801955865,5,5304.5,1038.55,0.2375,0
562,138543,39391,120,Employed,Own,0.2326289231092152,1,11545.25,477.92,0.274,0
430,169830,23804,36,Employed,Mortgage,0.0994513089460851,3,14152.5,745.93,0.1522,0
484,106669,12724,36,Self-employed,Mortgage,0.052104596565251,2,8889.08,398.72,0.097,0
622,61559,28935,24,Employed,Rent,0.4980692161447765,2,5129.92,1308.65,0.7532,0
335,70064,44366,24,Employed,Own,0.5928125692428067,2,5838.67,2006.55,0.9365,0
331,97196,41022,12,Employed,Mortgage,0.0504990003856625,2,8099.67,3568.44,0.4911,0
808,177125,4621,120,Employed,Own,0.4526631509778053,0,14760.42,56.07,0.4565,1
796,187069,3059,84,Employed,Own,0.2039603399654103,1,15589.08,47.68,0.207,1
399,121942,10925,60,Retired,Mortgage,0.0338449563829358,5,10161.83,221.52,0.0556,0
369,113343,4037,120,Employed,Rent,0.1515908977894548,0,9445.25,48.98,0.1568,0
640,39832,16560,60,Employed,Mortgage,0.4790993431976625,4,3319.33,335.78,0.5803,0
700,186541,45534,60,Employed,Own,0.0490352035058684,2,15545.08,923.27,0.1084,1
544,156006,41711,60,Self-employed,Own,0.5129034108606808,3,13000.5,845.75,0.578,0
385,132975,21969,36,Retired,Rent,0.0801278162586319,5,11081.25,688.43,0.1423,0
704,78974,21759,120,Self-employed,Own,0.0174345878878518,4,6581.17,264.0,0.0575,1
535,46123,10311,36,Retired,Own,0.3974469740762377,5,3843.58,323.11,0.4815,0
572,197741,3923,36,Unemployed,Rent,0.3950271372589644,2,16478.42,122.93,0.4025,0
516,41144,23735,24,Employed,Own,0.0565825370981628,4,3428.67,1073.47,0.3697,0
789,117975,10476,120,Employed,Rent,0.2799271421302843,5,9831.25,127.1,0.2929,1
763,154486,37323,36,Employed,Own,0.3832665654392692,2,12873.83,1169.57,0.4741,1
567,57194,27438,36,Self-employed,Rent,0.3053136380942786,3,4766.17,859.81,0.4857,0
304,26237,36075,12,Employed,Mortgage,0.5487643542320998,2,2186.42,3138.11,1.984,0
816,191831,39936,36,Employed,Own,0.2964782233510585,4,15985.92,1251.45,0.3748,1
388,30372,15525,60,Employed,Own,0.3574103473706192,0,2531.0,314.79,0.4818,0
477,128427,13750,84,Employed,Rent,0.2337313863395278,2,10702.25,214.31,0.2538,0
539,134176,11189,12,Employed,Own,0.3807294035668614,1,11181.33,973.31,0.4678,0
698,165684,20769,24,Employed,Rent,0.3946996502201251,4,13807.0,939.33,0.4627,1
789,142945,22160,84,Employed,Mortgage,0.4332665565020215,1,11912.08,345.39,0.4623,1
582,148167,27965,24,Employed,Rent,0.3879493967408818,2,12347.25,1264.78,0.4904,0
710,168025,20251,60,Self-employed,Rent,0.2773905417221337,0,14002.08,410.62,0.3067,1
397,127161,26923,12,Retired,Mortgage,0.3290822172238908,3,10596.75,2341.99,0.5501,0
658,104900,4751,24,Unemployed,Mortgage,0.4973315918527984,3,8741.67,214.87,0.5219,1
321,62804,44319,36,Retired,Own,0.1810449882372332,0,5233.67,1388.8,0.4464,0
301,97608,35517,120,Unemployed,Mortgage,0.5972081206376519,0,8134.0,430.92,0.6502,0
472,87355,21990,84,Unemployed,Mortgage,0.560821306589366,2,7279.58,342.74,0.6079,0
612,75735,35269,84,Employed,Mortgage,0.2909030901304039,5,6311.25,549.71,0.378,0
844,121057,35643,60,Employed,Rent,0.581230094087018,5,10088.08,722.71,0.6529,0
652,99096,33817,36,Employed,Own,0.4054159657236141,4,8258.0,1059.7,0.5337,1
396,92974,43360,24,Employed,Rent,0.5714251147329718,0,7747.83,1961.06,0.8245,0
609,22551,34533,12,Employed,Rent,0.400039784711424,0,1879.25,3003.97,1.9985,0
685,99063,41450,60,Employed,Own,0.4311988071085,0,8255.25,840.46,0.533,1
665,141586,30719,84,Unemployed,Mortgage,0.380566584174011,5,11798.83,478.79,0.4211,1
822,127705,2487,60,Employed,Own,0.009676998866844,1,10642.08,50.43,0.0144,1
698,97169,7620,120,Unemployed,Rent,0.138387653821972,0,8097.42,92.45,0.1498,1
390,52431,2374,36,Employed,Rent,0.1096451216673484,5,4369.25,74.39,0.1267,0
547,91586,41734,84,Employed,Own,0.164726949768602,2,7632.17,650.48,0.25,0
449,61472,25315,36,Employed,Own,0.3425646901992472,2,5122.67,793.28,0.4974,0
599,77607,13024,12,Employed,Mortgage,0.3857052689509002,4,6467.25,1132.94,0.5609,0
790,53942,46686,60,Employed,Rent,0.3509285533458157,5,4495.17,946.62,0.5615,1
511,32061,17981,36,Employed,Mortgage,0.4301637684132935,4,2671.75,563.46,0.6411,0
336,62359,47863,60,Employed,Own,0.0253889176718811,3,5196.58,970.49,0.2121,0
530,41939,39470,120,Employed,Own,0.3991902170117047,2,3494.92,478.88,0.5362,0
450,142230,14173,24,Employed,Mortgage,0.3653630131456717,5,11852.5,641.01,0.4194,0
357,24516,41373,84,Employed,Rent,0.1330433566235412,0,2043.0,644.85,0.4487,0
585,162018,44585,36,Employed,Own,0.4846503071425818,1,13501.5,1397.13,0.5881,0
464,26949,49791,120,Employed,Own,0.3602662110362355,5,2245.75,604.1,0.6293,0
402,61468,36526,84,Unemployed,Mortgage,0.3486081968601465,3,5122.33,569.3,0.4597,0
451,95508,35341,24,Unemployed,Own,0.1912741721368557,4,7959.0,1598.38,0.3921,0
646,46052,35336,84,Employed,Mortgage,0.4239234560290404,1,3837.67,550.75,0.5674,0
458,162191,14187,12,Self-employed,Rent,0.4277288913020829,1,13515.92,1234.1,0.519,0
454,142360,15548,120,Employed,Mortgage,0.0596782564178319,2,11863.33,188.64,0.0756,0
487,44623,48779,12,Employed,Own,0.5826577953056697,5,3718.58,4243.21,1.7237,0
448,54350,40991,120,Unemployed,Own,0.1106639341390923,0,4529.17,497.33,0.2205,0
728,78193,26025,120,Employed,Rent,0.5588625323006938,0,6516.08,315.76,0.6073,0
743,199825,7215,12,Employed,Rent,0.3429723927175737,2,16652.08,627.62,0.3807,1
784,77190,26360,120,Employed,Own,0.4864801492475247,2,6432.5,319.82,0.5362,1
756,95763,40651,84,Employed,Rent,0.3132958894154349,4,7980.25,633.6,0.3927,1
839,26473,15456,60,Employed,Mortgage,0.5165761287529069,2,2206.08,313.39,0.6586,0
361,41515,19864,24,Employed,Mortgage,0.4089472445585363,2,3459.58,898.39,0.6686,0
836,190920,17789,120,Employed,Own,0.4883295232788534,5,15910.0,215.83,0.5019,1
320,144410,12344,84,Employed,Rent,0.5593251205424112,1,12034.17,192.4,0.5753,0
632,176854,27054,60,Self-employed,Mortgage,0.4674004568349341,1,14737.83,548.56,0.5046,0
616,194291,24663,12,Employed,Own,0.2256531997496207,3,16190.92,2145.4,0.3582,0
460,77040,7222,84,Unemployed,Mortgage,0.5623421104154337,3,6420.0,112.56,0.5799,0
456,197547,30705,12,Self-employed,Own,0.5930980834416403,0,16462.25,2670.98,0.7553,0
535,43013,10093,12,Employed,Mortgage,0.4031593133096905,4,3584.42,877.97,0.6481,0
401,26559,33287,12,Unemployed,Mortgage,0.2772417241026489,2,2213.25,2895.58,1.5855,0
758,145675,34261,84,Retired,Rent,0.1687776303977999,3,12139.58,534.0,0.2128,1
831,190294,7137,60,Retired,Own,0.2252716789028738,5,15857.83,144.71,0.2344,1
387,83310,48293,60,Unemployed,Mortgage,0.4906276778388053,5,6942.5,979.21,0.6317,0
837,94261,21191,84,Self-employed,Own,0.4112616723238316,3,7855.08,330.29,0.4533,1
414,159338,49096,84,Employed,Mortgage,0.567285414381215,5,13278.17,765.22,0.6249,0
380,26139,28441,120,Employed,Rent,0.5589216898642659,1,2178.25,345.07,0.7173,0
397,88932,22725,120,Self-employed,Own,0.4640011392319514,1,7411.0,275.72,0.5012,0
803,100323,48221,36,Employed,Mortgage,0.4242143575137358,5,8360.25,1511.07,0.605,0
705,169365,21436,84,Self-employed,Rent,0.1646917001635488,0,14113.75,334.11,0.1884,1
568,88487,42228,120,Employed,Rent,0.0678008290237949,5,7373.92,512.34,0.1373,0
489,69695,35664,60,Employed,Own,0.4549429889862057,0,5807.92,723.14,0.5795,0
586,161715,39743,60,Self-employed,Rent,0.4263531827740097,4,13476.25,805.84,0.4862,0
601,160408,42017,12,Employed,Rent,0.4740293831878975,4,13367.33,3654.99,0.7475,0
772,199053,22454,84,Unemployed,Mortgage,0.5497790694439777,2,16587.75,349.97,0.5709,1
765,109543,24822,120,Employed,Mortgage,0.0288416208474452,5,9128.58,301.16,0.0618,1
456,42549,47086,36,Self-employed,Own,0.0672097343371428,4,3545.75,1475.5,0.4833,0
790,172781,47794,60,Self-employed,Rent,0.0631336578622094,3,14398.42,969.09,0.1304,1
799,62521,14649,84,Unemployed,Mortgage,0.4690125896314991,0,5210.08,228.32,0.5128,1
309,158347,6952,84,Employed,Rent,0.2393769671794102,5,13195.58,108.36,0.2476,0
385,189504,13721,36,Employed,Rent,0.0724781941993332,3,15792.0,429.97,0.0997,0
786,162880,9540,12,Employed,Own,0.3055126025175503,1,13573.33,829.87,0.3667,1
456,188349,31735,12,Employed,Rent,0.0075020239835427,4,15695.75,2760.58,0.1834,0
556,65420,31055,60,Employed,Rent,0.3527782746146794,4,5451.67,629.68,0.4683,0
557,199844,19024,60,Employed,Rent,0.3155272522019364,2,16653.67,385.74,0.3387,0
367,25715,13828,24,Employed,Rent,0.2445342530514629,2,2142.92,625.4,0.5364,0
309,134068,49667,60,Unemployed,Mortgage,0.0792727995281976,4,11172.33,1007.07,0.1694,0
308,166023,38401,24,Employed,Own,0.3081132089435709,3,13835.25,1736.77,0.4336,0
691,68327,30488,12,Self-employed,Rent,0.5692226231945435,5,5693.92,2652.1,1.035,0
503,134990,22752,60,Employed,Mortgage,0.2349911182253117,3,11249.17,461.33,0.276,0
827,151867,26795,24,Retired,Mortgage,0.4742773539155231,2,12655.58,1211.87,0.57,1
740,22583,35110,84,Retired,Mortgage,0.1160163202271058,4,1881.92,547.23,0.4068,0
357,180527,45211,12,Self-employed,Rent,0.5744392313762912,1,15043.92,3932.83,0.8359,0
509,67311,45814,120,Employed,Rent,0.3471234490514887,4,5609.25,555.85,0.4462,0
661,150136,14246,60,Employed,Rent,0.408776040797997,3,12511.33,288.86,0.4319,1
799,195694,34040,12,Employed,Own,0.5098230555577946,3,16307.83,2961.09,0.6914,0
335,152718,48238,120,Employed,Own,0.3223665383863616,5,12726.5,585.26,0.3684,0
581,122526,20113,24,Employed,Mortgage,0.4831889032063046,1,10210.5,909.66,0.5723,0
420,112643,9769,60,Self-employed,Mortgage,0.3634833023574904,3,9386.92,198.08,0.3846,0
518,174595,40333,84,Employed,Mortgage,0.041639055104226,4,14549.58,628.64,0.0848,0
739,155629,35188,120,Employed,Own,0.2901064653486583,3,12969.08,426.93,0.323,1
306,183529,32175,36,Employed,Own,0.4370390484419457,5,15294.08,1008.25,0.503,0
306,102839,8498,12,Employed,Rent,0.3925861065949029,3,8569.92,739.23,0.4788,0
785,143230,29877,24,Self-employed,Own,0.1851807190664989,0,11935.83,1351.26,0.2984,1
363,184615,1825,12,Employed,Rent,0.1988275871312958,2,15384.58,158.75,0.2091,0
683,103948,22997,84,Self-employed,Own,0.2888211681450596,2,8662.33,358.44,0.3302,1
444,128475,17652,24,Employed,Own,0.2293731178250192,0,10706.25,798.35,0.3039,0
643,90693,39944,36,Employed,Own,0.1358998543914145,1,7557.75,1251.7,0.3015,0
563,170877,47470,84,Employed,Rent,0.1181815132137091,3,14239.75,739.88,0.1701,0
671,34446,39668,36,Employed,Rent,0.0835484701341083,3,2870.5,1243.05,0.5166,0
656,183791,28487,84,Employed,Rent,0.0307592595914779,1,15315.92,444.0,0.0597,1
328,183408,13992,36,Employed,Own,0.5791731325291605,3,15284.0,438.46,0.6079,0
683,107227,1836,60,Employed,Own,0.0429871089897318,0,8935.58,37.23,0.0472,1
837,139286,18753,60,Self-employed,Mortgage,0.3256979131980466,2,11607.17,380.24,0.3585,1
589,60549,24821,120,Employed,Own,0.23955951401407,2,5045.75,301.15,0.2992,0
447,126325,12256,12,Retired,Mortgage,0.537700315520313,2,10527.08,1066.13,0.639,0
630,65521,32855,12,Employed,Rent,0.3158086464901792,2,5460.08,2858.0,0.8392,0
719,191048,31250,60,Unemployed,Own,0.1491355010206324,0,15920.67,633.64,0.1889,1
566,98881,17067,60,Employed,Own,0.4549457951372728,3,8240.08,346.06,0.4969,0
755,38860,33272,12,Employed,Rent,0.0298283296018712,4,3238.33,2894.28,0.9236,0
766,47448,33036,12,Employed,Mortgage,0.3501796098509286,3,3954.0,2873.75,1.077,0
719,188510,9550,120,Employed,Own,0.1844813397385906,3,15709.17,115.87,0.1919,1
533,50935,31766,60,Self-employed,Rent,0.225418422618715,0,4244.58,644.1,0.3772,0
765,155531,7505,60,Unemployed,Rent,0.5983792668275089,5,12960.92,152.17,0.6101,0
805,146720,49256,36,Self-employed,Rent,0.2576304260039129,5,12226.67,1543.5,0.3839,1
357,144140,35710,60,Unemployed,Own,0.3125847694568475,5,12011.67,724.07,0.3729,0
478,62013,20326,60,Employed,Mortgage,0.2642409202496008,2,5167.75,412.14,0.344,0
507,90188,35261,120,Employed,Mortgage,0.5376911371171658,5,7515.67,427.81,0.5946,0
483,143972,29320,60,Employed,Mortgage,0.3486512532168187,0,11997.67,594.5,0.3982,0
633,27121,42911,24,Self-employed,Rent,0.5547285701928351,2,2260.08,1940.75,1.4134,0
406,30054,49637,120,Retired,Mortgage,0.1869889615229265,4,2504.5,602.23,0.4274,0
558,183557,10694,60,Self-employed,Mortgage,0.0168013662985666,2,15296.42,216.84,0.031,0
352,50302,20457,36,Unemployed,Own,0.4993918879206809,5,4191.83,641.05,0.6523,0
729,137165,2329,60,Unemployed,Mortgage,0.1277366207991345,4,11430.42,47.22,0.1319,1
318,65007,33185,84,Employed,Rent,0.0353036049064876,1,5417.25,517.23,0.1308,0
573,123319,14120,12,Self-employed,Mortgage,0.2147879880737087,1,10276.58,1228.28,0.3343,0
377,120791,21186,12,Unemployed,Rent,0.1462446920007195,3,10065.92,1842.94,0.3293,0
322,23361,14436,60,Retired,Rent,0.4934710604161045,3,1946.75,292.71,0.6438,0
752,80400,2362,24,Self-employed,Own,0.1536160223213494,2,6700.0,106.83,0.1696,1
456,58503,29219,24,Employed,Mortgage,0.4464780054236044,0,4875.25,1321.5,0.7175,0
778,80008,32086,120,Employed,Rent,0.4280568975898574,5,6667.33,389.29,0.4864,1
825,134102,32791,84,Employed,Rent,0.3245692926273083,3,11175.17,511.09,0.3703,1
730,107658,29478,60,Self-employed,Own,0.2807342981573043,1,8971.5,597.71,0.3474,1
438,45746,29577,60,Retired,Own,0.0643837834753411,1,3812.17,599.71,0.2217,0
316,82031,38852,24,Employed,Rent,0.1970582897981691,2,6835.92,1757.17,0.4541,0
688,72261,13766,36,Retired,Own,0.4249703569887841,4,6021.75,431.38,0.4966,1
502,59438,22762,24,Employed,Rent,0.3065792156107708,2,4953.17,1029.46,0.5144,0
686,157374,9895,60,Self-employed,Rent,0.1409768105576427,3,13114.5,200.63,0.1563,1
388,105904,38542,36,Employed,Own,0.1239901104522574,0,8825.33,1207.77,0.2608,0
373,98682,45931,12,Employed,Mortgage,0.2900413474530705,1,8223.5,3995.47,0.7759,0
642,199232,5290,120,Employed,Mortgage,0.335239438924962,1,16602.67,64.18,0.3391,0
680,179327,7584,12,Self-employed,Mortgage,0.5832012354247331,4,14943.92,659.72,0.6273,0
392,136919,14507,60,Employed,Own,0.288137247908393,2,11409.92,294.15,0.3139,0
491,41570,36255,36,Employed,Mortgage,0.5876934409164638,3,3464.17,1136.1,0.9157,0
784,85340,41745,84,Self-employed,Rent,0.2158268848282194,1,7111.67,650.65,0.3073,1
627,69451,1717,24,Employed,Rent,0.5424813574416264,0,5787.58,77.66,0.5559,0
768,50816,35699,84,Employed,Rent,0.3014297442870217,5,4234.67,556.41,0.4328,1
718,185803,44161,24,Employed,Rent,0.4429124239659145,1,15483.58,1997.28,0.5719,1
451,20051,44103,60,Employed,Rent,0.4822073697037055,5,1670.92,894.25,1.0174,0
707,160254,37712,12,Employed,Mortgage,0.3475223996791988,2,13354.5,3280.51,0.5932,1
693,142197,2508,24,Self-employed,Mortgage,0.5186218080484589,0,11849.75,113.43,0.5282,1
475,192499,37618,36,Employed,Own,0.2694128521830199,5,16041.58,1178.81,0.3429,0
484,170238,19749,120,Employed,Rent,0.5664699496732682,1,14186.5,239.61,0.5834,0
501,159454,4650,24,Employed,Mortgage,0.113737763998201,1,13287.83,210.31,0.1296,0
498,199528,12190,60,Employed,Rent,0.1758272661180729,3,16627.33,247.17,0.1907,0
788,63146,4037,120,Employed,Mortgage,0.3166777926219501,0,5262.17,48.98,0.326,1
747,20603,47906,24,Retired,Mortgage,0.2682825183587948,1,1716.92,2166.66,1.5302,0
362,67735,9977,12,Employed,Rent,0.4388174607600788,0,5644.58,867.88,0.5926,0
560,53950,39595,60,Unemployed,Own,0.3028976258519524,4,4495.83,802.84,0.4815,0
658,144496,28631,24,Employed,Own,0.5488618960107438,4,12041.33,1294.9,0.6564,0
395,28060,45055,60,Self-employed,Mortgage,0.5274801129608072,0,2338.33,913.55,0.9182,0
456,59367,20755,60,Employed,Rent,0.1958836364012184,1,4947.25,420.84,0.2809,0
442,93160,13052,36,Employed,Rent,0.3276149475553123,5,7763.33,409.0,0.3803,0
653,155068,26092,36,Self-employed,Mortgage,0.0786725851562434,5,12922.33,817.63,0.1419,1
767,182902,34861,120,Self-employed,Mortgage,0.4830340736465599,0,15241.83,422.96,0.5108,1
533,149957,28579,24,Self-employed,Rent,0.3711297025347916,0,12496.42,1292.55,0.4746,0
500,107836,13347,60,Employed,Rent,0.4243927421616177,4,8986.33,270.63,0.4545,0
303,184712,10089,60,Self-employed,Rent,0.3479653909797461,5,15392.67,204.57,0.3613,0
410,79470,8388,84,Unemployed,Own,0.3181027541175413,2,6622.5,130.74,0.3378,0
518,181957,5377,36,Employed,Own,0.5899266851038707,5,15163.08,168.5,0.601,0
759,165019,36773,36,Self-employed,Rent,0.4524712201695485,4,13751.58,1152.33,0.5363,1
423,64735,5691,60,Employed,Rent,0.0629389263815202,5,5394.58,115.39,0.0843,0
482,125319,34510,12,Unemployed,Rent,0.5601329337290548,0,10443.25,3001.97,0.8476,0
581,111715,39722,84,Self-employed,Rent,0.1149307365366958,5,9309.58,619.12,0.1814,0
834,118605,36473,60,Self-employed,Rent,0.4066737376165607,3,9883.75,739.54,0.4815,1
647,134627,39454,24,Employed,Own,0.3948994205229504,5,11218.92,1784.4,0.554,0
777,66409,48742,84,Employed,Rent,0.5748730727214877,0,5534.08,759.7,0.7121,0
775,66172,45730,12,Unemployed,Mortgage,0.401471908184163,2,5514.33,3977.98,1.1229,0
643,154674,13551,60,Unemployed,Mortgage,0.2441678053351746,1,12889.5,274.77,0.2655,0
745,59749,3251,24,Employed,Rent,0.3866453122627715,2,4979.08,147.03,0.4162,1
449,186774,42375,12,Employed,Rent,0.2572395862107059,0,15564.5,3686.13,0.4941,0
647,187222,28443,36,Employed,Rent,0.1040180077462313,2,15601.83,891.3,0.1611,0
400,135375,22503,120,Unemployed,Rent,0.5269500291824897,5,11281.25,273.02,0.5512,0
472,191512,15522,60,Employed,Rent,0.4997352407004831,3,15959.33,314.73,0.5195,0
644,96447,16233,24,Retired,Rent,0.0970360820673058,1,8037.25,734.17,0.1884,0
526,96532,27449,120,Employed,Own,0.0898007727615453,5,8044.33,333.03,0.1312,0
624,26769,6900,60,Employed,Own,0.4253329645978496,2,2230.75,139.91,0.4881,0
790,91361,40780,120,Self-employed,Mortgage,0.3042530783684918,0,7613.42,494.77,0.3692,1
815,57292,12171,12,Employed,Mortgage,0.3120459865980098,4,4774.33,1058.74,0.5338,1
472,134957,28433,120,Employed,Own,0.5718666630502747,4,11246.42,344.97,0.6025,0
770,149724,36854,60,Self-employed,Mortgage,0.4315094823059165,1,12477.0,747.27,0.4914,1
768,185102,6040,84,Retired,Mortgage,0.0470365279687349,4,15425.17,94.14,0.0531,1
767,133431,27654,84,Employed,Rent,0.594965176074697,5,11119.25,431.02,0.6337,0
435,89701,41898,12,Retired,Rent,0.1215124873652988,0,7475.08,3644.64,0.6091,0
646,164023,37889,84,Unemployed,Own,0.1571883936996415,0,13668.58,590.55,0.2004,0
651,179285,37199,120,Self-employed,Mortgage,0.4074043344296319,5,14940.42,451.33,0.4376,1
534,140993,33199,60,Unemployed,Rent,0.4505115710513481,1,11749.42,673.16,0.5078,0
444,197796,1079,84,Employed,Mortgage,0.0209323276484883,1,16483.0,16.82,0.022,0
661,199936,44484,60,Self-employed,Mortgage,0.2770428091060343,3,16661.33,901.98,0.3312,1
654,118988,28739,12,Employed,Own,0.2725672103041738,5,9915.67,2499.96,0.5247,1
535,184639,8036,36,Self-employed,Mortgage,0.1635087891226607,5,15386.58,251.82,0.1799,0
383,65078,20071,120,Employed,Rent,0.4259108947840801,3,5423.17,243.52,0.4708,0
661,24779,30953,36,Unemployed,Rent,0.1670733411948417,2,2064.92,969.95,0.6368,0
667,40565,21314,60,Self-employed,Rent,0.5859610663949278,1,3380.42,432.17,0.7138,0
829,162009,36350,120,Employed,Mortgage,0.2723179877210911,5,13500.75,441.03,0.305,1
421,177658,14899,24,Unemployed,Mortgage,0.2549454305597639,3,14804.83,673.84,0.3005,0
502,29757,36191,60,Unemployed,Mortgage,0.2145184064051576,1,2479.75,733.82,0.5104,0
474,185547,14141,36,Unemployed,Mortgage,0.3029841718934618,3,15462.25,443.13,0.3316,0
782,103758,41935,12,Self-employed,Own,0.1745682855344667,0,8646.5,3647.86,0.5965,1
840,39254,45305,120,Employed,Own,0.043972188077451,4,3271.17,549.67,0.212,0
769,73983,15094,120,Self-employed,Own,0.0037228478894052,4,6165.25,183.13,0.0334,1
308,72666,44409,60,Retired,Mortgage,0.1466765076601486,2,6055.5,900.45,0.2954,0
750,146953,3520,12,Retired,Own,0.3428877118411474,1,12246.08,306.2,0.3679,1
747,96408,11325,36,Self-employed,Own,0.216905435642826,3,8034.0,354.88,0.2611,1
606,64084,43057,12,Employed,Own,0.4779031861229484,2,5340.33,3745.46,1.1793,0
662,194454,13405,36,Employed,Own,0.4725799203047692,5,16204.5,420.06,0.4985,1
322,156971,5842,60,Employed,Rent,0.3892373594198502,1,13080.92,118.45,0.3983,0
513,178154,26245,36,Self-employed,Rent,0.4621464198871338,3,14846.17,822.42,0.5175,0
701,60093,22585,120,Employed,Rent,0.4273762322899851,2,5007.75,274.02,0.4821,1
696,197550,39814,36,Employed,Own,0.4187316666251477,3,16462.5,1247.63,0.4945,1
773,196125,38128,84,Retired,Rent,0.2063464054807065,3,16343.75,594.27,0.2427,1
613,134945,17140,12,Retired,Mortgage,0.1768759910759713,1,11245.42,1490.98,0.3095,0
516,134043,27333,36,Employed,Own,0.405056852938901,0,11170.25,856.52,0.4817,0
724,82565,46235,36,Retired,Own,0.2382709205199749,4,6880.42,1448.84,0.4488,1
400,47591,33282,120,Retired,Rent,0.0100733003299159,1,3965.92,403.8,0.1119,0
332,193634,18576,36,Employed,Mortgage,0.5543515839434018,5,16136.17,582.1,0.5904,0
740,99399,30193,84,Employed,Rent,0.2106291737930344,0,8283.25,470.59,0.2674,1
482,142692,31869,24,Employed,Mortgage,0.5213194615936342,2,11891.0,1441.35,0.6425,0
811,150225,17500,24,Self-employed,Rent,0.3850466942325908,5,12518.75,791.48,0.4483,1
608,192838,25472,60,Self-employed,Rent,0.464228016436344,2,16069.83,516.48,0.4964,0
794,113338,5978,60,Employed,Own,0.1003830519166805,4,9444.83,121.21,0.1132,1
661,157302,38327,36,Employed,Own,0.4437717386417742,5,13108.5,1201.03,0.5354,1
425,145444,49841,84,Employed,Rent,0.1935855766290783,2,12120.33,776.83,0.2577,0
581,91486,33823,60,Employed,Rent,0.1074316748959017,5,7623.83,685.81,0.1974,0
548,131716,4422,24,Employed,Mortgage,0.0513342148550752,1,10976.33,200.0,0.0696,0
339,25813,45742,24,Employed,Mortgage,0.2414748404210118,5,2151.08,2068.79,1.2032,0
488,138652,44078,120,Employed,Rent,0.0715421792638314,1,11554.33,534.79,0.1178,0
565,139139,43288,24,Employed,Own,0.5038353294072452,0,11594.92,1957.8,0.6727,0
326,139647,41594,120,Retired,Rent,0.0411354751053941,4,11637.25,504.65,0.0845,0
669,53647,10800,120,Employed,Own,0.5448803422730937,3,4470.58,131.03,0.5742,1
524,144821,28711,36,Employed,Own,0.1049195941379073,0,12068.42,899.7,0.1795,0
334,131983,34533,60,Self-employed,Rent,0.0455080251274658,2,10998.58,700.2,0.1092,0
682,65470,37236,12,Employed,Own,0.5192824437833402,1,5455.83,3239.1,1.113,0
414,93973,19573,120,Employed,Mortgage,0.2564842477399351,3,7831.08,237.47,0.2868,0
308,174450,29891,120,Employed,Mortgage,0.1472222692130785,3,14537.5,362.66,0.1722,0
477,70356,17684,60,Employed,Own,0.5669633306493722,4,5863.0,358.57,0.6281,0
586,141420,3696,12,Self-employed,Own,0.1077263875943567,3,11785.0,321.51,0.135,0
799,41786,24703,12,Employed,Rent,0.5973729345578453,4,3482.17,2148.88,1.2145,0
752,146765,22161,120,Unemployed,Rent,0.3431798282772182,5,12230.42,268.87,0.3652,1
757,137927,12054,60,Employed,Mortgage,0.5234188618774919,2,11493.92,244.41,0.5447,1
356,27145,13610,120,Employed,Rent,0.589865882622984,2,2262.08,165.13,0.6629,0
724,148760,40828,12,Employed,Rent,0.0974418342373482,1,12396.67,3551.56,0.3839,1
714,160413,14165,36,Employed,Mortgage,0.0811221214512004,3,13367.75,443.88,0.1143,1
547,24172,26386,84,Self-employed,Rent,0.2515279039307734,5,2014.33,411.26,0.4557,0
648,42843,5436,12,Employed,Mortgage,0.2022359844876416,0,3570.25,472.87,0.3347,0
632,144801,30034,24,Self-employed,Mortgage,0.5177622844282981,2,12066.75,1358.36,0.6303,0
603,91895,44966,84,Employed,Rent,0.1038742488796318,0,7657.92,700.85,0.1954,0
729,114447,18326,36,Employed,Rent,0.3455461548740323,5,9537.25,574.27,0.4058,1
631,56430,28700,36,Employed,Mortgage,0.2288498867320045,4,4702.5,899.35,0.4201,0
496,167176,26580,36,Employed,Mortgage,0.5496147317539497,1,13931.33,832.92,0.6094,0
455,115672,35475,84,Self-employed,Rent,0.0044159009300723,1,9639.33,552.92,0.0618,0
817,140463,9948,120,Employed,Own,0.3956040523588485,4,11705.25,120.7,0.4059,1
469,163912,14836,36,Employed,Own,0.3866353961467093,2,13659.33,464.91,0.4207,0
496,61531,14389,84,Unemployed,Mortgage,0.2518855745995514,4,5127.58,224.27,0.2956,0
476,47210,38958,120,Employed,Rent,0.2702395978773213,3,3934.17,472.67,0.3904,0
832,85937,3945,84,Employed,Own,0.4018891564742568,2,7161.42,61.49,0.4105,1
525,64992,48002,12,Retired,Rent,0.5708879830667861,2,5416.0,4175.62,1.3419,0
417,128468,31608,60,Employed,Own,0.5623492775925845,4,10705.67,640.9,0.6222,0
742,136297,15172,12,Retired,Rent,0.21736960098879,2,11358.08,1319.79,0.3336,1
659,172661,34717,24,Employed,Mortgage,0.537261372893565,3,14388.42,1570.16,0.6464,0
672,190593,33439,120,Employed,Own,0.1098583717336133,1,15882.75,405.71,0.1354,1
361,172492,21399,60,Employed,Rent,0.2821438479253904,4,14374.33,433.89,0.3123,0
448,145266,40490,24,Self-employed,Own,0.012710271848142,1,12105.5,1831.25,0.164,0
782,102645,18162,36,Self-employed,Own,0.5070905131081603,2,8553.75,569.13,0.5736,1
848,178645,33867,60,Unemployed,Mortgage,0.4338545557256403,5,14887.08,686.7,0.48,1
304,153509,21970,36,Employed,Own,0.4674060761216351,1,12792.42,688.46,0.5212,0
551,147337,47165,120,Self-employed,Rent,0.10875452869625,1,12278.08,572.24,0.1554,0
302,148169,8674,120,Unemployed,Rent,0.564768893426574,1,12347.42,105.24,0.5733,0
690,66322,38199,36,Employed,Mortgage,0.4841196485808501,0,5526.83,1197.02,0.7007,0
596,87931,22842,120,Employed,Own,0.5695155081811767,3,7327.58,277.14,0.6073,0
487,85699,15111,60,Employed,Mortgage,0.2398046071928786,3,7141.58,306.4,0.2827,0
656,65106,6825,120,Employed,Rent,0.2508154831088975,0,5425.5,82.81,0.2661,1
589,45682,5065,12,Employed,Mortgage,0.2812296439578182,1,3806.83,440.6,0.397,0
747,75140,39564,120,Employed,Own,0.4407182146935773,3,6261.67,480.02,0.5174,1
406,142829,37505,12,Retired,Own,0.1003864318354417,5,11902.42,3262.5,0.3745,0
730,65472,13619,60,Employed,Own,0.5613691785569015,0,5456.0,276.14,0.612,0
413,147962,25874,36,Employed,Rent,0.1410186662959053,0,12330.17,810.8,0.2068,0
617,172372,12055,24,Unemployed,Own,0.5432239510624434,5,14364.33,545.21,0.5812,0
449,133071,22278,84,Self-employed,Mortgage,0.4589540647963438,0,11089.25,347.23,0.4903,0
429,118761,19814,12,Self-employed,Own,0.0075776236012411,0,9896.75,1723.59,0.1817,0
601,26232,29061,60,Employed,Own,0.4096392098662566,0,2186.0,589.25,0.6792,0
325,104990,40309,12,Employed,Rent,0.2949713422179718,5,8749.17,3506.42,0.6957,0
308,134497,15262,84,Self-employed,Own,0.4232710769658034,2,11208.08,237.88,0.4445,0
434,135442,49246,120,Employed,Mortgage,0.5646532173848902,1,11286.83,597.49,0.6176,0
552,115488,22427,84,Unemployed,Rent,0.5368537201264068,3,9624.0,349.55,0.5732,0
389,148147,28802,24,Employed,Mortgage,0.5294256446147916,4,12345.58,1302.64,0.6349,0
474,25037,18923,36,Unemployed,Mortgage,0.4523022394938766,4,2086.42,592.98,0.7365,0
421,94462,7943,24,Employed,Mortgage,0.0491210589778422,3,7871.83,359.24,0.0948,0
603,160358,13163,120,Employed,Mortgage,0.4872814250705102,1,13363.17,159.7,0.4992,0
328,139668,16551,24,Self-employed,Mortgage,0.2053178474420195,0,11639.0,748.56,0.2696,0
351,130071,42413,36,Unemployed,Mortgage,0.5744239216586056,5,10839.25,1329.07,0.697,0
352,26797,46267,24,Employed,Rent,0.2372933994992087,0,2233.08,2092.53,1.1744,0
555,117100,10844,36,Employed,Rent,0.1265300915893918,2,9758.33,339.81,0.1614,0
783,148541,29501,24,Self-employed,Mortgage,0.0165322124713649,1,12378.42,1334.25,0.1243,1
533,196272,39455,36,Retired,Own,0.365083454397885,3,16356.0,1236.38,0.4407,0
534,137483,18547,60,Employed,Rent,0.1893883023543728,5,11456.92,376.07,0.2222,0
347,98287,13649,84,Self-employed,Own,0.1649715672447406,1,8190.58,212.74,0.1909,0
778,116470,1430,12,Employed,Own,0.2150885904489007,4,9705.83,124.39,0.2279,1
751,185434,24795,24,Employed,Mortgage,0.0590938032048779,3,15452.83,1121.41,0.1317,1
552,36679,18104,36,Self-employed,Rent,0.4218654991688733,2,3056.58,567.31,0.6075,0
839,171903,23643,84,Employed,Own,0.5950580799317416,0,14325.25,368.5,0.6208,0
546,141948,7925,84,Unemployed,Rent,0.3480333620571296,0,11829.0,123.52,0.3585,0
680,121772,45623,36,Employed,Rent,0.3891594016368706,5,10147.67,1429.66,0.53,1
544,89782,28004,12,Self-employed,Mortgage,0.4041440460371471,1,7481.83,2436.02,0.7297,0
424,23332,24561,12,Employed,Own,0.3393105290837568,2,1944.33,2136.52,1.4382,0
695,191095,38985,120,Self-employed,Mortgage,0.1403967642908372,1,15924.58,473.0,0.1701,1
500,177093,18887,12,Retired,Mortgage,0.2641113938704614,2,14757.75,1642.95,0.3754,0
826,127676,38809,36,Self-employed,Mortgage,0.275580786812293,3,10639.67,1216.13,0.3899,1
558,106871,32600,60,Employed,Own,0.1112627956323234,5,8905.92,661.01,0.1855,0
475,150947,12963,24,Self-employed,Mortgage,0.3369205760489362,0,12578.92,586.28,0.3835,0
598,138049,22522,12,Employed,Rent,0.3769047079675029,3,11504.08,1959.15,0.5472,0
600,160287,32844,120,Employed,Own,0.541162738116431,2,13357.25,398.49,0.571,0
360,166136,6530,120,Employed,Mortgage,0.559553665890202,5,13844.67,79.23,0.5653,0
396,60546,9200,120,Employed,Own,0.2814298403375342,5,5045.5,111.62,0.3036,0
614,140098,12299,60,Retired,Own,0.5672061651964034,2,11674.83,249.38,0.5886,0
608,126407,24343,120,Employed,Rent,0.0287389593930885,2,10533.92,295.35,0.0568,0
342,58995,34995,60,Employed,Mortgage,0.4880001218464133,2,4916.25,709.57,0.6323,0
384,194908,22325,60,Employed,Own,0.2529503877380762,4,16242.33,452.67,0.2808,0
630,135451,43643,24,Employed,Rent,0.2540976590879075,1,11287.58,1973.85,0.429,0
447,115121,18396,24,Employed,Mortgage,0.3783144541886627,0,9593.42,832.0,0.465,0
735,190300,31206,12,Employed,Rent,0.3274201866665726,0,15858.33,2714.56,0.4986,1
653,62302,45229,24,Self-employed,Mortgage,0.5965384887483889,2,5191.83,2045.59,0.9905,0
842,177052,2374,120,Employed,Mortgage,0.4537335835484495,1,14754.33,28.8,0.4557,1
758,58372,48551,36,Employed,Rent,0.08597358243379,4,4864.33,1521.41,0.3987,1
751,157197,25657,120,Self-employed,Own,0.2785170823373629,1,13099.75,311.29,0.3023,1
318,127977,25542,60,Employed,Rent,0.1770052809366113,3,10664.75,517.9,0.2256,0
556,130727,48399,84,Employed,Mortgage,0.0361567211075595,0,10893.92,754.36,0.1054,0
697,169441,34088,24,Employed,Own,0.5350159332851625,0,14120.08,1541.71,0.6442,0
535,102024,35886,12,Employed,Rent,0.3481876093010725,4,8502.0,3121.67,0.7154,0
634,88115,23432,84,Unemployed,Mortgage,0.5494428009940989,2,7342.92,365.22,0.5992,0
646,95190,16113,60,Employed,Own,0.4960063160924911,4,7932.5,326.71,0.5372,0
317,53566,26839,84,Employed,Mortgage,0.3475322813912049,5,4463.83,418.32,0.4412,0
412,102489,46844,12,Employed,Own,0.1678699632743218,0,8540.75,4074.89,0.645,0
354,188211,1784,60,Unemployed,Mortgage,0.3210795305015931,4,15684.25,36.17,0.3234,0
595,29159,32342,24,Employed,Rent,0.2099290575350244,1,2429.92,1462.74,0.8119,0
527,120252,46617,84,Self-employed,Rent,0.4096388472888164,1,10021.0,726.58,0.4821,0
542,175469,33847,12,Employed,Rent,0.3643564890620427,5,14622.42,2944.3,0.5657,0
799,154782,35546,36,Self-employed,Own,0.3821133944538184,3,12898.5,1113.88,0.4685,1
612,149681,38459,60,Retired,Mortgage,0.0140377983384636,5,12473.42,779.81,0.0766,0
543,172855,7163,120,Employed,Mortgage,0.1806591598029577,0,14404.58,86.91,0.1867,0
826,106047,37023,36,Employed,Mortgage,0.4644020247308157,1,8837.25,1160.17,0.5957,1
618,141508,32852,24,Unemployed,Rent,0.5416556602572056,3,11792.33,1485.81,0.6677,0
683,103223,29683,120,Employed,Own,0.1513310776719845,4,8601.92,360.14,0.1932,1
641,135082,33409,84,Employed,Mortgage,0.1249025801315836,2,11256.83,520.72,0.1712,0
357,110571,22263,12,Retired,Own,0.2723811251564525,5,9214.25,1936.62,0.4826,0
483,83868,20414,60,Employed,Mortgage,0.4714175345689146,1,6989.0,413.92,0.5306,0
707,187824,45723,120,Self-employed,Rent,0.3164694431249475,2,15652.0,554.75,0.3519,1
728,110669,31116,12,Employed,Rent,0.2807120804258083,4,9222.42,2706.73,0.5742,1
312,140149,49192,36,Self-employed,Own,0.5326831259072464,0,11679.08,1541.5,0.6647,0
435,65098,49569,60,Employed,Rent,0.3800643870486037,1,5424.83,1005.08,0.5653,0
806,169073,46580,24,Self-employed,Mortgage,0.3142758880935896,2,14089.42,2106.69,0.4638,1
546,116362,28469,12,Employed,Own,0.0268877564868798,4,9696.83,2476.47,0.2823,0
356,32954,43708,12,Retired,Rent,0.2143581018782382,3,2746.17,3802.09,1.5989,0
346,138012,13788,24,Self-employed,Rent,0.021058580959843,2,11501.0,623.59,0.0753,0
505,153436,18535,120,Employed,Rent,0.4597919287824537,1,12786.33,224.88,0.4774,0
464,107443,24800,36,Employed,Rent,0.200725154026025,0,8953.58,777.14,0.2875,0
538,148478,27075,120,Employed,Rent,0.0060778790166627,2,12373.17,328.49,0.0326,0
695,57957,45578,60,Self-employed,Rent,0.4709198785395169,0,4829.75,924.16,0.6623,0
657,134049,27356,36,Employed,Mortgage,0.2801306153502357,0,11170.75,857.24,0.3569,1
590,107568,35646,36,Employed,Own,0.2394555762733126,2,8964.0,1117.02,0.3641,0
819,173680,6350,24,Employed,Rent,0.0938624072041639,2,14473.33,287.19,0.1137,1
358,94587,44468,84,Employed,Rent,0.1507010937927377,3,7882.25,693.09,0.2386,0
816,91677,4265,60,Employed,Rent,0.5289197901290935,1,7639.75,86.48,0.5402,1
402,190772,5827,36,Unemployed,Rent,0.0142241589658947,5,15897.67,182.6,0.0257,0
356,83293,29347,60,Retired,Rent,0.1040139555139909,5,6941.08,595.05,0.1897,0
356,32587,13086,120,Self-employed,Rent,0.5662297543452882,4,2715.58,158.77,0.6247,0
806,62706,15277,12,Self-employed,Own,0.3344809024389982,3,5225.5,1328.92,0.5888,1
571,157848,24362,36,Employed,Rent,0.4344935465199842,3,13154.0,763.42,0.4925,0
328,59676,18767,84,Employed,Mortgage,0.5979759184650062,3,4973.0,292.51,0.6568,0
836,111312,2618,36,Employed,Own,0.3823728181074248,4,9276.0,82.04,0.3912,1
301,47028,20139,120,Retired,Mortgage,0.495065907623506,1,3919.0,244.34,0.5574,0
659,63901,22785,120,Unemployed,Own,0.5313045918632135,4,5325.08,276.44,0.5832,1
386,29227,32187,12,Self-employed,Rent,0.2965903830394168,5,2435.58,2799.9,1.4462,0
478,74457,19813,12,Employed,Rent,0.1630798887849015,1,6204.75,1723.5,0.4409,0
731,178020,20983,36,Employed,Rent,0.062493059791596,0,14835.0,657.53,0.1068,1
376,25753,46018,60,Self-employed,Rent,0.0738312752231167,4,2146.08,933.08,0.5086,0
816,167773,14654,120,Employed,Mortgage,0.2527386362742354,5,13981.08,177.79,0.2655,1
676,131395,47777,60,Unemployed,Rent,0.0026813920119426,4,10949.58,968.75,0.0912,1
416,178664,46021,36,Self-employed,Rent,0.0933208914460025,1,14888.67,1442.13,0.1902,0
320,172010,13207,60,Unemployed,Rent,0.0045112562610873,5,14334.17,267.79,0.0232,0
356,141629,16865,60,Unemployed,Own,0.3870208577563805,5,11802.42,341.96,0.416,0
756,112564,44238,36,Employed,Rent,0.0054960672643467,5,9380.33,1386.26,0.1533,1
404,46548,16332,36,Employed,Mortgage,0.4002021195775204,5,3879.0,511.79,0.5321,0
388,96764,3238,84,Employed,Rent,0.0170498085881773,2,8063.67,50.47,0.0233,0
743,148652,26820,120,Unemployed,Own,0.3863078572677705,1,12387.67,325.4,0.4126,1
505,116770,27738,12,Employed,Rent,0.2691003791730509,5,9730.83,2412.89,0.5171,0
511,150182,13978,24,Self-employed,Rent,0.1718274214417733,3,12515.17,632.19,0.2223,0
542,154424,12776,60,Self-employed,Rent,0.1287603718409656,3,12868.67,259.05,0.1489,0
685,129601,29501,36,Employed,Rent,0.0301686569816385,0,10800.08,924.45,0.1158,1
755,119228,22432,12,Employed,Rent,0.5021298592583214,4,9935.67,1951.32,0.6985,0
780,137942,2074,12,Employed,Rent,0.3023296829602475,3,11495.17,180.41,0.318,1
664,172068,13952,120,Employed,Rent,0.1313662918559876,2,14339.0,169.28,0.1432,1
720,72784,48708,12,Unemployed,Mortgage,0.5603638281522176,3,6065.33,4237.03,1.2589,0
620,169089,21009,84,Unemployed,Own,0.4059362891030042,3,14090.75,327.45,0.4292,0
303,36242,4668,12,Employed,Rent,0.2250234864648021,2,3020.17,406.06,0.3595,0
480,63833,39635,60,Employed,Rent,0.2165886464084997,3,5319.42,803.65,0.3677,0
604,156248,40802,24,Employed,Rent,0.4343628104951059,5,13020.67,1845.36,0.5761,0
643,125707,3050,120,Employed,Rent,0.2502904465739323,2,10475.58,37.0,0.2538,0
322,189774,49057,12,Employed,Own,0.1635947153379187,3,15814.5,4267.39,0.4334,0
748,57284,26062,60,Self-employed,Own,0.3396182274633846,3,4773.67,528.44,0.4503,1
433,161117,22746,60,Employed,Mortgage,0.4468403264842903,3,13426.42,461.21,0.4812,0
588,59991,43983,60,Retired,Rent,0.2337774247880256,3,4999.25,891.82,0.4122,0
711,144097,40151,120,Unemployed,Own,0.0920714804264356,5,12008.08,487.14,0.1326,1
317,48067,18833,60,Employed,Rent,0.585855513736483,2,4005.58,381.87,0.6812,0
743,185703,48462,120,Employed,Mortgage,0.2658608961525048,5,15475.25,587.98,0.3039,1
475,65871,12542,24,Employed,Mortgage,0.3157368987456181,3,5489.25,567.24,0.4191,0
667,68312,3026,24,Employed,Rent,0.5434777452654395,4,5692.67,136.86,0.5675,1
375,165080,9192,84,Employed,Rent,0.3739024203068993,5,13756.67,143.27,0.3843,0
602,69181,44989,12,Employed,Rent,0.2866549705049404,1,5765.08,3913.52,0.9655,0
655,142503,26101,120,Employed,Mortgage,0.4877582788775527,3,11875.25,316.68,0.5144,1
368,96413,38711,84,Retired,Own,0.1674818452900869,0,8034.42,603.36,0.2426,0
709,81881,36883,36,Employed,Own,0.1446862095737673,3,6823.42,1155.78,0.3141,1
323,50539,16283,12,Unemployed,Mortgage,0.3872641267199293,2,4211.58,1416.43,0.7236,0
550,172336,25506,84,Self-employed,Rent,0.5019841342619152,1,14361.33,397.54,0.5297,0
491,156526,34923,36,Employed,Rent,0.3099659440299185,4,13043.83,1094.36,0.3939,0
817,185969,14997,120,Employed,Own,0.1696989332801703,1,15497.42,181.95,0.1814,1
322,21340,5217,84,Employed,Mortgage,0.164706549393562,3,1778.33,81.31,0.2104,0
725,159488,11231,84,Unemployed,Rent,0.0255881351183688,5,13290.67,175.05,0.0388,1
630,64233,41201,84,Employed,Own,0.4744631266056646,4,5352.75,642.17,0.5944,0
830,164174,7901,84,Employed,Own,0.4030053196138448,3,13681.17,123.15,0.412,1
776,169217,43388,12,Employed,Rent,0.4282636676218527,2,14101.42,3774.25,0.6959,0
647,125001,49121,120,Self-employed,Mortgage,0.5888501382024423,2,10416.75,595.97,0.6461,0
777,88026,25709,60,Employed,Mortgage,0.0203233680035616,1,7335.5,521.29,0.0914,1
518,70633,19677,36,Employed,Rent,0.3053492920466737,2,5886.08,616.61,0.4101,0
737,88340,2908,60,Unemployed,Mortgage,0.4894933815478104,3,7361.67,58.96,0.4975,1
556,142763,21998,24,Retired,Rent,0.587779675338491,5,11896.92,994.91,0.6714,0
312,139605,11690,36,Employed,Own,0.3625812052481195,4,11633.75,366.32,0.3941,0
302,74477,21880,60,Employed,Own,0.4794060258592433,2,6206.42,443.65,0.5509,0
765,142322,13641,12,Self-employed,Rent,0.0214006967000524,2,11860.17,1186.61,0.1215,1
775,161065,3052,12,Retired,Rent,0.5651275681263535,2,13422.08,265.49,0.5849,1
551,98084,44223,24,Employed,Mortgage,0.5033468806599191,2,8173.67,2000.09,0.748,0
392,150096,18113,120,Employed,Mortgage,0.2324863975854756,5,12508.0,219.76,0.2501,0
757,137831,27841,24,Self-employed,Rent,0.4490285800804755,3,11485.92,1259.17,0.5587,1
412,199426,37447,84,Employed,Mortgage,0.2281237009572247,2,16618.83,583.66,0.2632,0
834,85638,49002,36,Employed,Own,0.3095486338448576,0,7136.5,1535.54,0.5247,1
361,42733,1204,12,Employed,Own,0.470071960966503,1,3561.08,104.73,0.4995,0
784,166669,41070,36,Employed,Rent,0.212686811082672,3,13889.08,1286.98,0.3053,1
597,187474,45386,120,Employed,Rent,0.3009333910986882,4,15622.83,550.66,0.3362,0
656,60495,17781,60,Employed,Rent,0.0244896669649294,3,5041.25,360.53,0.096,1
476,55578,12728,36,Self-employed,Rent,0.1633947840948297,4,4631.5,398.85,0.2495,0
795,106785,43211,120,Unemployed,Rent,0.2768324795591753,5,8898.75,524.27,0.3357,1
801,114012,33630,24,Unemployed,Rent,0.2909381150586057,4,9501.0,1520.99,0.451,1
529,108565,15789,24,Self-employed,Own,0.3669385360487532,1,9047.08,714.09,0.4459,0
499,154762,31637,84,Employed,Rent,0.3936749805591079,4,12896.83,493.1,0.4319,0
567,170979,13846,12,Employed,Mortgage,0.4349360215761623,2,14248.25,1204.44,0.5195,0
646,88677,36846,60,Employed,Mortgage,0.1583673361929705,2,7389.75,747.1,0.2595,0
628,26535,45866,36,Self-employed,Own,0.5177502159924674,5,2211.25,1437.27,1.1677,0
808,186174,39679,36,Unemployed,Rent,0.0223253836676678,0,15514.5,1243.4,0.1025,1
828,58439,48481,12,Employed,Own,0.3911166318999901,3,4869.92,4217.29,1.2571,0
484,40885,38273,12,Employed,Rent,0.1794788375144879,1,3407.08,3329.31,1.1567,0
396,110187,4752,36,Employed,Rent,0.5125605093673581,4,9182.25,148.91,0.5288,0
472,88876,22525,84,Self-employed,Own,0.348616146285713,2,7406.33,351.08,0.396,0
799,90550,26087,60,Employed,Rent,0.2339143634445968,4,7545.83,528.95,0.304,1
787,88974,43186,84,Retired,Own,0.3541156869548564,1,7414.5,673.11,0.4449,1
517,179932,11598,60,Employed,Mortgage,0.1040183634093432,3,14994.33,235.17,0.1197,0
669,73092,2331,60,Employed,Rent,0.4354495353588334,0,6091.0,47.26,0.4432,1
648,155295,4407,84,Retired,Mortgage,0.4530680328150326,5,12941.25,68.69,0.4584,0
841,161332,27638,84,Retired,Own,0.2829354691664107,5,13444.33,430.77,0.315,1
700,113497,8701,120,Self-employed,Mortgage,0.5743516055711531,4,9458.08,105.57,0.5855,1
411,83461,46527,24,Retired,Own,0.590287828281161,5,6955.08,2104.29,0.8928,0
309,34436,18928,24,Retired,Own,0.4609471749335513,1,2869.67,856.06,0.7593,0
530,135632,38034,120,Self-employed,Rent,0.098437124792732,4,11302.67,461.46,0.1393,0
358,93303,3271,60,Employed,Mortgage,0.4558575442418414,1,7775.25,66.32,0.4644,0
823,140039,10374,120,Unemployed,Rent,0.4836895350060105,4,11669.92,125.87,0.4945,1
450,70772,10067,84,Unemployed,Rent,0.504101963099911,0,5897.67,156.91,0.5307,0
784,83602,17190,120,Self-employed,Own,0.2362383874856514,3,6966.83,208.56,0.2662,1
729,59917,27533,36,Self-employed,Rent,0.3072546620128093,2,4993.08,862.78,0.48,1
308,114125,11501,36,Self-employed,Mortgage,0.5010187988439889,0,9510.42,360.4,0.5389,0
565,193127,49202,60,Employed,Own,0.3125104930789434,3,16093.92,997.64,0.3745,0
352,48887,13300,84,Self-employed,Rent,0.1159198686633204,5,4073.92,207.3,0.1668,0
410,129904,22536,12,Employed,Mortgage,0.5983632664331321,1,10825.33,1960.37,0.7795,0
733,161581,37255,84,Employed,Rent,0.409215488682218,4,13465.08,580.66,0.4523,1
554,170560,22928,12,Self-employed,Rent,0.182328752103196,5,14213.33,1994.47,0.3227,0
459,39215,36424,24,Unemployed,Own,0.1438802465526992,2,3267.92,1647.36,0.648,0
704,154479,1037,24,Unemployed,Rent,0.1714122091996188,4,12873.25,46.9,0.1751,1
821,180865,17482,120,Self-employed,Own,0.2669905826291687,2,15072.08,212.1,0.2811,1
489,155542,43043,84,Self-employed,Own,0.3720959221849199,5,12961.83,670.88,0.4239,0
781,55628,41891,12,Unemployed,Rent,0.5413669166228026,1,4635.67,3644.03,1.3275,0
555,108685,22550,36,Employed,Own,0.2384275809852024,2,9057.08,706.64,0.3164,0
555,193143,37263,36,Employed,Mortgage,0.5467649654102191,1,16095.25,1167.69,0.6193,0
769,113256,23400,120,Employed,Rent,0.2507824675564247,0,9438.0,283.91,0.2809,1
574,120679,20413,120,Employed,Own,0.5685908343463193,0,10056.58,247.67,0.5932,0
404,138759,23627,36,Employed,Mortgage,0.2402897627935647,2,11563.25,740.38,0.3043,0
685,165843,9567,84,Employed,Rent,0.1693230596110147,2,13820.25,149.11,0.1801,1
572,51519,22582,12,Self-employed,Rent,0.307360976462572,3,4293.25,1964.37,0.7649,0
581,150022,6509,12,Self-employed,Own,0.545409199352275,1,12501.83,566.21,0.5907,0
793,191004,1886,60,Retired,Mortgage,0.2245481492074889,2,15917.0,38.24,0.227,1
755,169232,44402,36,Employed,Mortgage,0.4721292036426052,4,14102.67,1391.4,0.5708,1
341,194418,25058,12,Self-employed,Own,0.2095265043227,2,16201.5,2179.76,0.3441,0
443,23868,24977,60,Retired,Mortgage,0.038793565757487,5,1989.0,506.44,0.2934,0
623,60206,15205,12,Retired,Mortgage,0.3072987169948354,0,5017.17,1322.66,0.5709,0
376,146678,44149,12,Employed,Rent,0.1685195114528377,2,12223.17,3840.45,0.4827,0
567,23430,39356,24,Unemployed,Mortgage,0.0553316695500898,5,1952.5,1779.97,0.967,0
312,190468,31615,120,Unemployed,Mortgage,0.1111680008550145,5,15872.33,383.58,0.1353,0
371,99689,40610,84,Self-employed,Rent,0.2154772545069667,3,8307.42,632.96,0.2917,0
463,136354,25896,60,Employed,Mortgage,0.5543912344751588,0,11362.83,525.08,0.6006,0
809,178389,36165,120,Self-employed,Mortgage,0.3426321638533408,1,14865.75,438.78,0.3721,1
647,85919,28757,60,Self-employed,Rent,0.1471982182355214,4,7159.92,583.09,0.2286,0
571,63433,44038,24,Employed,Rent,0.4346257836971192,4,5286.08,1991.72,0.8114,0
800,71563,46549,12,Employed,Mortgage,0.1103363528989639,2,5963.58,4049.22,0.7893,0
627,120658,12199,60,Self-employed,Mortgage,0.1950565876891669,4,10054.83,247.35,0.2197,0
824,26280,7698,120,Self-employed,Own,0.1124229235504687,1,2190.0,93.4,0.1551,0
311,144693,29750,84,Unemployed,Own,0.5872192806298772,5,12057.75,463.69,0.6257,0
819,78239,7957,120,Employed,Own,0.3327725116825768,4,6519.92,96.54,0.3476,1
800,152688,49770,12,Self-employed,Own,0.2692229512809523,1,12724.0,4329.41,0.6095,0
756,103222,2787,60,Employed,Rent,0.104659918471732,0,8601.83,56.51,0.1112,1
614,116335,35456,24,Employed,Own,0.5962470850589185,5,9694.58,1603.58,0.7617,0
434,85407,41310,84,Self-employed,Rent,0.0732872969061359,3,7117.25,643.87,0.1638,0
591,175269,38385,12,Employed,Own,0.2712428961893299,3,14605.75,3339.05,0.4999,0
773,20332,22784,60,Retired,Rent,0.4260255562946662,1,1694.33,461.98,0.6987,0
836,131366,38274,36,Self-employed,Own,0.0693496499063271,0,10947.17,1199.37,0.1789,1
660,116420,9433,84,Employed,Rent,0.1017357477569615,5,9701.67,147.02,0.1169,1
748,172324,1900,36,Self-employed,Own,0.2583352450656749,1,14360.33,59.54,0.2625,1
775,86129,49126,120,Employed,Rent,0.1759267578258858,2,7177.42,596.03,0.259,1
308,157653,22688,12,Employed,Mortgage,0.4951216185887176,3,13137.75,1973.59,0.6453,0
372,35555,6319,60,Employed,Rent,0.1273037280268287,0,2962.92,128.13,0.1705,0
448,98007,26473,60,Retired,Rent,0.5674680947949643,4,8167.25,536.78,0.6332,0
315,176896,15001,84,Self-employed,Rent,0.241016619134492,1,14741.33,233.81,0.2569,0
447,88729,32951,36,Employed,Rent,0.1218393953149254,3,7394.08,1032.56,0.2615,0
822,89073,14186,120,Employed,Rent,0.1124829300358303,1,7422.75,172.12,0.1357,1
578,134594,32580,36,Employed,Mortgage,0.040069812488768,2,11216.17,1020.94,0.1311,0
578,170896,29905,120,Employed,Rent,0.3397736276531402,0,14241.33,362.83,0.3653,0
521,108286,40579,84,Employed,Rent,0.2048522009236,0,9023.83,632.47,0.2749,0
370,115608,12199,84,Employed,Own,0.4809939701538812,3,9634.0,190.14,0.5007,0
733,126566,1749,24,Employed,Rent,0.2642058554209388,5,10547.17,79.1,0.2717,1
787,100171,17737,36,Employed,Rent,0.5943084026478793,3,8347.58,555.81,0.6609,0
816,47486,41372,24,Self-employed,Mortgage,0.2896221720129104,1,3957.17,1871.14,0.7625,0
483,184709,18911,12,Employed,Rent,0.4032166468302598,4,15392.42,1645.04,0.5101,0
757,95339,49287,24,Employed,Own,0.2607480594277527,5,7944.92,2229.12,0.5413,1
849,76023,4491,120,Employed,Own,0.048680108877839,2,6335.25,54.49,0.0573,1
359,165104,1533,36,Employed,Rent,0.0938537665209178,1,13758.67,48.04,0.0973,0
430,55980,12990,60,Employed,Rent,0.5041640233217339,4,4665.0,263.39,0.5606,0
329,66902,6115,36,Employed,Rent,0.3728994171520364,1,5575.17,191.62,0.4073,0
720,90821,31634,84,Employed,Mortgage,0.067257928280615,0,7568.42,493.05,0.1324,1
577,116482,43031,120,Employed,Own,0.469008757755331,2,9706.83,522.08,0.5228,0
341,52581,29607,24,Retired,Own,0.4470800112596374,3,4381.75,1339.04,0.7527,0
595,135045,4141,24,Retired,Rent,0.1537769142484502,5,11253.75,187.29,0.1704,0
493,85244,31242,120,Self-employed,Rent,0.4607449720423472,0,7103.67,379.05,0.5141,0
339,164997,36153,120,Self-employed,Rent,0.3236333215885384,1,13749.75,438.64,0.3555,0
746,90636,27500,60,Unemployed,Mortgage,0.2266127990965249,0,7553.0,557.6,0.3004,1
368,42373,32350,120,Employed,Own,0.2832327830915928,1,3531.08,392.49,0.3944,0
503,181467,18599,36,Employed,Own,0.277877393118547,2,15122.25,582.83,0.3164,0
429,158929,38396,12,Employed,Rent,0.3681987100170555,4,13244.08,3340.01,0.6204,0
473,52901,49741,36,Employed,Own,0.2392846105398581,5,4408.42,1558.7,0.5929,0
370,111410,12678,84,Self-employed,Rent,0.217168149033124,3,9284.17,197.6,0.2385,0
738,65575,21363,12,Retired,Own,0.0959042926275072,2,5464.58,1858.33,0.436,1
435,63559,23503,24,Employed,Rent,0.2148997684781969,1,5296.58,1062.98,0.4156,0
603,98583,45669,12,Employed,Own,0.3644048355607643,2,8215.25,3972.67,0.848,0
679,77110,15605,120,Self-employed,Rent,0.3006274241442646,1,6425.83,189.33,0.3301,1
735,173043,48368,12,Self-employed,Rent,0.0465822925128138,2,14420.25,4207.46,0.3384,1
720,149244,38290,120,Unemployed,Mortgage,0.4237837153727378,1,12437.0,464.56,0.4611,1
373,75722,17820,84,Retired,Mortgage,0.5477866772657244,0,6310.17,277.75,0.5918,0
840,172999,28489,84,Retired,Own,0.2257866961951512,2,14416.58,444.04,0.2566,1
529,25973,25677,24,Unemployed,Own,0.3346082306081382,0,2164.42,1161.3,0.8711,0
613,167374,30204,36,Retired,Rent,0.1007512327892359,4,13947.83,946.48,0.1686,0
819,98789,27115,24,Employed,Own,0.082732259051919,5,8232.42,1226.34,0.2317,1
744,147619,11472,84,Employed,Own,0.0783847289421241,0,12301.58,178.81,0.0929,1
699,89025,1855,36,Employed,Rent,0.4075725713205315,2,7418.75,58.13,0.4154,1
546,177656,23317,36,Employed,Rent,0.0543292443519574,5,14804.67,730.67,0.1037,0
571,163645,7166,12,Employed,Own,0.3634307375177737,5,13637.08,623.36,0.4091,0
780,150663,33520,24,Employed,Mortgage,0.3923568476757733,0,12555.25,1516.02,0.5131,1
742,105751,2784,60,Employed,Rent,0.2978301292279953,5,8812.58,56.45,0.3042,1
457,145068,15902,12,Unemployed,Mortgage,0.1641939165650419,2,12089.0,1383.29,0.2786,0
582,151239,6687,24,Employed,Mortgage,0.56333127364898,2,12603.25,302.43,0.5873,0
722,135730,28739,24,Self-employed,Rent,0.4986624734765784,0,11310.83,1299.79,0.6136,0
314,176590,26997,120,Employed,Rent,0.1260511474535275,4,14715.83,327.55,0.1483,0
695,114689,30651,36,Employed,Rent,0.3138863820526393,0,9557.42,960.49,0.4144,1
689,178426,14304,36,Employed,Own,0.5399847968497173,4,14868.83,448.24,0.5701,1
747,27941,32971,36,Unemployed,Rent,0.1291898891662899,4,2328.42,1033.19,0.5729,0
419,179949,11924,36,Self-employed,Mortgage,0.0627017448994889,0,14995.75,373.65,0.0876,0
672,122656,5342,120,Employed,Rent,0.3316135799959613,0,10221.33,64.81,0.338,1
655,97480,34097,60,Employed,Own,0.5674756934530566,0,8123.33,691.36,0.6526,0
772,26938,3455,120,Self-employed,Rent,0.0069626743781986,3,2244.83,41.92,0.0256,0
601,135233,13725,36,Retired,Rent,0.2278310803321021,1,11269.42,430.09,0.266,0
799,142015,11292,12,Retired,Mortgage,0.3492749424077218,0,11834.58,982.27,0.4323,1
303,121657,15907,36,Self-employed,Own,0.2182612300724307,4,10138.08,498.47,0.2674,0
567,141837,18136,60,Retired,Mortgage,0.5535812980194561,2,11819.75,367.73,0.5847,0
734,111043,8326,120,Self-employed,Mortgage,0.3704560791497996,3,9253.58,101.02,0.3814,1
751,130533,8477,36,Employed,Rent,0.4341596936378143,3,10877.75,265.64,0.4586,1
544,192698,40164,84,Self-employed,Mortgage,0.4373973877737215,5,16058.17,626.0,0.4764,0
812,69999,46587,60,Employed,Own,0.3614618861453575,0,5833.25,944.62,0.5234,1
767,195595,5922,120,Retired,Rent,0.482228358268491,4,16299.58,71.85,0.4866,1
753,153057,12372,84,Unemployed,Mortgage,0.1830626794350575,3,12754.75,192.83,0.1982,1
496,99306,37291,36,Employed,Own,0.5349295931202788,3,8275.5,1168.56,0.6761,0
766,156542,9051,12,Employed,Own,0.4693699550363873,4,13045.17,787.33,0.5297,1
767,81477,20235,120,Self-employed,Rent,0.4297318262335243,2,6789.75,245.51,0.4659,1
633,29638,3445,36,Employed,Rent,0.1800319135996257,2,2469.83,107.95,0.2237,0
788,159873,48721,12,Employed,Own,0.5629201451253447,5,13322.75,4238.16,0.881,0
511,93571,29054,12,Employed,Mortgage,0.0131446338167625,1,7797.58,2527.36,0.3373,0
711,142186,14375,60,Employed,Own,0.1393305737080661,5,11848.83,291.47,0.1639,1
494,97276,22630,12,Self-employed,Rent,0.2239098956138885,1,8106.33,1968.55,0.4668,0
635,55386,11000,120,Self-employed,Own,0.2066997671259408,1,4615.5,133.46,0.2356,0
710,129724,25998,24,Self-employed,Own,0.3098400534906491,5,10810.33,1175.82,0.4186,1
809,121672,46177,84,Employed,Rent,0.2131383379374873,0,10139.33,719.72,0.2841,1
628,97117,44837,84,Employed,Rent,0.1485993008753309,4,8093.08,698.84,0.2349,0
731,128550,6125,60,Retired,Mortgage,0.4412638463150068,1,10712.5,124.19,0.4529,1
716,68127,42022,24,Employed,Mortgage,0.1508796750101274,2,5677.25,1900.54,0.4856,1
368,176549,7524,120,Employed,Rent,0.3276346450628395,1,14712.42,91.29,0.3338,0
731,78580,40551,36,Employed,Rent,0.2313994856362821,5,6548.33,1270.72,0.4255,1
405,163067,22695,60,Employed,Rent,0.164844158676519,1,13588.92,460.17,0.1987,0
313,195564,34322,120,Employed,Own,0.4656721884555081,0,16297.0,416.42,0.4912,0
803,146679,43747,84,Self-employed,Own,0.5538163582589798,4,12223.25,681.85,0.6096,0
637,118644,5916,60,Employed,Mortgage,0.3007101681397824,3,9887.0,119.96,0.3128,0
740,77832,8288,24,Self-employed,Rent,0.4398374117446189,4,6486.0,374.84,0.4976,1
709,153587,11057,12,Retired,Rent,0.5815180059089646,5,12798.92,961.83,0.6567,0
357,49638,13957,60,Self-employed,Own,0.4532518637187635,3,4136.5,283.0,0.5217,0
677,113647,25520,120,Employed,Rent,0.2191452488928157,3,9470.58,309.63,0.2518,1
552,179175,10872,36,Employed,Rent,0.0768981473464847,5,14931.25,340.69,0.0997,0
561,57016,16070,24,Self-employed,Mortgage,0.0815889065326567,1,4751.33,726.8,0.2346,0
764,20913,23613,24,Employed,Own,0.5870245233959702,2,1742.75,1067.95,1.1998,0
587,85302,17225,12,Employed,Mortgage,0.5335838469397273,3,7108.5,1498.38,0.7444,0
626,143173,14706,36,Employed,Own,0.144977069631624,1,11931.08,460.83,0.1836,0
823,92680,2673,60,Retired,Rent,0.1871274415971309,0,7723.33,54.2,0.1941,1
798,70870,17157,60,Self-employed,Own,0.2131164984419791,5,5905.83,347.88,0.272,1
403,164621,34511,84,Employed,Mortgage,0.0548492700456541,2,13718.42,537.9,0.0941,0
824,49500,12183,12,Retired,Mortgage,0.3991636053652712,0,4125.0,1059.78,0.6561,0
392,168068,48750,36,Self-employed,Mortgage,0.2219635957444872,0,14005.67,1527.65,0.331,0
567,107701,1055,36,Self-employed,Mortgage,0.3549508745123782,5,8975.08,33.06,0.3586,0
667,92491,15526,120,Employed,Own,0.4607136995345121,4,7707.58,188.37,0.4852,1
477,40115,46513,24,Employed,Rent,0.1721321325935723,3,3342.92,2103.66,0.8014,0
317,55567,41281,60,Employed,Mortgage,0.3606653639588009,4,4630.58,837.03,0.5414,0
833,92182,45942,12,Retired,Own,0.311637212737087,1,7681.83,3996.42,0.8319,0
341,114543,45523,36,Employed,Rent,0.3303877358259741,5,9545.25,1426.53,0.4798,0
490,55610,40911,120,Retired,Own,0.433957293524272,2,4634.17,496.36,0.5411,0
435,70436,37001,84,Employed,Mortgage,0.2754130246316928,5,5869.67,576.71,0.3737,0
378,156089,49050,36,Employed,Mortgage,0.4313230725666264,4,13007.42,1537.05,0.5495,0
631,100088,21135,84,Employed,Own,0.4173854557223234,4,8340.67,329.41,0.4569,0
752,190059,22146,24,Employed,Rent,0.0917771233317905,5,15838.25,1001.6,0.155,1
575,147136,46530,84,Employed,Own,0.3800858973220687,3,12261.33,725.23,0.4392,0
362,175299,8919,24,Employed,Rent,0.3368453758216679,0,14608.25,403.38,0.3645,0
514,94939,31098,24,Employed,Mortgage,0.2968144643974938,5,7911.58,1406.48,0.4746,0
681,181315,1356,24,Employed,Own,0.5078014863423664,5,15109.58,61.33,0.5119,1
689,39110,1987,12,Employed,Rent,0.1686533865024362,0,3259.17,172.85,0.2217,0
734,143156,20578,84,Employed,Own,0.2993374584378413,0,11929.67,320.73,0.3262,1
438,167386,43013,24,Unemployed,Own,0.5154977892330314,2,13948.83,1945.36,0.655,0
646,129287,34598,36,Employed,Mortgage,0.3497508697080579,5,10773.92,1084.18,0.4504,0
389,53628,18540,60,Employed,Rent,0.0073703629821481,3,4469.0,375.92,0.0915,0
310,29784,9026,36,Employed,Own,0.4829001710426836,2,2482.0,282.84,0.5969,0
693,103628,19034,120,Employed,Rent,0.440129620317308,2,8635.67,230.93,0.4669,1
590,92019,31285,12,Self-employed,Mortgage,0.3197420939402858,0,7668.25,2721.43,0.6746,0
337,179191,34984,120,Self-employed,Own,0.2718206985378514,1,14932.58,424.45,0.3002,0
701,82244,39875,36,Unemployed,Mortgage,0.2666656866135076,3,6853.67,1249.54,0.449,1
716,167668,5593,24,Employed,Own,0.1327386535972808,0,13972.33,252.96,0.1508,1
543,192944,31164,12,Employed,Own,0.4412008908607633,4,16078.67,2710.91,0.6098,0
308,70512,12167,120,Unemployed,Rent,0.4123431259707718,4,5876.0,147.62,0.4375,0
422,192190,18740,12,Self-employed,Own,0.2599435996903524,0,16015.83,1630.16,0.3617,0
828,90697,4845,12,Employed,Rent,0.5841882975777356,5,7558.08,421.46,0.64,0
681,68953,6418,12,Employed,Own,0.0973081464282489,3,5746.08,558.29,0.1945,1
703,141100,2580,60,Self-employed,Mortgage,0.4845935705391932,4,11758.33,52.31,0.489,1
800,197735,6971,36,Employed,Own,0.0777405425337973,3,16477.92,218.45,0.091,1
723,129831,5854,24,Employed,Rent,0.1913021268450902,4,10819.25,264.76,0.2158,1
603,169089,30122,24,Unemployed,Mortgage,0.3293575067457051,4,14090.75,1362.34,0.426,0
623,171382,46499,36,Employed,Rent,0.3040975127375136,5,14281.83,1457.11,0.4061,0
330,112589,31501,12,Self-employed,Rent,0.460863368798919,3,9382.42,2740.22,0.7529,0
616,37687,49427,84,Employed,Rent,0.0146292878069,3,3140.58,770.38,0.2599,0
342,144611,35645,24,Employed,Own,0.5832279765732168,3,12050.92,1612.13,0.717,0
677,116505,32336,36,Self-employed,Mortgage,0.2622418379484504,1,9708.75,1013.29,0.3666,1
343,31110,10662,120,Employed,Own,0.3142699114597294,2,2592.5,129.36,0.3642,0
574,146781,31425,24,Employed,Mortgage,0.329607400463801,1,12231.75,1421.27,0.4458,0
307,162584,17277,60,Self-employed,Own,0.3892425169967132,5,13548.67,350.32,0.4151,0
449,103406,26007,36,Employed,Mortgage,0.2205903245785092,2,8617.17,814.96,0.3152,0
795,98150,47913,36,Self-employed,Rent,0.4118887142717717,4,8179.17,1501.42,0.5955,1
517,49748,48794,12,Employed,Mortgage,0.4031418105093015,1,4145.67,4244.51,1.427,0
835,53529,7220,36,Employed,Mortgage,0.3193586795465673,3,4460.75,226.25,0.3701,1
827,178157,45848,12,Unemployed,Mortgage,0.528650423223147,5,14846.42,3988.25,0.7973,0
415,166284,41471,60,Retired,Own,0.3949988372718488,2,13857.0,840.88,0.4557,0
724,101019,31363,120,Employed,Rent,0.3249468474198788,4,8418.25,380.52,0.3701,1
316,62458,17368,36,Employed,Rent,0.1571487232127908,0,5204.83,544.25,0.2617,0
811,55713,10231,60,Employed,Rent,0.1406163583570055,5,4642.75,207.45,0.1853,1
592,107301,38292,84,Employed,Mortgage,0.4367108373029153,1,8941.75,596.83,0.5035,0
696,67716,26323,60,Unemployed,Own,0.0700208317838144,4,5643.0,533.74,0.1646,1
697,117744,15763,84,Employed,Rent,0.3102509236829562,1,9812.0,245.69,0.3353,1
685,66137,18967,84,Employed,Rent,0.0273243944603866,5,5511.42,295.62,0.081,1
340,47572,7704,84,Employed,Rent,0.3506291115570295,5,3964.33,120.08,0.3809,0
436,177012,11026,60,Employed,Mortgage,0.5139040788716327,5,14751.0,223.57,0.5291,0
445,109578,49642,120,Employed,Mortgage,0.5467346649103121,1,9131.5,602.29,0.6127,0
347,24902,23519,120,Self-employed,Rent,0.259429173641591,3,2075.17,285.35,0.3969,0
722,118480,26158,36,Employed,Own,0.5260568804320734,5,9873.33,819.7,0.6091,0
608,70716,3876,24,Employed,Mortgage,0.4846953428562449,1,5893.0,175.3,0.5144,0
777,119578,17303,120,Employed,Rent,0.448210436834088,4,9964.83,209.93,0.4693,1
747,81169,35793,60,Employed,Own,0.0107840028022744,3,6764.08,725.75,0.1181,1
772,114953,24058,36,Employed,Rent,0.5258226062934228,5,9579.42,753.89,0.6045,0
819,57734,7436,84,Retired,Own,0.1048220879698462,0,4811.17,115.9,0.1289,1
688,140001,22147,84,Employed,Rent,0.017940234330221,3,11666.75,345.19,0.0475,1
407,58487,45985,24,Retired,Own,0.2908059420677276,0,4873.92,2079.78,0.7175,0
449,165360,41448,24,Unemployed,Rent,0.092128856897809,5,13780.0,1874.58,0.2282,0
700,182453,40071,60,Employed,Rent,0.4373734775243532,0,15204.42,812.5,0.4908,1
517,28722,43976,36,Employed,Rent,0.3336642072694914,0,2393.5,1378.05,0.9094,0
416,56690,38183,60,Employed,Rent,0.2317041002410885,0,4724.17,774.21,0.3956,0
544,163648,45861,36,Employed,Own,0.3785496769090221,3,13637.33,1437.12,0.4839,0
389,184264,11447,120,Unemployed,Mortgage,0.034844588326782,5,15355.33,138.88,0.0439,0
782,113523,6568,60,Employed,Rent,0.208289516395015,5,9460.25,133.18,0.2224,1
621,129400,1541,84,Unemployed,Mortgage,0.3672100326774518,1,10783.33,24.02,0.3694,0
843,161508,43158,36,Employed,Rent,0.0678150146599261,3,13459.0,1352.41,0.1683,1
468,29321,41728,12,Retired,Rent,0.4321687913983701,4,2443.42,3629.85,1.9177,0
770,67498,42733,36,Employed,Rent,0.5350661021796139,1,5624.83,1339.1,0.7731,0
359,152914,11240,84,Employed,Own,0.4300020799386179,0,12742.83,175.19,0.4438,0
504,67165,20790,24,Employed,Mortgage,0.471374791199023,4,5597.08,940.28,0.6394,0
822,115577,7054,12,Self-employed,Rent,0.175731689079636,2,9631.42,613.62,0.2394,1
636,172479,46897,120,Self-employed,Rent,0.1552219488017214,3,14373.25,568.99,0.1948,0
746,71342,22192,24,Employed,Own,0.150163343588161,4,5945.17,1003.68,0.319,1
339,99637,13372,36,Employed,Mortgage,0.2104042491928457,5,8303.08,419.03,0.2609,0
484,113798,14041,60,Unemployed,Rent,0.094200553836341,2,9483.17,284.7,0.1242,0
670,83169,33961,120,Self-employed,Own,0.2935363597353017,5,6930.75,412.04,0.353,1
593,81036,48283,84,Retired,Own,0.4789325596031329,3,6753.0,752.55,0.5904,0
663,46281,6341,84,Employed,Rent,0.3111500752938568,2,3856.75,98.83,0.3368,0
517,166519,19172,36,Employed,Own,0.3547849466878948,1,13876.58,600.78,0.3981,0
529,147520,39240,36,Employed,Rent,0.1764170208009375,1,12293.33,1229.64,0.2764,0
310,169453,45380,60,Unemployed,Own,0.0701716396306545,1,14121.08,920.14,0.1353,0
550,175994,47908,84,Employed,Own,0.5218263700832032,0,14666.17,746.7,0.5727,0
560,117549,46217,60,Employed,Own,0.0171698996599225,3,9795.75,937.11,0.1128,0
582,48167,45448,60,Self-employed,Rent,0.2036022294469212,5,4013.92,921.52,0.4332,0
771,73342,9586,120,Employed,Rent,0.5994311517668843,1,6111.83,116.3,0.6185,0
544,101421,29645,36,Retired,Rent,0.4770534637954403,2,8451.75,928.97,0.587,0
365,121843,9025,84,Employed,Own,0.0076005235201341,1,10153.58,140.67,0.0215,0
532,153856,24529,36,Employed,Rent,0.5686373906338777,0,12821.33,768.65,0.6286,0
407,149760,7988,120,Unemployed,Rent,0.4721451375178477,1,12480.0,96.92,0.4799,0
338,188106,37603,84,Employed,Own,0.4644103719202954,3,15675.5,586.09,0.5018,0
369,63989,24618,24,Self-employed,Rent,0.1864360243502385,0,5332.42,1113.41,0.3952,0
404,108074,3992,60,Employed,Rent,0.1028760908577187,3,9006.17,80.94,0.1119,0
510,105650,17209,60,Self-employed,Rent,0.3248391450567295,1,8804.17,348.94,0.3645,0
518,28584,29597,120,Employed,Rent,0.4508136751779201,4,2382.0,359.09,0.6016,0
447,88437,16885,120,Self-employed,Rent,0.4362930771091396,1,7369.75,204.86,0.4641,0
612,20896,23953,84,Self-employed,Own,0.1643032107864627,5,1741.33,373.34,0.3787,0
689,77517,23179,36,Retired,Own,0.4313218669809286,2,6459.75,726.35,0.5438,1
517,22491,23982,60,Employed,Own,0.3326442381701773,3,1874.25,486.27,0.5921,0
809,63339,33410,24,Employed,Rent,0.4378273682307991,1,5278.25,1511.04,0.7241,0
619,114067,2981,120,Employed,Mortgage,0.3434633916002776,5,9505.58,36.17,0.3473,0
462,38333,49334,60,Self-employed,Own,0.2394240708763347,5,3194.42,1000.32,0.5526,0
635,21310,27345,60,Employed,Own,0.3310481390606899,4,1775.83,554.46,0.6433,0
424,184781,47749,24,Employed,Mortgage,0.4880489127525441,1,15398.42,2159.56,0.6283,0
551,118368,36830,84,Employed,Mortgage,0.5106870328513781,1,9864.0,574.04,0.5689,0
709,182634,39486,36,Employed,Rent,0.1434305727060866,4,15219.5,1237.35,0.2247,1
428,192295,11030,36,Employed,Mortgage,0.4962869352032166,5,16024.58,345.64,0.5179,0
803,98444,11955,36,Employed,Own,0.1324697445314949,2,8203.67,374.63,0.1781,1
663,145235,15503,60,Self-employed,Own,0.3267738559257293,4,12102.92,314.34,0.3527,1
688,195342,29898,36,Employed,Rent,0.4351918084069559,4,16278.5,936.89,0.4927,1
498,132933,49437,84,Employed,Mortgage,0.2367470672079099,4,11077.75,770.54,0.3063,0
539,26141,37501,120,Employed,Rent,0.2354616229409633,2,2178.42,454.99,0.4443,0
421,172071,31709,36,Employed,Own,0.1560969789971415,3,14339.25,993.64,0.2254,0
361,102220,45463,120,Employed,Rent,0.5490883719682671,2,8518.33,551.59,0.6138,0
304,104113,30940,120,Self-employed,Own,0.1795321420891013,0,8676.08,375.39,0.2228,0
359,190658,42440,12,Employed,Mortgage,0.0204502849114726,2,15888.17,3691.79,0.2528,0
842,184135,6261,120,Self-employed,Mortgage,0.5459924992406344,3,15344.58,75.96,0.5509,1
634,43214,31646,60,Employed,Rent,0.5157384580442209,2,3601.17,641.67,0.6939,0
484,180191,18489,12,Employed,Mortgage,0.5819921038512705,3,15015.92,1608.33,0.6891,0
507,143355,15012,24,Retired,Rent,0.0109587253395952,3,11946.25,678.95,0.0678,0
816,66990,20418,12,Employed,Own,0.5334094979300821,5,5582.5,1776.13,0.8516,0
300,79117,33366,24,Employed,Rent,0.5327433467995886,1,6593.08,1509.05,0.7616,0
425,37551,47303,12,Retired,Own,0.4716004944001458,2,3129.25,4114.81,1.7866,0
440,165382,15192,120,Self-employed,Rent,0.3901301059421402,2,13781.83,184.32,0.4035,0
569,113322,4602,120,Retired,Mortgage,0.0588596305203469,3,9443.5,55.83,0.0648,0
344,57358,18081,36,Employed,Rent,0.3990994291154961,5,4779.83,566.59,0.5176,0
476,25872,18413,36,Employed,Own,0.5246866449328987,4,2156.0,577.0,0.7923,0
735,158938,30060,60,Employed,Own,0.2052056053252745,1,13244.83,609.51,0.2512,1
699,161500,24926,12,Employed,Rent,0.0524479316950385,5,13458.33,2168.27,0.2136,1
788,80080,23426,60,Employed,Own,0.5395225231337484,5,6673.33,474.99,0.6107,0
642,180277,21609,60,Employed,Rent,0.4549598688005937,1,15023.08,438.15,0.4841,0
552,41633,1574,36,Self-employed,Mortgage,0.0594544406439758,2,3469.42,49.32,0.0737,0
529,37127,34637,24,Unemployed,Mortgage,0.5998695635288247,2,3093.92,1566.54,1.1062,0
594,179593,9731,84,Employed,Own,0.2198083802120203,3,14966.08,151.67,0.2299,0
573,55593,17761,12,Unemployed,Mortgage,0.3184996984513043,5,4632.75,1545.0,0.652,0
642,125950,10455,84,Employed,Rent,0.2124464323079881,2,10495.83,162.95,0.228,0
345,59442,45666,60,Employed,Rent,0.1677893169349386,1,4953.5,925.94,0.3547,0
528,164203,48344,120,Employed,Mortgage,0.152658151378558,4,13683.58,586.55,0.1955,0
522,136250,29129,36,Employed,Mortgage,0.5688377444226602,4,11354.17,912.8,0.6492,0
802,143192,11313,60,Employed,Own,0.3682343667271662,4,11932.67,229.39,0.3875,1
602,54947,28816,120,Employed,Own,0.2639831856175882,3,4578.92,349.62,0.3403,0
818,79865,5985,12,Employed,Rent,0.4771799855798039,3,6655.42,520.63,0.5554,1
324,151593,14520,120,Self-employed,Mortgage,0.2956903096664888,4,12632.75,176.17,0.3096,0
412,61292,5855,60,Self-employed,Rent,0.3329664064181643,0,5107.67,118.72,0.3562,0
334,137240,5525,120,Retired,Own,0.1911878365747405,1,11436.67,67.03,0.197,0
666,98011,2446,24,Employed,Rent,0.3316306584190451,5,8167.58,110.63,0.3452,1
561,101378,32257,60,Retired,Mortgage,0.2153571412551387,4,8448.17,654.06,0.2928,0
413,120258,16898,84,Employed,Rent,0.5754528076003608,1,10021.5,263.38,0.6017,0
401,133078,35965,36,Employed,Rent,0.1748645950086375,0,11089.83,1127.01,0.2765,0
502,130477,6772,120,Employed,Own,0.299810144115068,2,10873.08,82.16,0.3074,0
722,40448,20444,120,Employed,Rent,0.2889277038886503,0,3370.67,248.04,0.3625,0
452,47308,5411,120,Employed,Mortgage,0.0472097288759076,1,3942.33,65.65,0.0639,0
371,93028,16682,60,Employed,Own,0.0495134221532331,5,7752.33,338.25,0.0931,0
339,100738,41975,24,Retired,Rent,0.4061598108901045,4,8394.83,1898.42,0.6323,0
500,120387,25304,12,Employed,Own,0.3838307388595581,5,10032.25,2201.16,0.6032,0
813,53520,48583,120,Unemployed,Rent,0.4876580085485063,2,4460.0,589.45,0.6198,0
760,74302,44982,36,Employed,Rent,0.3102464512852075,1,6191.83,1409.57,0.5379,1
707,135019,25920,36,Unemployed,Rent,0.3382596371919338,1,11251.58,812.24,0.4104,1
844,27817,34824,84,Employed,Rent,0.4738340214090478,3,2318.08,542.77,0.708,0
579,192315,24615,120,Employed,Rent,0.1645547944770629,3,16026.25,298.65,0.1832,0
525,71879,41499,24,Employed,Mortgage,0.2215031072873608,3,5989.92,1876.89,0.5348,0
772,93747,41413,84,Employed,Own,0.4903304278668108,1,7812.25,645.47,0.573,1
780,60470,4146,12,Employed,Rent,0.5184002132263194,2,5039.17,360.65,0.59,1
609,171018,7229,12,Employed,Mortgage,0.5135631512393565,1,14251.5,628.84,0.5577,0
577,78345,14438,60,Employed,Rent,0.042416175461343,4,6528.75,292.75,0.0873,0
679,57990,6530,24,Employed,Mortgage,0.4997725738972585,3,4832.5,295.33,0.5609,1
629,37031,37781,120,Employed,Mortgage,0.4311061569434865,0,3085.92,458.39,0.5796,0
431,149486,30555,120,Employed,Rent,0.2863487866521453,5,12457.17,370.72,0.3161,0
840,164465,2879,36,Employed,Own,0.4277356768820696,3,13705.42,90.22,0.4343,1
434,87211,28957,60,Employed,Mortgage,0.593685331634253,2,7267.58,587.14,0.6745,0
668,106320,31121,36,Self-employed,Mortgage,0.0563301506679353,3,8860.0,975.22,0.1664,1
830,71975,27129,60,Employed,Own,0.235953662167122,2,5997.92,550.08,0.3277,1
682,145811,45963,84,Employed,Rent,0.219904594741535,5,12150.92,716.39,0.2789,1
779,170893,38176,12,Employed,Rent,0.0805482174799655,3,14241.08,3320.87,0.3137,1
711,139614,27689,24,Employed,Mortgage,0.5527821180966183,5,11634.5,1252.3,0.6604,0
818,63084,24436,24,Retired,Rent,0.0884758266998106,0,5257.0,1105.17,0.2987,1
585,34467,39040,84,Employed,Mortgage,0.506973425250899,2,2872.25,608.49,0.7188,0
519,71598,41662,120,Employed,Rent,0.4015125120125093,3,5966.5,505.48,0.4862,0
563,62799,22319,84,Unemployed,Rent,0.1055273283077119,3,5233.25,347.87,0.172,0
507,35656,28227,12,Employed,Own,0.2726084260617554,0,2971.33,2455.42,1.099,0
737,71286,35754,84,Employed,Rent,0.0647323045389073,4,5940.5,557.27,0.1585,1
656,197465,34895,120,Employed,Rent,0.1461302605203241,2,16455.42,423.37,0.1719,1
437,54368,45721,12,Self-employed,Mortgage,0.5881656633823082,2,4530.67,3977.2,1.466,0
782,85711,26818,36,Self-employed,Own,0.5142362799579695,0,7142.58,840.38,0.6319,0
768,197042,38825,36,Employed,Rent,0.4128011423792827,1,16420.17,1216.63,0.4869,1
769,87596,36471,24,Employed,Rent,0.0743009196179674,5,7299.67,1649.48,0.3003,1
569,166866,27902,12,Employed,Own,0.4780334606225412,0,13905.5,2427.15,0.6526,0
623,57101,21350,60,Unemployed,Rent,0.4040223313522039,0,4758.42,432.9,0.495,0
699,168066,12640,12,Unemployed,Own,0.5260888050560374,0,14005.5,1099.53,0.6046,0
530,124457,4435,60,Unemployed,Own,0.3363976012529629,5,10371.42,89.93,0.3451,0
700,105533,16312,120,Self-employed,Own,0.5911248374845954,3,8794.42,197.91,0.6136,0
520,51741,23765,120,Employed,Rent,0.4726925629781824,4,4311.75,288.34,0.5396,0
467,149623,14321,60,Unemployed,Rent,0.0028281858402293,5,12468.58,290.38,0.0261,0
401,36330,37347,36,Employed,Rent,0.2022656290534713,2,3027.5,1170.32,0.5888,0
594,152322,6716,12,Employed,Own,0.4011360870422044,4,12693.5,584.21,0.4472,0
820,127469,33918,84,Self-employed,Own,0.2041425776857599,5,10622.42,528.65,0.2539,1
546,75494,1068,36,Employed,Mortgage,0.0170464838128167,5,6291.17,33.47,0.0224,0
523,23980,40113,24,Employed,Rent,0.4638479740091628,4,1998.33,1814.2,1.3717,0
360,60517,8502,84,Employed,Own,0.0458652754875343,4,5043.08,132.51,0.0721,0
575,54650,33281,60,Employed,Mortgage,0.5910177734283332,1,4554.17,674.82,0.7392,0
323,174764,17706,12,Employed,Mortgage,0.1207903082576817,3,14563.67,1540.22,0.2265,0
508,129392,41716,60,Retired,Mortgage,0.4145394057945017,0,10782.67,845.85,0.493,0
604,154009,24206,120,Employed,Own,0.2405204686508647,0,12834.08,293.69,0.2634,0
556,179903,38031,24,Retired,Rent,0.0089442971168127,5,14991.92,1720.04,0.1237,0
526,88397,48856,24,Employed,Rent,0.5758755724304975,1,7366.42,2209.62,0.8758,0
317,188230,20760,12,Employed,Mortgage,0.0726603975720776,4,15685.83,1805.88,0.1878,0
496,114567,9767,24,Self-employed,Own,0.0080859562552055,3,9547.25,441.73,0.0544,0
517,171703,4798,60,Retired,Rent,0.4100748330044126,0,14308.58,97.29,0.4169,0
336,185601,25210,60,Employed,Rent,0.0412984440594816,1,15466.75,511.17,0.0743,0
376,87504,46861,120,Employed,Mortgage,0.0363439628787927,2,7292.0,568.55,0.1143,0
403,42655,21868,120,Employed,Mortgage,0.232467547753944,5,3554.58,265.32,0.3071,0
398,41247,28443,12,Employed,Mortgage,0.2743781575158912,4,3437.25,2474.21,0.9942,0
793,123208,9219,12,Unemployed,Mortgage,0.1899680829725983,2,10267.33,801.95,0.2681,1
846,160001,43977,12,Employed,Own,0.5997968664677761,0,13333.42,3825.49,0.8867,0
421,128591,15823,84,Employed,Mortgage,0.5144776500349283,4,10715.92,246.62,0.5375,0
410,186139,8682,60,Self-employed,Own,0.1507910187074473,0,15511.58,176.04,0.1621,0
507,87534,32153,36,Employed,Rent,0.477958613545055,3,7294.5,1007.56,0.6161,0
324,89588,36694,36,Employed,Rent,0.3073620395403818,1,7465.67,1149.86,0.4614,0
828,28696,20437,120,Employed,Rent,0.1756317556730122,5,2391.33,247.96,0.2793,0
625,54837,20458,36,Employed,Rent,0.3587129964227116,0,4569.75,641.08,0.499,0
465,127008,10838,120,Employed,Own,0.4433904666637082,3,10584.0,131.49,0.4558,0
339,156505,23352,60,Employed,Own,0.458926591991003,5,13042.08,473.49,0.4952,0
328,120813,44659,120,Employed,Own,0.2432676816733918,2,10067.75,541.84,0.2971,0
799,155980,30231,60,Self-employed,Own,0.0061511681810989,3,12998.33,612.98,0.0533,1
725,138333,31845,60,Employed,Own,0.3260561111075976,4,11527.75,645.7,0.3821,1
494,132833,45027,120,Employed,Rent,0.5205366731162258,3,11069.42,546.3,0.5699,0
839,36637,28011,36,Employed,Rent,0.3378255710453766,1,3053.08,877.76,0.6253,0
419,86016,30321,60,Employed,Mortgage,0.3614777752985748,5,7168.0,614.8,0.4472,0
325,32809,3502,84,Employed,Rent,0.3213066937165633,2,2734.08,54.58,0.3413,0
677,151023,30629,120,Employed,Rent,0.4046795213568342,1,12585.25,371.61,0.4342,1
577,185310,38073,60,Employed,Rent,0.1193104342244163,4,15442.5,771.98,0.1693,0
543,68441,7148,60,Retired,Rent,0.1841964023049057,5,5703.42,144.94,0.2096,0
647,121402,24603,60,Employed,Rent,0.0225292174519009,3,10116.83,498.86,0.0718,0
651,71396,13827,84,Employed,Mortgage,0.5430574895587722,4,5949.67,215.51,0.5793,1
401,79847,41989,84,Retired,Own,0.3594686504561261,1,6653.92,654.45,0.4578,0
755,52073,33317,36,Unemployed,Own,0.1752867072920853,3,4339.42,1044.03,0.4159,1
810,115038,17717,24,Employed,Rent,0.1432671532111499,3,9586.5,801.29,0.2269,1
354,97118,8882,24,Self-employed,Mortgage,0.0923368850912512,2,8093.17,401.71,0.142,0
804,31846,24246,36,Self-employed,Mortgage,0.561790853627499,3,2653.83,759.78,0.8481,0
826,78677,44944,120,Unemployed,Rent,0.3082118687588858,1,6556.42,545.29,0.3914,1
550,131310,21383,60,Employed,Rent,0.0784943156738838,5,10942.5,433.57,0.1181,0
691,152492,13187,24,Unemployed,Mortgage,0.5409592297270889,5,12707.67,596.41,0.5879,1
600,185851,23505,24,Employed,Rent,0.4769053150772323,4,15487.58,1063.07,0.5455,0
639,148134,1489,60,Employed,Own,0.3123188531618718,2,12344.5,30.19,0.3148,0
728,87832,38101,24,Retired,Rent,0.5288282569369666,4,7319.33,1723.21,0.7643,0
431,137253,33621,84,Self-employed,Rent,0.4533099124669813,0,11437.75,524.02,0.4991,0
625,150796,1516,24,Retired,Own,0.532236936102478,4,12566.33,68.56,0.5377,0
836,161490,5625,36,Employed,Own,0.5250381769304443,2,13457.5,176.27,0.5381,1
834,180443,34979,12,Self-employed,Own,0.0298283024830686,5,15036.92,3042.77,0.2322,1
317,173983,12755,24,Employed,Own,0.0927739458303148,2,14498.58,576.87,0.1326,0
505,114222,39771,12,Employed,Own,0.4469738616378894,4,9518.5,3459.62,0.8104,0
843,79410,14673,84,Self-employed,Own,0.3396656119849899,3,6617.5,228.7,0.3742,1
731,192945,21010,12,Self-employed,Mortgage,0.5678081486296115,4,16078.75,1827.63,0.6815,0
525,178177,49792,60,Self-employed,Rent,0.2272523098702157,3,14848.08,1009.6,0.2952,0
743,58581,15885,36,Employed,Rent,0.2591016054901998,1,4881.75,497.78,0.3611,1
478,143814,49279,60,Employed,Rent,0.5139482515106629,0,11984.5,999.2,0.5973,0
342,24806,40666,36,Employed,Own,0.0359782285286064,3,2067.17,1274.32,0.6524,0
695,168549,11584,12,Employed,Own,0.3815787805238885,2,14045.75,1007.67,0.4533,1
648,94414,1375,12,Employed,Rent,0.2930787832104748,2,7867.83,119.61,0.3083,0
737,38312,14246,36,Employed,Own,0.3342920983893386,0,3192.67,446.42,0.4741,0
533,155077,3908,12,Employed,Rent,0.228383313349249,1,12923.08,339.95,0.2547,0
442,30289,14830,24,Employed,Mortgage,0.2990071214831136,3,2524.08,670.72,0.5647,0
419,130142,34236,24,Employed,Own,0.5713735516861351,5,10845.17,1548.4,0.7141,0
705,138212,25961,84,Employed,Mortgage,0.1280430472094676,4,11517.67,404.63,0.1632,1
830,143220,49971,60,Self-employed,Own,0.1576463260843323,3,11935.0,1013.23,0.2425,1
731,124372,23294,24,Employed,Rent,0.3637219159272014,3,10364.33,1053.52,0.4654,1
514,129033,18438,60,Employed,Rent,0.3446074409819749,5,10752.75,373.86,0.3794,0
570,185646,49220,36,Employed,Mortgage,0.4002897667140477,0,15470.5,1542.38,0.5,0
362,73853,14785,12,Employed,Rent,0.2098950516085415,0,6154.42,1286.12,0.4189,0
765,26777,40269,120,Employed,Rent,0.0127816040028468,1,2231.42,488.57,0.2317,0
847,172623,6877,120,Self-employed,Mortgage,0.5521862299599559,1,14385.25,83.44,0.558,1
413,80834,4494,36,Self-employed,Mortgage,0.485123497492804,3,6736.17,140.83,0.506,0
798,93046,35455,12,Self-employed,Rent,0.070277841627411,4,7753.83,3084.17,0.468,1
398,70161,23054,84,Self-employed,Own,0.1989833232713469,5,5846.75,359.32,0.2604,0
632,53693,39885,84,Self-employed,Mortgage,0.0755418389447457,5,4474.42,621.66,0.2145,0
772,162144,32245,60,Employed,Mortgage,0.4864667250243746,3,13512.0,653.81,0.5349,1
828,79752,41420,60,Employed,Rent,0.5815498469007678,1,6646.0,839.85,0.7079,0
497,38145,20629,60,Self-employed,Own,0.3298118719948086,0,3178.75,418.28,0.4614,0
369,21636,11215,24,Employed,Mortgage,0.4765703898086691,5,1803.0,507.22,0.7579,0
731,142811,36701,36,Employed,Mortgage,0.152023111677516,3,11900.92,1150.08,0.2487,1
588,186269,23402,12,Employed,Rent,0.1554139311244871,1,15522.42,2035.7,0.2866,0
766,38435,9499,12,Employed,Mortgage,0.3670489680008439,2,3202.92,826.3,0.625,0
382,175632,12072,120,Employed,Own,0.2477194272034153,2,14636.0,146.47,0.2577,0
648,167608,13115,24,Employed,Mortgage,0.3448924022961742,1,13967.33,593.16,0.3874,0
738,143970,42179,120,Retired,Mortgage,0.2625968151578344,3,11997.5,511.75,0.3053,1
338,175282,10653,36,Employed,Mortgage,0.4280737999721635,1,14606.83,333.83,0.4509,0
748,56651,14852,36,Unemployed,Rent,0.1395787885118574,4,4720.92,465.41,0.2382,1
773,37960,28097,60,Employed,Rent,0.1889109652844731,0,3163.33,569.71,0.369,0
402,175364,40435,120,Employed,Mortgage,0.2914835673757187,4,14613.67,490.59,0.3251,0
533,75804,12018,36,Employed,Rent,0.5771510591196548,3,6317.0,376.6,0.6368,0
457,156870,39251,36,Employed,Mortgage,0.3596851139810817,4,13072.5,1229.98,0.4538,0
324,173647,3666,24,Unemployed,Rent,0.1423213428477416,3,14470.58,165.8,0.1538,0
574,110162,9568,12,Employed,Own,0.5050063592958381,1,9180.17,832.31,0.5957,0
308,67612,36228,120,Retired,Own,0.5572297266592697,4,5634.33,439.55,0.6352,0
549,88505,31172,60,Employed,Mortgage,0.5355003291601961,0,7375.42,632.06,0.6212,0
460,168899,22281,36,Employed,Mortgage,0.1156878183096609,3,14074.92,698.21,0.1653,0
561,130700,34081,12,Employed,Mortgage,0.0678429048500019,4,10891.67,2964.65,0.34,0
847,56892,40288,36,Employed,Own,0.4550133805356157,3,4741.0,1262.48,0.7213,0
724,197970,20231,24,Employed,Rent,0.4688926997635472,2,16497.5,914.99,0.5244,1
754,67799,41253,84,Employed,Mortgage,0.532940097821908,4,5649.92,642.98,0.6467,0
322,56868,2819,84,Self-employed,Rent,0.127006489872191,4,4739.0,43.94,0.1363,0
782,119257,15260,36,Employed,Mortgage,0.43387907866306,2,9938.08,478.19,0.482,1
555,142563,45934,36,Self-employed,Own,0.3880518767990547,5,11880.25,1439.4,0.5092,0
553,197966,23802,84,Employed,Own,0.369837812529567,4,16497.17,370.98,0.3923,0
395,168342,10868,120,Retired,Own,0.1123371288645708,5,14028.5,131.86,0.1217,0
642,98556,38102,120,Self-employed,Mortgage,0.1068990031815846,0,8213.0,462.28,0.1632,0
728,34076,9052,24,Employed,Rent,0.1851016847801938,4,2839.67,409.4,0.3293,0
703,27968,14245,60,Employed,Mortgage,0.3038384303269166,3,2330.67,288.84,0.4278,0
558,77531,9317,24,Retired,Mortgage,0.4533867802980237,3,6460.92,421.38,0.5186,0
630,127109,46459,36,Employed,Own,0.3115579352508142,5,10592.42,1455.86,0.449,0
552,52837,25321,120,Employed,Rent,0.5654716534088429,3,4403.08,307.21,0.6352,0
540,47225,21745,120,Employed,Rent,0.4846012269203054,0,3935.42,263.83,0.5516,0
346,25014,14664,60,Self-employed,Own,0.0060476931530806,4,2084.5,297.33,0.1487,0
360,71850,33757,12,Unemployed,Own,0.2251224750804491,4,5987.5,2936.47,0.7156,0
766,21988,46686,36,Self-employed,Rent,0.4585487644989867,5,1832.33,1462.97,1.257,0
316,113746,4495,12,Self-employed,Rent,0.537419299242731,0,9478.83,391.01,0.5787,0
347,66743,4886,120,Employed,Rent,0.5568863729460356,0,5561.92,59.28,0.5675,0
353,68523,44014,24,Employed,Own,0.1845945978044337,3,5710.25,1990.63,0.5332,0
674,161348,24087,84,Employed,Own,0.1226501692926698,4,13445.67,375.43,0.1506,1
555,72021,36689,60,Employed,Rent,0.1901617283485524,0,6001.75,743.92,0.3141,0
354,120254,18968,84,Employed,Own,0.0335305654489449,3,10021.17,295.64,0.063,0
685,153876,17997,12,Self-employed,Own,0.3778941700381038,5,12823.0,1565.53,0.5,1
712,27635,37553,36,Retired,Mortgage,0.1571839077679343,0,2302.92,1176.77,0.6682,0
632,155242,6685,60,Employed,Rent,0.238872554625662,4,12936.83,135.55,0.2494,0
722,164882,35383,24,Employed,Mortgage,0.1073216671335775,1,13740.17,1600.28,0.2238,1
704,188291,1810,36,Employed,Mortgage,0.3585700713834737,4,15690.92,56.72,0.3622,1
538,118908,45238,120,Retired,Rent,0.4261635185008757,0,9909.0,548.86,0.4816,0
844,32220,38406,60,Employed,Rent,0.3312946521274028,5,2685.0,778.74,0.6213,0
425,76735,23588,120,Retired,Mortgage,0.4721483590562573,3,6394.58,286.19,0.5169,0
591,49351,49895,36,Retired,Own,0.1759366413156302,2,4112.58,1563.53,0.5561,0
696,127063,43982,12,Employed,Mortgage,0.3145076509172464,2,10588.58,3825.93,0.6758,0
816,191412,39066,60,Employed,Mortgage,0.0536920510316974,1,15951.0,792.12,0.1034,1
475,111700,25155,84,Employed,Own,0.2976345849394882,2,9308.33,392.07,0.3398,0
836,193269,30753,60,Employed,Own,0.1996194884931752,4,16105.75,623.56,0.2383,1
675,139402,7522,36,Employed,Rent,0.2412885833942495,0,11616.83,235.71,0.2616,1
767,160810,27277,24,Self-employed,Own,0.2991895891169078,5,13400.83,1233.66,0.3912,1
432,137120,4602,24,Employed,Mortgage,0.1217895263390621,0,11426.67,208.14,0.14,0
365,168040,5977,36,Self-employed,Rent,0.1333355772464244,2,14003.33,187.3,0.1467,0
577,44103,20735,120,Employed,Own,0.511528139693322,2,3675.25,251.57,0.58,0
502,84570,34990,84,Employed,Rent,0.3977318176810456,3,7047.5,545.36,0.4751,0
751,155070,34243,36,Self-employed,Rent,0.1500266925114423,4,12922.5,1073.05,0.2331,1
692,48014,32862,36,Self-employed,Mortgage,0.5919508417769813,3,4001.17,1029.78,0.8493,0
849,97225,13665,60,Employed,Mortgage,0.4143671816716476,4,8102.08,277.08,0.4486,1
319,170699,44497,84,Self-employed,Mortgage,0.2200955522920105,1,14224.92,693.54,0.2689,0
530,176336,26188,36,Unemployed,Mortgage,0.207575492166577,2,14694.67,820.64,0.2634,0
360,109611,19626,84,Employed,Rent,0.2671616914849817,2,9134.25,305.9,0.3007,0
474,121558,1093,84,Employed,Mortgage,0.505422094611264,4,10129.83,17.04,0.5071,0
613,153258,22727,120,Retired,Own,0.1276206398523225,3,12771.5,275.74,0.1492,0
696,143061,27640,84,Employed,Own,0.2745880145982464,4,11921.75,430.8,0.3107,1
845,50988,18024,12,Employed,Mortgage,0.2911871039552849,5,4249.0,1567.88,0.6602,0
405,45046,41503,24,Employed,Own,0.5787748469774294,1,3753.83,1877.07,1.0788,0
364,85128,41967,60,Employed,Mortgage,0.2303069098533838,2,7094.0,850.94,0.3503,0
602,36933,23244,24,Employed,Mortgage,0.4346144304457836,2,3077.75,1051.26,0.7762,0
704,145611,8216,12,Employed,Own,0.5582683745698687,4,12134.25,714.7,0.6172,0
817,140855,28059,24,Employed,Mortgage,0.5665432722120646,5,11737.92,1269.03,0.6747,0
758,164590,3841,120,Self-employed,Own,0.5796745567773932,2,13715.83,46.6,0.5831,1
307,72027,32183,84,Employed,Rent,0.2394699765583742,2,6002.25,501.61,0.323,0
711,170203,30619,120,Employed,Own,0.3409311359936204,5,14183.58,371.49,0.3671,1
609,185817,31582,36,Employed,Own,0.3723762513995858,5,15484.75,989.67,0.4363,0
577,108170,13509,60,Employed,Mortgage,0.2579842745630659,0,9014.17,273.91,0.2884,0
458,133675,25235,12,Employed,Mortgage,0.5926216791088071,4,11139.58,2195.15,0.7897,0
490,116880,12461,60,Retired,Own,0.5833051796750798,2,9740.0,252.66,0.6092,0
791,37972,41951,24,Employed,Rent,0.2641760905723081,0,3164.33,1897.33,0.8638,0
364,155464,48744,60,Employed,Own,0.3632234655155616,4,12955.33,988.35,0.4395,0
776,142954,17789,12,Employed,Rent,0.2897709666409251,1,11912.83,1547.44,0.4197,1
847,184296,44925,84,Employed,Mortgage,0.4393529903427777,0,15358.0,700.21,0.4849,1
668,63572,11805,24,Retired,Mortgage,0.5412169397357491,4,5297.67,533.91,0.642,0
662,167570,9652,84,Self-employed,Rent,0.3454057831102372,1,13964.17,150.44,0.3562,1
682,127309,35518,36,Employed,Rent,0.3937856426337587,2,10609.08,1113.01,0.4987,1
456,87482,10326,120,Employed,Rent,0.5328163834914479,1,7290.17,125.28,0.55,0
649,83768,20422,24,Self-employed,Own,0.3321870449034008,5,6980.67,923.63,0.4645,0
421,58599,25330,12,Employed,Rent,0.447997031497383,4,4883.25,2203.42,0.8992,0
656,92708,26875,60,Employed,Own,0.1224146489982931,1,7725.67,544.93,0.1929,1
737,128430,29018,36,Employed,Rent,0.5891621074709288,0,10702.5,909.32,0.6741,0
661,182219,23842,60,Employed,Rent,0.4886262491575833,0,15184.92,483.43,0.5205,1
496,122848,46072,12,Unemployed,Mortgage,0.5373820456736558,4,10237.33,4007.73,0.9289,0
593,25034,9808,120,Employed,Own,0.1841801849429675,1,2086.17,119.0,0.2412,0
425,22231,27383,84,Self-employed,Rent,0.2535581059320624,0,1852.58,426.8,0.4839,0
712,185316,2112,24,Self-employed,Mortgage,0.3122772311751358,1,15443.0,95.52,0.3185,1
672,40130,21636,12,Employed,Own,0.3348320338904638,5,3344.17,1882.08,0.8976,0
462,127972,33036,60,Self-employed,Own,0.0807044960594546,1,10664.33,669.85,0.1435,0
618,54462,7984,84,Employed,Own,0.3772491842451888,0,4538.5,124.44,0.4047,0
429,179467,45176,60,Employed,Rent,0.1639361047830585,2,14955.58,916.01,0.2252,0
788,172489,47799,36,Self-employed,Rent,0.2818116677115546,0,14374.08,1497.85,0.386,1
741,69159,41608,24,Self-employed,Own,0.4778637021714916,1,5763.25,1881.82,0.8044,0
620,20596,21480,24,Retired,Rent,0.5819702139288899,4,1716.33,971.48,1.148,0
782,143446,36745,84,Employed,Mortgage,0.5721403832108318,3,11953.83,572.72,0.6201,0
450,75997,2979,24,Self-employed,Mortgage,0.3159335794491538,4,6333.08,134.73,0.3372,0
730,140826,34825,24,Employed,Own,0.5120866254535325,2,11735.5,1575.04,0.6463,0
689,29819,47769,24,Employed,Rent,0.1261170061035935,2,2484.92,2160.46,0.9955,0
462,83871,9193,60,Employed,Rent,0.4491294387472175,2,6989.25,186.4,0.4758,0
398,47704,33304,84,Retired,Own,0.0627103052902792,2,3975.33,519.08,0.1933,0
668,179845,24168,84,Employed,Mortgage,0.276116375521914,4,14987.08,376.69,0.3013,1
331,63299,43454,12,Self-employed,Own,0.2099549113690275,4,5274.92,3780.0,0.9266,0
604,126572,30821,24,Unemployed,Own,0.5653747064281657,4,10547.67,1393.95,0.6975,0
727,194359,42395,24,Employed,Own,0.0516658838588028,3,16196.58,1917.41,0.17,1
490,153751,33067,36,Employed,Own,0.3774278332254759,4,12812.58,1036.2,0.4583,0
687,101448,37433,12,Employed,Rent,0.3182334962822291,4,8454.0,3256.24,0.7034,0
589,39374,34931,84,Retired,Rent,0.5842549341585256,1,3281.17,544.44,0.7502,0
822,53551,32421,60,Employed,Own,0.2543898882125163,1,4462.58,657.38,0.4017,1
792,95737,21725,12,Employed,Mortgage,0.3164535023144276,5,7978.08,1889.82,0.5533,1
763,48692,31385,36,Employed,Own,0.2704952945758859,0,4057.67,983.49,0.5129,0
668,198881,46626,60,Employed,Rent,0.244230627875741,2,16573.42,945.41,0.3013,1
658,49341,10629,24,Self-employed,Own,0.2174756687108882,5,4111.75,480.72,0.3344,0
551,50808,41491,24,Self-employed,Mortgage,0.1940413903515962,4,4234.0,1876.53,0.6372,0
361,85529,43985,36,Unemployed,Rent,0.4474970081103513,2,7127.42,1378.33,0.6409,0
437,172021,42757,36,Self-employed,Rent,0.5587636139703978,1,14335.08,1339.85,0.6522,0
816,123257,8157,120,Employed,Mortgage,0.0754770095813352,4,10271.42,98.97,0.0851,1
692,149909,20558,36,Employed,Own,0.1285143134567709,0,12492.42,644.21,0.1801,1
596,156552,32716,120,Self-employed,Mortgage,0.2722516590609405,5,13046.0,396.94,0.3027,0
818,51419,15894,84,Self-employed,Rent,0.1988212606341683,3,4284.92,247.73,0.2566,1
493,184333,12495,84,Employed,Own,0.1381572185967521,3,15361.08,194.75,0.1508,0
372,60703,45266,60,Self-employed,Rent,0.0957177588745646,1,5058.58,917.83,0.2772,0
468,72127,19951,24,Self-employed,Rent,0.2786737589432594,4,6010.58,902.33,0.4288,0
521,111652,45231,24,Employed,Rent,0.4017136772051353,4,9304.33,2045.68,0.6216,0
828,144369,42021,60,Employed,Rent,0.0168017278815398,3,12030.75,852.03,0.0876,1
393,94432,35256,24,Self-employed,Rent,0.0092089718576701,4,7869.33,1594.53,0.2118,0
752,113372,47062,60,Retired,Own,0.2921484575267187,3,9447.67,954.25,0.3932,1
665,37177,33984,12,Employed,Mortgage,0.006658072346575,5,3098.08,2956.21,0.9609,0
664,62332,8034,60,Employed,Rent,0.1901266537510813,1,5194.33,162.9,0.2215,1
546,164353,26502,24,Employed,Mortgage,0.52569361917267,0,13696.08,1198.61,0.6132,0
767,86847,37174,120,Retired,Own,0.4180716616643163,5,7237.25,451.02,0.4804,1
381,164355,45834,84,Unemployed,Rent,0.1852285290278671,1,13696.25,714.38,0.2374,0
450,125901,22862,84,Employed,Rent,0.2283371805543396,1,10491.75,356.33,0.2623,0
340,192202,4472,84,Retired,Mortgage,0.5219849622809581,1,16016.83,69.7,0.5263,0
517,23587,17231,36,Employed,Rent,0.5566271642934968,4,1965.58,539.96,0.8313,0
782,95089,37402,12,Employed,Rent,0.0494173340885369,1,7924.08,3253.54,0.46,1
368,163998,8580,60,Employed,Rent,0.359849029686739,4,13666.5,173.97,0.3726,0
492,77115,21610,24,Retired,Own,0.0344908579941052,4,6426.25,977.36,0.1866,0
570,159138,11779,24,Retired,Mortgage,0.2370202911631951,5,13261.5,532.73,0.2772,0
729,150404,29710,36,Employed,Rent,0.2000595869637456,2,12533.67,931.0,0.2743,1
379,21235,42710,12,Employed,Own,0.1589408521167676,2,1769.58,3715.28,2.2585,0
502,198210,5598,12,Unemployed,Rent,0.1200451309540504,1,16517.5,486.96,0.1495,0
632,145656,26992,36,Retired,Mortgage,0.5098341998765165,1,12138.0,845.83,0.5795,0
440,150844,41588,84,Self-employed,Mortgage,0.329839222899177,1,12570.33,648.2,0.3814,0
474,167724,7906,84,Employed,Mortgage,0.5473553356432673,5,13977.0,123.22,0.5562,0
461,90906,5431,12,Employed,Rent,0.1570723908610702,3,7575.5,472.43,0.2194,0
367,162546,45581,36,Retired,Own,0.5323083178612509,4,13545.5,1428.34,0.6378,0
370,116077,5605,60,Employed,Rent,0.2813590741921277,3,9673.08,113.65,0.2931,0
415,84575,2635,84,Employed,Rent,0.1879941159894542,4,7047.92,41.07,0.1938,0
718,115241,2669,84,Self-employed,Rent,0.0885292652814561,3,9603.42,41.6,0.0929,1
755,23062,46837,24,Retired,Rent,0.3181509186335156,5,1921.83,2118.31,1.4204,0
687,44773,7467,60,Self-employed,Mortgage,0.1904132279089824,2,3731.08,151.4,0.231,0
469,145033,14451,120,Employed,Rent,0.3758369772151663,1,12086.08,175.33,0.3903,0
474,42265,32722,12,Self-employed,Own,0.0544671327835238,2,3522.08,2846.44,0.8626,0
517,65550,44080,36,Employed,Own,0.501466274853043,2,5462.5,1381.31,0.7543,0
835,171122,43661,84,Employed,Own,0.382292229400675,4,14260.17,680.51,0.43,1
798,182525,30296,36,Employed,Mortgage,0.0798382029409878,1,15210.42,949.37,0.1423,1
614,160018,18516,24,Retired,Mortgage,0.456938953309089,1,13334.83,837.43,0.5197,0
540,199433,7044,60,Self-employed,Own,0.3234177834980287,5,16619.42,142.83,0.332,0
746,24229,17922,24,Self-employed,Mortgage,0.3023972870607448,2,2019.08,810.56,0.7038,0
591,61200,47200,120,Employed,Own,0.5644271505381153,2,5100.0,572.67,0.6767,0
620,133718,27527,12,Self-employed,Mortgage,0.1664684331295537,5,11143.17,2394.53,0.3814,0
615,99158,20225,12,Unemployed,Rent,0.4799950208314857,5,8263.17,1759.34,0.6929,0
375,51783,37234,12,Employed,Own,0.4029095788627256,2,4315.25,3238.93,1.1535,0
436,33142,11289,36,Employed,Own,0.3063659049236154,2,2761.83,353.76,0.4345,0
484,62523,49270,12,Unemployed,Mortgage,0.2912226436253896,1,5210.25,4285.92,1.1138,0
669,24115,32496,120,Employed,Rent,0.485873873728273,4,2009.58,394.27,0.6821,0
561,199623,42945,36,Employed,Mortgage,0.4455473223074769,1,16635.25,1345.74,0.5264,0
332,55349,39917,12,Employed,Mortgage,0.0859862866078666,2,4612.42,3472.32,0.8388,0
437,130577,44002,24,Unemployed,Rent,0.0736072950120527,5,10881.42,1990.09,0.2565,0
624,142937,46035,24,Employed,Rent,0.2410592402494656,5,11911.42,2082.04,0.4159,0
591,58136,24391,36,Employed,Own,0.2014565924441862,2,4844.67,764.33,0.3592,0
437,24730,4261,60,Self-employed,Mortgage,0.3710106407173966,1,2060.83,86.4,0.4129,0
376,20455,49748,60,Unemployed,Rent,0.5624340565362724,2,1704.58,1008.71,1.1542,0
573,66057,15874,36,Unemployed,Rent,0.3187064019249512,1,5504.75,497.43,0.4091,0
707,118266,36490,60,Retired,Rent,0.1855573917101463,4,9855.5,739.89,0.2606,1
410,39942,45148,24,Employed,Rent,0.5976500655297154,3,3328.5,2041.92,1.2111,0
667,77287,14998,36,Self-employed,Own,0.3309734630668835,1,6440.58,469.98,0.4039,1
689,128410,6017,60,Employed,Rent,0.3578216751299939,1,10700.83,122.0,0.3692,1
581,39942,33145,84,Employed,Mortgage,0.0471869035102022,1,3328.5,516.61,0.2024,0
731,93413,35031,12,Self-employed,Mortgage,0.3833507762710194,1,7784.42,3047.29,0.7748,0
831,52676,30110,60,Employed,Rent,0.4051407303329257,4,4389.67,610.52,0.5442,1
784,121287,8341,24,Employed,Own,0.4304589028537842,1,10107.25,377.24,0.4678,1
446,187042,9413,84,Employed,Rent,0.327540193380726,1,15586.83,146.71,0.337,0
341,192045,47797,60,Employed,Rent,0.4726083601515626,0,16003.75,969.15,0.5332,0
834,179236,28762,60,Employed,Mortgage,0.252513391741324,3,14936.33,583.19,0.2916,1
818,60640,44457,60,Self-employed,Rent,0.5950650871439119,0,5053.33,901.43,0.7734,0
576,23543,4601,36,Employed,Rent,0.4057709043286025,3,1961.92,144.18,0.4793,0
536,133762,32793,12,Employed,Mortgage,0.4237537958221921,1,11146.83,2852.61,0.6797,0
333,87501,9799,36,Self-employed,Own,0.1755986448852839,2,7291.75,307.07,0.2177,0
834,179188,46081,120,Employed,Mortgage,0.1757731985309987,2,14932.33,559.09,0.2132,1
753,110259,44199,120,Employed,Mortgage,0.2059167857558013,2,9188.25,536.26,0.2643,1
817,161793,36769,36,Employed,Own,0.5820823240736376,5,13482.75,1152.21,0.6675,0
615,189412,24739,120,Employed,Rent,0.1981895125736373,4,15784.33,300.15,0.2172,0
303,131306,49316,36,Unemployed,Mortgage,0.0121794005392796,2,10942.17,1545.38,0.1534,0
501,84579,18598,120,Employed,Own,0.2032643648209272,2,7048.25,225.65,0.2353,0
691,182306,4653,24,Unemployed,Own,0.4117492974131266,5,15192.17,210.44,0.4256,1
840,32801,19641,84,Employed,Own,0.4359264624261451,2,2733.42,306.13,0.5479,0
626,170636,20127,36,Employed,Rent,0.175927502672033,1,14219.67,630.71,0.2203,0
537,121738,18483,36,Employed,Own,0.2674965223274119,5,10144.83,579.19,0.3246,0
336,78047,30071,84,Employed,Rent,0.0092919318966983,4,6503.92,468.69,0.0814,0
801,82110,13037,24,Employed,Own,0.2073820605019927,1,6842.5,589.63,0.2936,1
760,73183,29896,84,Employed,Mortgage,0.223936384614732,5,6098.58,465.97,0.3003,1
830,125375,27711,36,Self-employed,Own,0.0839222914371271,5,10447.92,868.36,0.167,1
531,178686,27694,36,Self-employed,Own,0.1685281225866667,3,14890.5,867.83,0.2268,0
814,78730,8892,120,Employed,Own,0.5813779963784864,0,6560.83,107.88,0.5978,1
492,116745,16469,120,Employed,Own,0.14714800112836,5,9728.75,199.81,0.1677,0
306,53254,21559,12,Self-employed,Rent,0.2062923332599651,0,4437.83,1875.38,0.6289,0
494,78082,34230,36,Employed,Mortgage,0.0826638024774922,2,6506.83,1072.64,0.2475,0
694,30770,7837,24,Employed,Mortgage,0.0996813471487336,0,2564.17,354.45,0.2379,0
807,78872,23603,24,Retired,Mortgage,0.1898948227438195,5,6572.67,1067.5,0.3523,1
828,58664,39922,36,Self-employed,Mortgage,0.0525791450251865,5,4888.67,1251.01,0.3085,1
644,191228,29537,120,Employed,Own,0.4096706174638418,0,15935.67,358.37,0.4322,0
730,98824,35261,36,Self-employed,Rent,0.3334477671235826,1,8235.33,1104.95,0.4676,1
364,177888,3816,60,Employed,Mortgage,0.2774186438730376,0,14824.0,77.37,0.2826,0
545,186842,47906,12,Employed,Own,0.0183818941420222,4,15570.17,4167.27,0.286,0
537,80323,40044,60,Employed,Mortgage,0.2738765281005148,3,6693.58,811.95,0.3952,0
686,120115,48274,60,Self-employed,Mortgage,0.4270874046286183,3,10009.58,978.82,0.5249,1
557,40189,29451,120,Employed,Own,0.261206417618229,3,3349.08,357.32,0.3679,0
734,176057,13339,60,Employed,Own,0.5344955837631208,4,14671.42,270.47,0.5529,1
733,84761,49656,12,Retired,Mortgage,0.0033773280582129,1,7063.42,4319.5,0.6149,0
677,128024,17819,36,Employed,Own,0.2779226391973365,0,10668.67,558.38,0.3303,1
725,132619,27304,36,Retired,Rent,0.4255257823989183,4,11051.58,855.61,0.5029,1
332,38493,18441,84,Employed,Mortgage,0.3383971152604298,0,3207.75,287.43,0.428,0
415,26763,6179,12,Employed,Rent,0.5074369750351677,2,2230.25,537.5,0.7484,0
793,150915,48695,60,Employed,Mortgage,0.2745142492346992,4,12576.25,987.36,0.353,1
445,159238,46141,120,Employed,Rent,0.569967941094696,5,13269.83,559.82,0.6122,0
327,181409,36387,84,Self-employed,Rent,0.2013703674167035,1,15117.42,567.14,0.2389,0
534,29192,26905,60,Employed,Own,0.4046147925391896,3,2432.67,545.54,0.6289,0
462,169337,19999,36,Employed,Rent,0.0977162038710886,4,14111.42,626.7,0.1421,0
431,110486,18670,24,Employed,Own,0.2769204970428057,0,9207.17,844.39,0.3686,0
562,171577,30764,36,Employed,Rent,0.2169723748779244,1,14298.08,964.03,0.2844,0
634,120467,32695,60,Employed,Rent,0.4873114043072921,5,10038.92,662.94,0.5533,0
527,76863,46171,120,Self-employed,Rent,0.0842308928750701,5,6405.25,560.18,0.1717,0
320,92582,46202,84,Self-employed,Rent,0.3956004765600088,5,7715.17,720.11,0.4889,0
618,153553,13407,24,Employed,Rent,0.4126887508080034,4,12796.08,606.36,0.4601,0
660,116775,6979,84,Employed,Rent,0.5887034053579124,5,9731.25,108.78,0.5999,1
423,163777,33387,84,Retired,Rent,0.0719983618539138,0,13648.08,520.38,0.1101,0
620,79389,48907,12,Employed,Rent,0.3601755656181901,2,6615.75,4254.34,1.0032,0
840,130032,34164,24,Employed,Own,0.2839852341727618,4,10836.0,1545.15,0.4266,1
410,110088,7689,84,Self-employed,Mortgage,0.2591778203905483,2,9174.0,119.84,0.2722,0
813,112234,21325,120,Unemployed,Own,0.5878984597303327,2,9352.83,258.73,0.6156,0
306,58677,31838,84,Retired,Own,0.2420531406929454,3,4889.75,496.23,0.3435,0
338,78574,26071,120,Employed,Mortgage,0.2580198663754259,0,6547.83,316.31,0.3063,0
762,41778,44127,84,Employed,Rent,0.0030154067183933,2,3481.5,687.77,0.2006,0
542,60626,15361,84,Employed,Mortgage,0.5816601148971878,0,5052.17,239.42,0.629,0
794,45026,42179,60,Employed,Rent,0.000812839390426,5,3752.17,855.24,0.2287,0
438,99826,47926,12,Employed,Own,0.2139934475871541,0,8318.83,4169.01,0.7151,0
417,82618,27638,24,Self-employed,Mortgage,0.3227681951311087,1,6884.83,1249.99,0.5043,0
537,186332,25240,12,Employed,Rent,0.3115645564054496,2,15527.67,2195.59,0.453,0
441,67318,16667,84,Employed,Rent,0.5750085544485755,3,5609.83,259.78,0.6213,0
641,143336,48229,36,Employed,Rent,0.557457199658174,2,11944.67,1511.32,0.684,0
533,47368,9533,12,Employed,Own,0.1460933854554887,4,3947.33,829.26,0.3562,0
685,141392,5990,24,Employed,Rent,0.3226588499337453,1,11782.67,270.91,0.3457,1
587,164446,17054,36,Employed,Rent,0.3246099564659314,3,13703.83,534.41,0.3636,0
495,56724,45542,84,Employed,Own,0.3357797890118869,4,4727.0,709.83,0.4859,0
847,112136,49477,120,Unemployed,Own,0.2651965866851142,3,9344.67,600.29,0.3294,1
746,78227,31022,60,Employed,Own,0.0771819800894977,4,6518.92,629.01,0.1737,1
623,45687,43691,120,Employed,Rent,0.0033728324768369,2,3807.25,530.09,0.1426,0
713,175931,39215,24,Unemployed,Rent,0.2215503758091764,1,14660.92,1773.59,0.3425,1
456,91847,41116,36,Employed,Rent,0.1792842685391283,3,7653.92,1288.43,0.3476,0
777,105161,5191,84,Employed,Rent,0.4046870617548165,1,8763.42,80.91,0.4139,1
431,178635,38719,12,Employed,Mortgage,0.5557509521818769,0,14886.25,3368.1,0.782,0
423,52819,32325,60,Employed,Rent,0.2775173013139579,5,4401.58,655.43,0.4264,0
318,190829,6432,12,Unemployed,Rent,0.5102732322896686,4,15902.42,559.51,0.5455,0
347,80790,6321,60,Employed,Mortgage,0.1258354567701621,2,6732.5,128.17,0.1449,0
832,125572,17257,84,Employed,Mortgage,0.2027533014309634,4,10464.33,268.97,0.2285,1
660,142059,39711,12,Employed,Mortgage,0.3978508200394886,4,11838.25,3454.4,0.6897,0
642,23691,32845,60,Self-employed,Rent,0.1442809951467181,2,1974.25,665.98,0.4816,0
389,68624,8608,36,Employed,Rent,0.5815311664602325,2,5718.67,269.74,0.6287,0
717,59241,19913,84,Employed,Rent,0.4632617918166358,3,4936.75,310.37,0.5261,1
625,178694,48841,24,Retired,Mortgage,0.3558676230483614,2,14891.17,2208.95,0.5042,0
384,167855,29744,12,Employed,Mortgage,0.2885101730210535,4,13987.92,2587.38,0.4735,0
784,20181,17385,36,Employed,Own,0.4968774969327235,2,1681.75,544.78,0.8208,0
414,26388,46670,60,Employed,Own,0.2119172044613622,0,2199.0,946.3,0.6422,0
347,116172,17434,84,Employed,Rent,0.2051196239307771,4,9681.0,271.73,0.2332,0
610,35397,35293,24,Unemployed,Rent,0.4050091755500805,2,2949.75,1596.21,0.9461,0
354,186193,36862,12,Self-employed,Rent,0.4396543460938664,3,15516.08,3206.57,0.6463,0
447,88034,42421,36,Employed,Own,0.1549586822795272,2,7336.17,1329.32,0.3362,0
324,153744,37633,84,Unemployed,Rent,0.2313317181484548,1,12812.0,586.56,0.2771,0
821,84629,10053,120,Employed,Rent,0.473033325145316,2,7052.42,121.97,0.4903,1
376,152671,37363,12,Unemployed,Mortgage,0.291660073450713,0,12722.58,3250.15,0.5471,0
566,71362,7109,12,Employed,Rent,0.0353671717873574,4,5946.83,618.4,0.1394,0
688,54366,2427,84,Employed,Rent,0.582699212680785,1,4530.5,37.83,0.591,1
804,51702,36123,60,Employed,Rent,0.1220861733342505,1,4308.5,732.44,0.2921,1
727,89296,5313,120,Employed,Mortgage,0.5306244338403525,5,7441.33,64.46,0.5393,1
345,85043,40606,36,Employed,Rent,0.1188103652874362,0,7086.92,1272.44,0.2984,0
550,197218,42309,60,Self-employed,Mortgage,0.1794978569967748,5,16434.83,857.87,0.2317,0
339,114731,22898,120,Unemployed,Own,0.5992929071739482,4,9560.92,277.82,0.6284,0
415,129683,9477,36,Employed,Own,0.0235965306122023,1,10806.92,296.97,0.0511,0
718,146447,37963,84,Employed,Own,0.5187675127453472,4,12203.92,591.7,0.5673,1
825,83442,31878,120,Retired,Mortgage,0.3784102736911522,5,6953.5,386.77,0.434,1
541,48373,44973,36,Retired,Mortgage,0.1846915067853789,5,4031.08,1409.29,0.5343,0
397,71848,46148,60,Self-employed,Rent,0.0279243716227367,3,5987.33,935.72,0.1842,0
306,35180,23121,120,Employed,Rent,0.3939659956579291,5,2931.67,280.52,0.4897,0
682,91524,26574,60,Employed,Own,0.2211744552292092,1,7627.0,538.82,0.2918,1
322,34319,35638,24,Employed,Rent,0.4800504465686913,0,2859.92,1611.81,1.0436,0
730,105894,23673,36,Self-employed,Mortgage,0.1357511142846476,3,8824.5,741.83,0.2198,1
722,113729,29697,120,Self-employed,Rent,0.0441133820743915,1,9477.42,360.31,0.0821,1
652,118474,23288,12,Employed,Mortgage,0.1583685184112066,5,9872.83,2025.79,0.3636,1
578,176929,40839,24,Self-employed,Mortgage,0.0428810943060492,4,14744.08,1847.04,0.1682,0
559,45951,3772,84,Employed,Rent,0.3230418427116217,2,3829.25,58.79,0.3384,0
833,94542,1520,24,Retired,Mortgage,0.431463486288977,2,7878.5,68.75,0.4402,1
821,160027,2169,84,Unemployed,Own,0.0315546037575798,2,13335.58,33.81,0.0341,1
617,121342,5329,12,Employed,Mortgage,0.0583452514092803,5,10111.83,463.56,0.1042,0
470,94526,24642,36,Employed,Own,0.1915879681391543,4,7877.17,772.19,0.2896,0
331,148878,4724,12,Employed,Mortgage,0.1350781756766794,3,12406.5,410.93,0.1682,0
655,49668,24320,60,Self-employed,Mortgage,0.3752459328730894,1,4139.0,493.12,0.4944,0
378,40628,20251,36,Employed,Own,0.5397577994590474,4,3385.67,634.59,0.7272,0
396,119615,47252,24,Retired,Rent,0.450720164081913,0,9967.92,2137.08,0.6651,0
818,176132,25421,84,Self-employed,Own,0.5971262062732435,1,14677.67,396.22,0.6241,0
465,125353,40584,84,Employed,Rent,0.0945044639364075,2,10446.08,632.55,0.1551,0
421,125833,21595,36,Employed,Mortgage,0.5889459466772562,2,10486.08,676.71,0.6535,0
314,113280,15241,12,Employed,Mortgage,0.1254473843552358,5,9440.0,1325.79,0.2659,0
407,70087,47028,60,Retired,Mortgage,0.0147156267864669,1,5840.58,953.56,0.178,0
785,97781,19637,84,Retired,Mortgage,0.3149176154710696,2,8148.42,306.07,0.3525,1
415,172873,43622,24,Employed,Own,0.4880854617350694,1,14406.08,1972.9,0.625,0
693,137786,5083,120,Self-employed,Rent,0.3802478260344256,5,11482.17,61.67,0.3856,1
708,119303,33107,24,Employed,Own,0.3214331809037927,2,9941.92,1497.34,0.472,1
666,103838,8887,36,Employed,Rent,0.364340604088639,0,8653.17,278.49,0.3965,1
633,152605,34029,36,Employed,Rent,0.3253779231485413,1,12717.08,1066.35,0.4092,0
814,149833,25145,120,Unemployed,Rent,0.444464915216203,2,12486.08,305.08,0.4689,1
698,114140,31104,24,Retired,Mortgage,0.2233025728571322,0,9511.67,1406.75,0.3712,1
469,107481,32456,24,Retired,Mortgage,0.3086180292825863,0,8956.75,1467.9,0.4725,0
578,173322,23286,12,Employed,Rent,0.5483621864800228,1,14443.5,2025.61,0.6886,0
656,49113,30002,24,Self-employed,Mortgage,0.3841728239838362,3,4092.75,1356.91,0.7157,0
344,23749,37035,24,Unemployed,Rent,0.5614393239524074,1,1979.08,1674.99,1.4078,0
431,160325,38218,60,Employed,Own,0.1380858541133443,4,13360.42,774.92,0.1961,0
547,122024,9815,60,Employed,Rent,0.2960163968279967,5,10168.67,199.01,0.3156,0
750,59802,25343,84,Employed,Mortgage,0.4485534678006646,1,4983.5,395.0,0.5278,1
700,76183,6034,12,Employed,Mortgage,0.2291898052071497,0,6348.58,524.89,0.3119,1
521,54086,36151,36,Unemployed,Own,0.1135983219267998,1,4507.17,1132.84,0.3649,0
515,44829,29873,12,Employed,Mortgage,0.1527988982679387,3,3735.75,2598.61,0.8484,0
702,172611,11666,60,Self-employed,Rent,0.0394688832163427,5,14384.25,236.54,0.0559,1
774,119561,7691,24,Retired,Own,0.0741371436708118,5,9963.42,347.84,0.109,1
359,153345,19423,60,Employed,Rent,0.3142003011061974,2,12778.75,393.83,0.345,0
777,56230,8739,120,Self-employed,Rent,0.5547750026964494,1,4685.83,106.03,0.5774,1
426,153741,6888,60,Retired,Mortgage,0.3637378973891373,1,12811.75,139.66,0.3746,0
753,157870,6078,36,Employed,Rent,0.0479100074917731,2,13155.83,190.46,0.0624,1
445,116521,7972,120,Employed,Mortgage,0.3999071954536265,1,9710.08,96.72,0.4099,0
640,47236,32660,60,Employed,Rent,0.5725946390328802,5,3936.33,662.23,0.7408,0
772,104770,24695,84,Unemployed,Rent,0.4218109270923732,0,8730.83,384.9,0.4659,1
332,134184,34841,84,Self-employed,Own,0.0114047402027849,2,11182.0,543.04,0.06,0
803,154991,10191,36,Employed,Rent,0.412109204249229,4,12915.92,319.35,0.4368,1
620,137438,39069,84,Employed,Rent,0.2596589125062506,4,11453.17,608.94,0.3128,0
389,77676,17779,24,Unemployed,Rent,0.4666975545388517,4,6473.0,804.1,0.5909,0
779,159784,37403,12,Employed,Mortgage,0.2234057780984967,5,13315.33,3253.63,0.4678,1
702,68081,38410,60,Employed,Rent,0.4957006644414216,5,5673.42,778.82,0.633,0
486,199567,30424,120,Unemployed,Mortgage,0.3999842994233378,1,16630.58,369.13,0.4222,0
540,159308,10774,36,Unemployed,Mortgage,0.2299022834995478,2,13275.67,337.62,0.2553,0
522,20956,37794,60,Employed,Own,0.1408016600905764,2,1746.33,766.33,0.5796,0
500,137725,28154,120,Self-employed,Rent,0.4303448232188199,0,11477.08,341.59,0.4601,0
705,167652,17836,36,Unemployed,Rent,0.3108360524986543,2,13971.0,558.92,0.3508,1
346,112097,32128,24,Employed,Mortgage,0.0046143524837458,3,9341.42,1453.06,0.1602,0
486,194463,21180,84,Employed,Rent,0.589396422610453,4,16205.25,330.12,0.6098,0
822,87096,45906,12,Employed,Rent,0.0066100824968245,0,7258.0,3993.29,0.5568,1
602,61068,32064,36,Employed,Own,0.4446413008399265,4,5089.0,1004.77,0.6421,0
632,114434,11033,12,Self-employed,Own,0.2323984355382116,0,9536.17,959.74,0.333,0
812,94613,20663,12,Retired,Rent,0.3297217612516174,1,7884.42,1797.44,0.5577,1
813,121833,49723,120,Employed,Rent,0.1432583470349916,4,10152.75,603.28,0.2027,1
484,36304,26193,24,Employed,Mortgage,0.4375362795364695,0,3025.33,1184.64,0.8291,0
547,199676,13986,24,Unemployed,Rent,0.2478754707407872,1,16639.67,632.55,0.2859,0
340,33259,3747,36,Retired,Own,0.229939753331874,2,2771.58,117.42,0.2723,0
661,87135,2750,12,Employed,Own,0.1589974543785285,2,7261.25,239.22,0.1919,1
649,192367,37984,12,Retired,Mortgage,0.3367572280929221,0,16030.58,3304.17,0.5429,0
450,90448,41280,84,Unemployed,Rent,0.524622511062605,5,7537.33,643.4,0.61,0
513,41793,24856,60,Unemployed,Rent,0.3004393853442992,4,3482.75,503.99,0.4451,0
808,38768,16149,12,Employed,Own,0.4269708707031153,4,3230.67,1404.78,0.8618,0
443,48424,21959,36,Employed,Rent,0.5239251521537583,4,4035.33,688.12,0.6944,0
774,127756,38346,120,Self-employed,Rent,0.348724808953155,3,10646.33,465.24,0.3924,1
639,94752,5163,84,Employed,Rent,0.3467463151768902,3,7896.0,80.47,0.3569,0
676,156394,23946,84,Employed,Rent,0.3924625543236484,2,13032.83,373.23,0.4211,1
365,74337,6773,60,Employed,Own,0.0678574238095704,3,6194.75,137.33,0.09,0
546,53935,23880,24,Employed,Rent,0.2972662257911148,4,4494.58,1080.03,0.5376,0
592,134341,32814,24,Employed,Mortgage,0.4125142798337251,3,11195.08,1484.09,0.5451,0
621,148337,12516,12,Employed,Own,0.2281237128762498,0,12361.42,1088.75,0.3162,0
703,180992,6198,36,Unemployed,Mortgage,0.5858217158823233,3,15082.67,194.22,0.5987,1
612,109927,10472,60,Retired,Mortgage,0.3700282602609219,3,9160.58,212.33,0.3932,0
534,98490,16506,12,Self-employed,Own,0.163167073129119,0,8207.5,1435.83,0.3381,0
684,117218,5309,120,Employed,Own,0.1974203015668855,0,9768.17,64.41,0.204,1
539,126711,30914,12,Employed,Rent,0.1762673074123661,1,10559.25,2689.16,0.4309,0
589,70289,10892,24,Self-employed,Mortgage,0.4379865787125279,4,5857.42,492.62,0.5221,0
321,56448,1633,12,Employed,Rent,0.369116452097599,0,4704.0,142.05,0.3993,0
354,161817,40871,36,Retired,Rent,0.5269131780786585,1,13484.75,1280.75,0.6219,0
414,23639,5374,12,Employed,Rent,0.1444281726248096,1,1969.92,467.48,0.3817,0
765,24275,31528,12,Employed,Mortgage,0.3213222780332892,3,2022.92,2742.57,1.6771,0
326,63652,1191,84,Retired,Mortgage,0.4369189905193695,1,5304.33,18.56,0.4404,0
445,184753,6596,24,Self-employed,Mortgage,0.5922630547000325,1,15396.08,298.32,0.6116,0
665,79022,49145,12,Employed,Own,0.248631035834955,1,6585.17,4275.05,0.8978,0
610,71984,9773,84,Retired,Mortgage,0.4731370275665525,1,5998.67,152.32,0.4985,0
794,51449,25570,24,Employed,Own,0.4467623522790198,2,4287.42,1156.46,0.7165,0
600,62037,29186,12,Employed,Rent,0.0351341429665618,0,5169.75,2538.84,0.5262,0
575,199833,5253,36,Self-employed,Rent,0.0084810765084026,4,16652.75,164.61,0.0184,0
840,148354,35051,24,Unemployed,Own,0.013279993771932,1,12362.83,1585.26,0.1415,1
342,189286,35829,120,Employed,Rent,0.0524016389403651,2,15773.83,434.7,0.08,0
780,108065,23851,24,Employed,Own,0.1499616967739764,5,9005.42,1078.72,0.2697,1
801,158226,43894,84,Employed,Rent,0.4194579232055365,4,13185.5,684.14,0.4713,1
385,101066,29879,120,Employed,Own,0.3534820569408427,4,8422.17,362.51,0.3965,0
522,160801,21909,84,Self-employed,Own,0.0395484557076451,1,13400.08,341.48,0.065,0
850,64603,24841,12,Self-employed,Rent,0.331247056269257,1,5383.58,2160.88,0.7326,0
434,61096,21278,84,Employed,Mortgage,0.2938767863413784,1,5091.33,331.64,0.359,0
797,124502,23011,12,Unemployed,Own,0.0510954523114142,0,10375.17,2001.69,0.244,1
551,37800,29864,36,Employed,Mortgage,0.5630359106059674,0,3150.0,935.83,0.8601,0
746,153433,1231,60,Unemployed,Rent,0.1223080544250116,2,12786.08,24.96,0.1243,1
593,35035,44995,120,Retired,Rent,0.0521553337812728,2,2919.58,545.91,0.2391,0
309,178967,5001,120,Retired,Own,0.1917654699048168,3,14913.92,60.68,0.1958,0
333,83654,33988,84,Unemployed,Own,0.0870245680667843,3,6971.17,529.74,0.163,0
806,50806,35384,120,Employed,Rent,0.402740060281481,1,4233.83,429.31,0.5041,1
355,80463,32179,24,Employed,Own,0.1279905405433415,1,6705.25,1455.37,0.345,0
363,128303,3291,36,Unemployed,Own,0.3480956460705797,4,10691.92,103.13,0.3577,0
688,138719,9891,12,Unemployed,Own,0.375839177594027,1,11559.92,860.4,0.4503,1
320,23989,12691,120,Unemployed,Rent,0.1159418181674322,3,1999.08,153.98,0.193,0
516,177347,48532,120,Unemployed,Mortgage,0.194935824330664,3,14778.92,588.83,0.2348,0
672,190038,11847,36,Self-employed,Rent,0.5611160298174525,0,15836.5,371.24,0.5846,1
452,111713,37427,84,Self-employed,Mortgage,0.5974533533186458,1,9309.42,583.35,0.6601,0
693,80271,21198,120,Self-employed,Mortgage,0.2480103199783742,3,6689.25,257.19,0.2865,1
340,93674,22575,60,Employed,Own,0.0119813961273276,3,7806.17,457.74,0.0706,0
659,71868,27952,12,Employed,Rent,0.4560474472698542,0,5989.0,2431.5,0.862,0
550,160751,21730,120,Employed,Mortgage,0.1866772370780373,1,13395.92,263.64,0.2064,0
520,95906,11072,60,Employed,Rent,0.1271581739277701,3,7992.17,224.5,0.1552,0
649,194151,48604,120,Employed,Rent,0.1970772845229962,0,16179.25,589.7,0.2335,0
527,34894,45297,36,Employed,Mortgage,0.0860585305454398,5,2907.83,1419.44,0.5742,0
843,42073,4678,36,Employed,Rent,0.3610279461975154,3,3506.08,146.59,0.4028,0
426,116990,35930,36,Self-employed,Mortgage,0.4828778602812605,0,9749.17,1125.92,0.5984,0
610,52786,19035,24,Employed,Mortgage,0.0401125987785937,3,4398.83,860.9,0.2358,0
612,195649,35927,120,Self-employed,Mortgage,0.1462961448031862,4,16304.08,435.89,0.173,0
439,49501,24837,12,Self-employed,Mortgage,0.1346478942398668,2,4125.08,2160.53,0.6584,0
461,123884,4275,60,Employed,Rent,0.0153795994805253,5,10323.67,86.68,0.0238,0
360,168785,19944,84,Unemployed,Mortgage,0.1506168750347099,2,14065.42,310.85,0.1727,0
685,83401,4368,120,Employed,Own,0.2338871140808588,5,6950.08,53.0,0.2415,1
535,35264,31419,24,Retired,Mortgage,0.1791630320615255,0,2938.67,1421.0,0.6627,0
523,122011,25959,36,Self-employed,Own,0.3360390468370056,1,10167.58,813.46,0.416,0
659,76377,32542,60,Self-employed,Mortgage,0.5800749939024803,4,6364.75,659.83,0.6837,0
598,74769,40664,120,Self-employed,Rent,0.147893352976164,1,6230.75,493.37,0.2271,0
549,188482,37016,120,Employed,Rent,0.5148894715466318,0,15706.83,449.11,0.5435,0
342,124156,31160,36,Retired,Own,0.2766127718078109,1,10346.33,976.44,0.371,0
314,166956,27065,84,Employed,Mortgage,0.2644497722515036,5,13913.0,421.84,0.2948,0
359,120163,23822,60,Employed,Own,0.2083906566876157,4,10013.58,483.02,0.2566,0
786,117467,49430,60,Employed,Mortgage,0.0879123819698974,4,9788.92,1002.26,0.1903,1
510,159888,48216,84,Employed,Rent,0.4440756651863473,4,13324.0,751.5,0.5005,0
470,171535,47853,120,Employed,Mortgage,0.0081872838945868,0,14294.58,580.59,0.0488,0
562,139025,21275,60,Employed,Rent,0.1969022621631644,0,11585.42,431.38,0.2341,0
530,54836,26101,24,Unemployed,Mortgage,0.2563097661264074,4,4569.67,1180.48,0.5146,0
379,57598,9259,120,Employed,Mortgage,0.0150871441656341,5,4799.83,112.34,0.0385,0
425,70680,29395,36,Employed,Rent,0.3476682264829629,3,5890.0,921.13,0.5041,0
411,109787,6403,60,Self-employed,Rent,0.2543897385072042,5,9148.92,129.83,0.2686,0
425,136963,38339,120,Employed,Rent,0.2046307599532577,1,11413.58,465.16,0.2454,0
490,113109,44660,60,Retired,Own,0.1227404199196085,3,9425.75,905.54,0.2188,0
828,46662,45060,36,Employed,Mortgage,0.1098122648164073,2,3888.5,1412.02,0.4729,0
844,40148,29805,84,Employed,Own,0.0100796493770676,1,3345.67,464.55,0.1489,0
708,114845,32399,120,Unemployed,Own,0.0441858164662213,1,9570.42,393.09,0.0853,1
756,152758,14398,12,Retired,Rent,0.1275963442114233,4,12729.83,1252.46,0.226,1
619,94219,24741,36,Employed,Mortgage,0.5644923259447953,2,7851.58,775.29,0.6632,0
715,189820,7465,12,Unemployed,Rent,0.5411116979219052,2,15818.33,649.37,0.5822,1
752,28951,43112,60,Employed,Rent,0.3815475658730987,3,2412.58,874.16,0.7439,0
710,62281,32725,36,Retired,Rent,0.4440844420265469,4,5190.08,1025.48,0.6417,0
515,179904,45217,36,Unemployed,Mortgage,0.2271353859061309,3,14992.0,1416.94,0.3216,0
798,195208,13346,84,Employed,Rent,0.0363997255944327,0,16267.33,208.01,0.0492,1
305,170958,33685,84,Employed,Mortgage,0.4512629946436792,1,14246.5,525.02,0.4881,0
622,100875,11960,60,Employed,Rent,0.5617153237191745,0,8406.25,242.51,0.5906,0
753,169031,40028,84,Employed,Rent,0.4433374872652512,0,14085.92,623.88,0.4876,1
606,79197,29238,24,Retired,Mortgage,0.149065957280453,1,6599.75,1322.36,0.3494,0
722,130618,17521,60,Employed,Mortgage,0.0060477229200674,2,10884.83,355.26,0.0387,1
711,161665,16184,84,Employed,Rent,0.5124077121030692,5,13472.08,252.25,0.5311,1
699,69796,46883,12,Employed,Rent,0.1533829338012812,2,5816.33,4078.28,0.8546,0
586,142716,10963,84,Employed,Mortgage,0.038528471519709,3,11893.0,170.87,0.0529,0
593,150483,28801,24,Self-employed,Rent,0.1581424938491067,4,12540.25,1302.59,0.262,0
422,46352,7528,120,Employed,Rent,0.1407908604616725,3,3862.67,91.34,0.1644,0
452,81478,31621,36,Unemployed,Mortgage,0.1223084469019388,0,6789.83,990.89,0.2682,0
471,109649,26796,36,Self-employed,Own,0.5920080859432538,5,9137.42,839.69,0.6839,0
408,117774,40626,60,Employed,Rent,0.4806133519443802,3,9814.5,823.75,0.5645,0
726,179983,23122,60,Employed,Own,0.0735018931309675,3,14998.58,468.83,0.1048,1
609,55711,35854,120,Self-employed,Rent,0.0823536087493312,0,4642.58,435.01,0.1761,0
729,131547,11442,120,Unemployed,Mortgage,0.2034938378931425,1,10962.25,138.82,0.2162,1
521,31253,30247,12,Employed,Own,0.3606347407700952,1,2604.42,2631.14,1.3709,0
318,153043,1952,120,Self-employed,Mortgage,0.0570866509124051,5,12753.58,23.68,0.0589,0
477,185516,3687,36,Employed,Mortgage,0.0575931085358128,0,15459.67,115.54,0.0651,0
493,96272,16466,36,Employed,Rent,0.353498687958977,0,8022.67,515.98,0.4178,0
531,135837,46387,12,Retired,Rent,0.4621080444983929,2,11319.75,4035.13,0.8186,0
341,28215,28068,120,Employed,Own,0.5875040920854415,4,2351.25,340.54,0.7323,0
545,95427,12124,60,Self-employed,Mortgage,0.340926714658249,5,7952.25,245.83,0.3718,0
733,43958,5215,84,Employed,Own,0.386557033645363,3,3663.17,81.28,0.4087,0
711,134634,28600,120,Employed,Mortgage,0.0126938415454348,5,11219.5,347.0,0.0436,1
507,90141,7870,24,Employed,Own,0.1054069095931471,3,7511.75,355.94,0.1528,0
366,137766,48859,120,Employed,Rent,0.3548414687482908,1,11480.5,592.79,0.4065,0
512,124374,36950,84,Employed,Rent,0.0897832918534508,5,10364.5,575.91,0.1453,0
832,154361,6935,120,Employed,Rent,0.2907897976718518,3,12863.42,84.14,0.2973,1
399,95845,29103,12,Self-employed,Rent,0.3882198575435791,5,7987.08,2531.62,0.7052,0
535,102032,28130,12,Employed,Rent,0.4979146004417226,5,8502.67,2446.98,0.7857,0
621,160820,35149,84,Self-employed,Rent,0.3728368311425009,1,13401.67,547.84,0.4137,0
701,170491,14208,24,Employed,Rent,0.5719933418731067,3,14207.58,642.59,0.6172,0
326,66844,32221,24,Self-employed,Mortgage,0.2273894130638011,0,5570.33,1457.27,0.489,0
412,102399,38313,60,Self-employed,Mortgage,0.5705885128411726,4,8533.25,776.85,0.6616,0
669,34437,36770,120,Employed,Mortgage,0.437293644155958,5,2869.75,446.12,0.5927,0
347,68199,49586,60,Employed,Rent,0.0588116300772155,3,5683.25,1005.43,0.2357,0
783,131162,47569,84,Employed,Rent,0.0701521008584943,4,10930.17,741.42,0.138,1
394,185466,14147,60,Employed,Own,0.1334813095101636,2,15455.5,286.85,0.152,0
612,177252,23681,120,Employed,Mortgage,0.368766154790689,1,14771.0,287.32,0.3882,0
834,138669,25253,12,Retired,Rent,0.4603359533821766,1,11555.75,2196.72,0.6504,0
312,67552,42523,60,Self-employed,Rent,0.0580504157736115,3,5629.33,862.21,0.2112,0
330,195014,11794,60,Employed,Rent,0.55840181543799,2,16251.17,239.14,0.5731,0
398,62953,37952,60,Self-employed,Own,0.4960045039231111,4,5246.08,769.53,0.6427,0
386,52127,48081,24,Self-employed,Mortgage,0.184723105000685,1,4343.92,2174.57,0.6853,0
688,169804,44201,120,Employed,Rent,0.1331974830702409,2,14150.33,536.28,0.1711,1
745,79534,45308,12,Employed,Rent,0.3657957507237655,1,6627.83,3941.27,0.9605,0
671,27827,47693,60,Employed,Mortgage,0.4582141385058341,1,2318.92,967.04,0.8752,0
604,148703,42157,60,Self-employed,Rent,0.2896957154043075,3,12391.92,854.79,0.3587,0
573,93054,10777,120,Employed,Mortgage,0.3798863794528881,4,7754.5,130.75,0.3967,0
380,55377,47223,12,Employed,Rent,0.2937980344163826,5,4614.75,4107.85,1.184,0
428,159871,13296,60,Employed,Own,0.5038197494203378,3,13322.58,269.59,0.5241,0
766,169988,16045,36,Retired,Mortgage,0.2897910227527699,1,14165.67,502.79,0.3253,1
795,54836,19453,24,Employed,Mortgage,0.2567920552915567,4,4569.67,879.81,0.4493,1
306,131845,5045,84,Employed,Own,0.2388281400743168,2,10987.08,78.63,0.246,0
307,125395,10224,120,Self-employed,Mortgage,0.0473033728381664,0,10449.58,124.05,0.0592,0
336,186173,10275,36,Employed,Mortgage,0.3183526021874752,1,15514.42,321.98,0.3391,0
607,69834,44484,36,Employed,Own,0.3655821442791678,2,5819.5,1393.97,0.6051,0
584,103459,2133,36,Unemployed,Mortgage,0.1365291942718036,5,8621.58,66.84,0.1443,0
388,70527,43266,60,Employed,Rent,0.0877319376267374,1,5877.25,877.28,0.237,0
445,165343,41377,120,Employed,Rent,0.3781192132500443,5,13778.58,502.02,0.4146,0
794,28681,18510,36,Employed,Rent,0.4932117280270907,2,2390.08,580.04,0.7359,0
609,173110,21977,120,Unemployed,Own,0.5852762507289863,1,14425.83,266.64,0.6038,0
317,32359,35207,12,Employed,Rent,0.0115015830871036,2,2696.58,3062.6,1.1472,0
700,178795,9267,24,Employed,Rent,0.210077886941179,0,14899.58,419.12,0.2382,1
712,43695,14846,120,Self-employed,Own,0.5292245760276804,1,3641.25,180.12,0.5787,0
443,194059,17385,12,Employed,Mortgage,0.1055814125479902,0,16171.58,1512.29,0.1991,0
438,108410,25442,36,Employed,Mortgage,0.4087120403766121,5,9034.17,797.26,0.497,0
337,140390,38082,84,Employed,Mortgage,0.2672645231742411,0,11699.17,593.55,0.318,0
462,60319,47255,24,Self-employed,Rent,0.1033515759411469,1,5026.58,2137.22,0.5285,0
653,131651,5644,24,Employed,Rent,0.2772660588944859,2,10970.92,255.26,0.3005,1
596,157085,2255,120,Employed,Rent,0.0865206798090386,2,13090.42,27.36,0.0886,0
523,173321,29399,120,Employed,Rent,0.59379067307649,0,14443.42,356.69,0.6185,0
430,132581,6890,36,Unemployed,Rent,0.4129283563158003,0,11048.42,215.91,0.4325,0
538,155857,8854,36,Retired,Rent,0.1181713621734063,5,12988.08,277.45,0.1395,0
826,93728,6528,24,Self-employed,Rent,0.1326492924823746,5,7810.67,295.24,0.1704,1
382,165092,10403,84,Employed,Rent,0.1836587137319253,2,13757.67,162.14,0.1954,0
495,143176,15884,24,Self-employed,Rent,0.1044951324943272,3,11931.33,718.39,0.1647,0
343,45140,44149,12,Employed,Rent,0.4141117132812701,2,3761.67,3840.45,1.4351,0
560,147407,40317,12,Retired,Rent,0.0587241453020753,0,12283.92,3507.11,0.3442,0
668,145057,3292,120,Self-employed,Rent,0.1823929157821977,2,12088.08,39.94,0.1857,1
764,162143,17693,120,Employed,Mortgage,0.5297819550144182,4,13511.92,214.66,0.5457,1
513,67410,4088,24,Employed,Own,0.4042669111810164,3,5617.5,184.89,0.4372,0
586,198334,26292,60,Retired,Own,0.4844500311546103,4,16527.83,533.11,0.5167,0
789,144643,12023,60,Employed,Mortgage,0.4488154524810825,5,12053.58,243.78,0.469,1
592,45513,38101,12,Self-employed,Rent,0.3502002042493088,3,3792.75,3314.35,1.2241,0
328,85762,13434,24,Self-employed,Mortgage,0.0249744830822104,3,7146.83,607.58,0.11,0
618,76796,15380,60,Unemployed,Mortgage,0.4370762870847069,4,6399.67,311.85,0.4858,0
327,103962,31520,12,Employed,Rent,0.5100114670508564,0,8663.5,2741.88,0.8265,0
304,192585,19600,36,Employed,Rent,0.048658278827722,2,16048.75,614.19,0.0869,0
324,187087,22493,60,Employed,Mortgage,0.0861097599958234,1,15590.58,456.08,0.1154,0
780,133529,48745,24,Unemployed,Rent,0.0380709414740437,4,11127.42,2204.6,0.2362,1
614,173611,6587,60,Employed,Mortgage,0.3222280256804847,3,14467.58,133.56,0.3315,0
437,142281,28107,120,Employed,Rent,0.5624275549096472,3,11856.75,341.02,0.5912,0
819,183427,23025,60,Employed,Own,0.3912932945466619,4,15285.58,466.86,0.4218,1
309,171405,26661,24,Employed,Mortgage,0.5446655122701457,0,14283.75,1205.8,0.6291,0
825,43381,2572,12,Self-employed,Rent,0.1271771418970354,4,3615.08,223.73,0.1891,0
343,115164,16836,12,Employed,Own,0.5875362742869341,4,9597.0,1464.54,0.7401,0
707,105974,49783,84,Employed,Own,0.5723381109180631,3,8831.17,775.93,0.6602,0
628,112444,30129,24,Unemployed,Rent,0.269923907442409,2,9370.33,1362.65,0.4153,0
413,149114,17849,120,Employed,Rent,0.2849037065600989,4,12426.17,216.56,0.3023,0
758,31327,32497,24,Employed,Rent,0.4548712416552188,1,2610.58,1469.75,1.0179,0
343,71112,34415,84,Unemployed,Own,0.2630772407111729,3,5926.0,536.4,0.3536,0
513,165950,44601,84,Employed,Rent,0.3675751364697606,3,13829.17,695.16,0.4178,0
552,176509,19536,12,Employed,Own,0.4067660476496992,4,14709.08,1699.41,0.5223,0
376,101645,40244,120,Employed,Rent,0.0682461244915832,2,8470.42,488.27,0.1259,0
320,29809,23416,36,Employed,Rent,0.5784191094749459,0,2484.08,733.77,0.8738,0
809,128617,31055,84,Unemployed,Rent,0.2303610882659311,3,10718.08,484.03,0.2755,1
419,94681,36140,84,Self-employed,Own,0.1147922233341987,3,7890.08,563.29,0.1862,0
764,195660,13869,84,Retired,Rent,0.4520619981308051,4,16305.0,216.17,0.4653,1
446,93810,37309,24,Employed,Mortgage,0.1611740938916549,2,7817.5,1687.39,0.377,0
787,144700,26464,84,Employed,Own,0.0203682548745643,5,12058.33,412.47,0.0546,1
716,149217,4568,60,Employed,Mortgage,0.1665803782024024,4,12434.75,92.62,0.174,1
613,162621,20232,120,Self-employed,Rent,0.5072537025914375,4,13551.75,245.47,0.5254,0
822,99154,48298,84,Employed,Own,0.4100414307153933,3,8262.83,752.78,0.5011,1
533,23827,14408,84,Employed,Rent,0.2436661380708817,2,1985.58,224.57,0.3568,0
725,134379,6741,36,Employed,Rent,0.5844955535494092,2,11198.25,211.24,0.6034,0
702,143721,6882,24,Employed,Own,0.4439051760908568,3,11976.75,311.25,0.4699,1
598,127956,41211,24,Employed,Rent,0.405155910011219,3,10663.0,1863.86,0.58,0
667,95642,10313,12,Employed,Own,0.4213492366339362,5,7970.17,897.11,0.5339,1
453,157384,35174,60,Employed,Own,0.4856435156501212,0,13115.33,713.2,0.54,0
455,155431,2654,12,Employed,Own,0.0844998042151315,3,12952.58,230.87,0.1023,0
755,84194,4566,36,Employed,Own,0.4421810388748464,2,7016.17,143.08,0.4626,1
546,175522,28036,120,Employed,Rent,0.2215341650444349,4,14626.83,340.15,0.2448,0
640,158759,38851,120,Employed,Mortgage,0.0963475166761125,3,13229.92,471.37,0.132,0
777,179027,46129,24,Self-employed,Rent,0.4661186152696435,5,14918.92,2086.29,0.606,0
712,51829,40114,84,Retired,Own,0.1342290824638737,3,4319.08,625.23,0.279,1
772,50146,6913,60,Employed,Mortgage,0.1523970941300165,1,4178.83,140.17,0.1859,1
614,64621,43599,120,Self-employed,Own,0.0730936525324203,4,5385.08,528.98,0.1713,0
563,129625,39401,84,Employed,Mortgage,0.4761068390882431,1,10802.08,614.11,0.533,0
447,92492,14253,84,Employed,Rent,0.1825949766669042,0,7707.67,222.15,0.2114,0
722,170308,10958,12,Employed,Mortgage,0.1236669556398345,1,14192.33,953.22,0.1908,1
751,20420,33091,120,Retired,Rent,0.0765986401014156,3,1701.67,401.49,0.3125,0
794,170816,44758,36,Employed,Mortgage,0.233198755547886,0,14234.67,1402.55,0.3317,1
846,197935,19875,60,Employed,Rent,0.1593619402339555,3,16494.58,402.99,0.1838,1
547,26406,20827,12,Employed,Own,0.1866736378214018,3,2200.5,1811.71,1.01,0
594,46250,33981,60,Employed,Own,0.0045627868473268,2,3854.17,689.01,0.1833,0
441,198219,36667,120,Self-employed,Mortgage,0.2279988643258999,3,16518.25,444.87,0.2549,0
498,66791,39240,12,Employed,Rent,0.2704231835537011,4,5565.92,3413.43,0.8837,0
716,98030,29528,24,Self-employed,Rent,0.0682719575931091,1,8169.17,1335.47,0.2317,1
351,58648,8059,36,Unemployed,Mortgage,0.4244632948118707,1,4887.33,252.54,0.4761,0
696,50395,9795,60,Employed,Rent,0.0544558957629401,1,4199.58,198.61,0.1017,1
721,136761,25612,84,Self-employed,Rent,0.2713462292780704,3,11396.75,399.19,0.3064,1
576,141846,15034,60,Unemployed,Own,0.1059871734103665,5,11820.5,304.84,0.1318,0
447,34253,43397,36,Unemployed,Rent,0.5960936642517073,4,2854.42,1359.9,1.0725,0
667,128642,40693,36,Employed,Rent,0.478635436221535,3,10720.17,1275.17,0.5976,1
445,56244,10022,12,Employed,Rent,0.1651506815354514,4,4687.0,871.8,0.3512,0
564,116686,16104,120,Self-employed,Mortgage,0.5662196991995309,2,9723.83,195.39,0.5863,0
501,196007,2353,84,Self-employed,Rent,0.5684228361136217,3,16333.92,36.67,0.5707,0
352,184077,23457,36,Employed,Own,0.3536584898590627,3,15339.75,735.06,0.4016,0
683,103132,41475,120,Employed,Own,0.4017805030603779,0,8594.33,503.21,0.4603,1
623,90730,37047,120,Employed,Rent,0.5852313601021121,1,7560.83,449.48,0.6447,0
841,26796,46885,60,Employed,Mortgage,0.4291203564757491,2,2233.0,950.66,0.8549,0
516,146368,32938,12,Self-employed,Rent,0.4349280756222599,4,12197.33,2865.22,0.6698,0
677,33565,38642,84,Employed,Own,0.3797367198135033,0,2797.08,602.28,0.5951,0
662,137940,13931,24,Employed,Own,0.1527873978637678,4,11495.0,630.06,0.2076,1
696,172725,23150,60,Employed,Rent,0.5738872883047759,4,14393.75,469.4,0.6065,0
838,146325,4769,60,Retired,Own,0.5612670586245733,4,12193.75,96.7,0.5692,1
456,182603,34043,84,Retired,Rent,0.5015445768331054,4,15216.92,530.6,0.5364,0
599,180840,29549,84,Employed,Mortgage,0.424443263021687,2,15070.0,460.56,0.455,0
740,165208,21939,36,Employed,Rent,0.1735152277735908,4,13767.33,687.49,0.2235,1
664,170764,48884,36,Employed,Rent,0.2485182994039455,0,14230.33,1531.85,0.3562,1
560,75980,40029,12,Self-employed,Rent,0.2296183819554651,0,6331.67,3482.06,0.7796,0
717,30841,32781,24,Self-employed,Own,0.051299011903967,3,2570.08,1482.6,0.6282,0
563,120296,2838,12,Self-employed,Rent,0.5292179917166232,5,10024.67,246.87,0.5538,0
691,131261,9380,24,Employed,Rent,0.1086416879754191,3,10938.42,424.23,0.1474,1
491,93748,33956,84,Employed,Own,0.2371653767160264,1,7812.33,529.25,0.3049,0
725,44646,16484,36,Self-employed,Own,0.517563746607039,5,3720.5,516.55,0.6564,0
678,93410,29718,36,Employed,Mortgage,0.001431373052211,0,7784.17,931.25,0.1211,1
693,179127,2507,12,Unemployed,Mortgage,0.0935182456218805,3,14927.25,218.08,0.1081,1
794,33926,31238,120,Retired,Own,0.5771974196211074,5,2827.17,379.0,0.7113,0
694,100541,20887,120,Employed,Own,0.540794389580463,4,8378.42,253.42,0.571,1
789,106931,10864,12,Employed,Rent,0.0954156756022944,4,8910.92,945.04,0.2015,1
491,58551,32756,36,Employed,Mortgage,0.5203575832354614,4,4879.25,1026.45,0.7307,0
491,110727,45115,84,Employed,Mortgage,0.1149162882876037,2,9227.25,703.17,0.1911,0
320,97159,44276,24,Self-employed,Rent,0.0282410895917478,1,8096.58,2002.48,0.2756,0
428,84205,1287,12,Employed,Mortgage,0.5098559742442631,3,7017.08,111.95,0.5258,0
806,21238,26689,24,Employed,Rent,0.4223625510202324,1,1769.83,1207.07,1.1044,0
488,113769,49236,60,Employed,Own,0.0915885350958169,3,9480.75,998.33,0.1969,0
615,120163,28285,36,Unemployed,Own,0.0707910711831527,4,10013.58,886.35,0.1593,0
331,88443,21897,36,Self-employed,Rent,0.3110078955698204,3,7370.25,686.17,0.4041,0
590,128874,20841,36,Employed,Own,0.314361168513913,2,10739.5,653.08,0.3752,0
744,143055,18230,24,Employed,Own,0.4909920803832424,5,11921.25,824.49,0.5602,1
601,198679,40908,60,Employed,Own,0.3668865624599309,3,16556.58,829.47,0.417,0
515,64381,30599,12,Unemployed,Mortgage,0.4549699203897217,3,5365.08,2661.76,0.9511,0
386,187960,4144,12,Employed,Own,0.3221174497462998,1,15663.33,360.48,0.3451,0
550,52470,10485,24,Employed,Rent,0.2729837461663337,4,4372.5,474.21,0.3814,0
573,29905,22871,12,Employed,Rent,0.4367020243729592,1,2492.08,1989.51,1.235,0
469,178828,26816,12,Employed,Own,0.1414625492524265,3,14902.33,2332.68,0.298,0
423,47518,6054,84,Retired,Own,0.5545670961034227,0,3959.83,94.36,0.5784,0
750,164371,43648,84,Employed,Mortgage,0.4169576635259552,0,13697.58,680.31,0.4666,1
725,137484,31214,84,Employed,Rent,0.4203624807597181,5,11457.0,486.51,0.4628,1
577,61825,9185,12,Self-employed,Own,0.0912162270977101,2,5152.08,798.99,0.2463,0
808,136310,48712,24,Retired,Own,0.1390039964981161,3,11359.17,2203.11,0.333,1
605,26966,35773,24,Self-employed,Rent,0.1505738729352262,5,2247.17,1617.92,0.8706,0
522,148973,29831,36,Self-employed,Rent,0.5255359259932036,5,12414.42,934.8,0.6008,0
675,178767,35449,60,Employed,Mortgage,0.300957138398509,5,14897.25,718.78,0.3492,1
604,142883,40833,60,Employed,Own,0.3169241936413994,3,11906.92,827.95,0.3865,0
598,105619,38184,60,Employed,Rent,0.1008769177548567,0,8801.58,774.23,0.1888,0
510,51961,13168,12,Self-employed,Mortgage,0.042200711282134,2,4330.08,1145.46,0.3067,0
456,152630,30812,84,Employed,Own,0.4833217855066672,2,12719.17,480.24,0.5211,0
661,98805,5114,120,Retired,Rent,0.4929678887681403,2,8233.75,62.05,0.5005,1
532,191170,8985,84,Employed,Own,0.2039565707739155,1,15930.83,140.04,0.2127,0
308,172701,4494,60,Retired,Mortgage,0.5165255681787523,0,14391.75,91.12,0.5229,0
679,21471,28614,24,Retired,Rent,0.5675147144130155,1,1789.25,1294.13,1.2908,0
496,128117,30557,120,Employed,Rent,0.4302310764192156,1,10676.42,370.74,0.465,0
686,163271,17837,84,Self-employed,Own,0.0236731316286838,1,13605.92,278.01,0.0441,1
846,190274,29485,12,Employed,Own,0.0792302558799074,4,15856.17,2564.85,0.241,1
424,64340,30912,12,Employed,Rent,0.378152887049214,3,5361.67,2688.99,0.8797,0
537,95672,24652,84,Employed,Rent,0.2228464229910286,3,7972.67,384.23,0.271,0
789,132796,46665,120,Self-employed,Rent,0.0569122329496293,0,11066.33,566.18,0.1081,1
498,180747,41419,24,Self-employed,Own,0.5081024449597966,4,15062.25,1873.27,0.6325,0
609,152974,21451,12,Employed,Rent,0.0272078768593402,4,12747.83,1865.99,0.1736,0
351,76630,6165,120,Employed,Rent,0.5237414792680963,1,6385.83,74.8,0.5355,0
807,169178,8715,12,Employed,Own,0.1215006196211716,0,14098.17,758.1,0.1753,1
640,59211,20952,12,Employed,Own,0.0397853053574809,2,4934.25,1822.58,0.4092,0
511,106516,24248,24,Unemployed,Mortgage,0.4847909901767261,3,8876.33,1096.67,0.6083,0
377,116244,16721,36,Employed,Own,0.4051529192596951,5,9687.0,523.98,0.4592,0
417,135549,26988,84,Self-employed,Mortgage,0.5234814989575117,1,11295.75,420.64,0.5607,0
823,79237,19657,24,Employed,Rent,0.027481896190565,3,6603.08,889.03,0.1621,1
806,54804,11908,24,Employed,Rent,0.4514573451809143,0,4567.0,538.57,0.5694,1
348,178254,48058,84,Retired,Rent,0.4658539912606825,5,14854.5,749.04,0.5163,0
337,62960,9543,36,Employed,Rent,0.1470398516118205,2,5246.67,299.04,0.204,0
615,76283,41177,24,Employed,Own,0.5575373450876115,4,6356.92,1862.32,0.8505,0
589,45692,36419,60,Employed,Rent,0.0383524723547179,0,3807.67,738.45,0.2323,0
807,45906,43363,120,Unemployed,Own,0.2610766346489262,2,3825.5,526.11,0.3986,0
746,193259,24043,12,Employed,Rent,0.4936766496970158,0,16104.92,2091.46,0.6235,0
526,179209,24166,36,Employed,Own,0.3136232790374205,2,14934.08,757.27,0.3643,0
312,166768,35386,60,Employed,Rent,0.0350602429758831,1,13897.33,717.5,0.0867,0
696,66106,12880,60,Employed,Own,0.2059782879374894,5,5508.83,261.16,0.2534,1
841,101822,17410,24,Self-employed,Mortgage,0.3529263201150754,4,8485.17,787.41,0.4457,1
359,23359,4170,120,Retired,Rent,0.5975006710699791,3,1946.58,50.59,0.6235,0
762,172742,3347,12,Self-employed,Mortgage,0.4866787636189987,3,14395.17,291.15,0.5069,1
739,128601,40941,36,Employed,Rent,0.51326312424863,1,10716.75,1282.94,0.633,0
724,157691,11577,84,Retired,Mortgage,0.0472551916323047,0,13140.92,180.44,0.061,1
531,88787,9381,84,Employed,Own,0.4936899464388999,1,7398.92,146.21,0.5135,0
549,71931,42418,84,Employed,Rent,0.1519530779021725,5,5994.25,661.14,0.2622,0
358,136132,6977,84,Employed,Rent,0.2731860758121621,1,11344.33,108.75,0.2828,0
308,186190,12296,24,Employed,Mortgage,0.1400508401062763,5,15515.83,556.11,0.1759,0
316,122024,20160,84,Employed,Rent,0.3106137293974853,1,10168.67,314.22,0.3415,0
754,36791,46437,60,Self-employed,Rent,0.1734790814723559,0,3065.92,941.57,0.4806,0
456,23531,40655,60,Self-employed,Mortgage,0.0455362179298662,2,1960.92,824.34,0.4659,0
684,97774,29928,12,Self-employed,Mortgage,0.1478835350441601,0,8147.83,2603.39,0.4674,1
344,58818,19246,12,Self-employed,Rent,0.1900676972564219,3,4901.5,1674.18,0.5316,0
371,59846,31245,36,Self-employed,Own,0.5158854355066994,2,4987.17,979.1,0.7122,0
376,165458,20009,120,Self-employed,Rent,0.2180209968910229,3,13788.17,242.76,0.2356,0
510,86761,15803,24,Employed,Mortgage,0.454102180606434,3,7230.08,714.73,0.553,0
535,61375,24104,12,Employed,Rent,0.5479706453525104,1,5114.58,2096.77,0.9579,0
589,127277,46653,60,Unemployed,Mortgage,0.5278408886948883,3,10606.42,945.95,0.617,0
767,88689,2591,84,Employed,Rent,0.3103808721003241,5,7390.75,40.38,0.3158,1
411,70154,15562,36,Employed,Mortgage,0.0198773553423793,2,5846.17,487.66,0.1033,0
410,30883,48149,60,Employed,Rent,0.2305282407086289,0,2573.58,976.29,0.6099,0
509,26837,45853,84,Self-employed,Mortgage,0.301598017904959,2,2236.42,714.67,0.6212,0
502,193868,32493,24,Self-employed,Own,0.1332612127668451,1,16155.67,1469.57,0.2242,0
729,151925,22977,120,Employed,Rent,0.2283978500518222,3,12660.42,278.77,0.2504,1
489,62802,49495,36,Employed,Rent,0.2830849657401394,2,5233.5,1550.99,0.5794,0
385,193243,15035,36,Employed,Own,0.4319862859007739,1,16103.58,471.14,0.4612,0
419,75586,3658,120,Employed,Mortgage,0.4641800024968653,1,6298.83,44.38,0.4712,0
595,56191,25430,120,Employed,Mortgage,0.5870741329601901,5,4682.58,308.54,0.653,0
493,64578,33470,120,Self-employed,Rent,0.0043087741372591,1,5381.5,406.08,0.0798,0
826,25631,3805,60,Employed,Mortgage,0.346279450306178,4,2135.92,77.15,0.3824,0
552,130867,10026,12,Unemployed,Rent,0.3177793818766244,1,10905.58,872.15,0.3978,0
383,43386,24873,24,Employed,Rent,0.2426190976297565,0,3615.5,1124.94,0.5538,0
662,42553,44016,84,Employed,Rent,0.1312145223848524,5,3546.08,686.04,0.3247,0
849,97387,18790,24,Self-employed,Rent,0.3114567401541153,2,8115.58,849.82,0.4162,1
725,120006,12649,24,Self-employed,Rent,0.2649889017233043,4,10000.5,572.08,0.3222,1
411,146236,47091,12,Employed,Rent,0.2853603318163454,2,12186.33,4096.37,0.6215,0
768,198316,24188,60,Self-employed,Rent,0.0073988476756293,5,16526.33,490.45,0.0371,1
329,74178,1714,60,Employed,Own,0.385585403200096,2,6181.5,34.75,0.3912,0
700,93529,28392,60,Employed,Rent,0.301715242205729,3,7794.08,575.69,0.3756,1
681,89149,43458,12,Retired,Mortgage,0.1252718253487813,2,7429.08,3780.34,0.6341,0
562,41118,9241,24,Self-employed,Rent,0.3903318018317914,3,3426.5,417.95,0.5123,0
395,133829,29774,24,Self-employed,Rent,0.3279076069211936,0,11152.42,1346.6,0.4487,0
483,101726,15663,120,Employed,Own,0.3261196483876999,0,8477.17,190.04,0.3485,0
634,149326,40428,84,Employed,Rent,0.1916826664122412,5,12443.83,630.12,0.2423,0
304,160688,27274,120,Retired,Rent,0.0418189099229937,0,13390.67,330.91,0.0665,0
389,172089,23261,120,Employed,Mortgage,0.248627884040665,1,14340.75,282.22,0.2683,0
701,156234,42111,84,Employed,Rent,0.3573868397079341,2,13019.5,656.35,0.4078,1
427,171386,27358,60,Employed,Mortgage,0.3849405846935894,3,14282.17,554.72,0.4238,0
558,178938,34359,36,Self-employed,Rent,0.42224061484909,4,14911.5,1076.69,0.4944,0
447,105550,26110,24,Employed,Own,0.3689079573589708,1,8795.83,1180.88,0.5032,0
538,88927,31124,84,Employed,Own,0.3275688173168768,3,7410.58,485.11,0.393,0
675,58478,24007,36,Self-employed,Mortgage,0.5476521318321603,1,4873.17,752.29,0.702,0
490,96397,28195,12,Employed,Rent,0.0336820691845519,2,8033.08,2452.64,0.339,0
466,97183,43315,60,Employed,Own,0.0734576191773879,3,8098.58,878.27,0.1819,0
841,120546,8452,24,Employed,Rent,0.0882725640083864,0,10045.5,382.26,0.1263,1
453,49053,4025,36,Self-employed,Rent,0.0541607073873579,2,4087.75,126.13,0.085,0
339,67105,41160,60,Retired,Rent,0.3821672988098194,5,5592.08,834.58,0.5314,0
595,165370,21117,12,Self-employed,Rent,0.364750605106323,3,13780.83,1836.93,0.498,0
821,99619,39878,36,Employed,Mortgage,0.2960554556741564,1,8301.58,1249.63,0.4466,1
622,77015,6943,12,Unemployed,Mortgage,0.5099946678674605,0,6417.92,603.96,0.6041,0
787,123803,21696,60,Retired,Mortgage,0.1103669086415233,3,10316.92,439.92,0.153,1
810,59099,18792,12,Retired,Mortgage,0.3802841580434319,3,4924.92,1634.69,0.7122,0
556,48824,2818,60,Employed,Mortgage,0.4415574453010693,0,4068.67,57.14,0.4556,0
777,27881,1930,24,Employed,Rent,0.4685897418140185,4,2323.42,87.29,0.5062,0
407,150908,21158,60,Self-employed,Own,0.4571975284203042,3,12575.67,429.01,0.4913,0
515,54918,33836,120,Employed,Own,0.2840767633236066,5,4576.5,410.52,0.3738,0
766,32932,16516,84,Employed,Own,0.5767146526681912,3,2744.33,257.42,0.6705,0
662,199761,3098,24,Employed,Mortgage,0.2176336571681666,4,16646.75,140.11,0.2261,1
722,33672,15331,84,Employed,Own,0.2596306829657,4,2806.0,238.95,0.3448,0
546,142895,39613,12,Employed,Rent,0.0847557890050693,0,11907.92,3445.87,0.3741,0
339,85864,6104,84,Employed,Mortgage,0.3035985365132284,5,7155.33,95.14,0.3169,0
655,111341,32715,60,Employed,Mortgage,0.1904411659201389,5,9278.42,663.34,0.2619,1
486,38550,1503,12,Self-employed,Mortgage,0.0485003625920458,3,3212.5,130.74,0.0892,0
356,144289,31834,24,Employed,Own,0.2759884654770676,5,12024.08,1439.77,0.3957,0
618,117826,49405,36,Unemployed,Own,0.2188716571958131,2,9818.83,1548.17,0.3765,0
599,52204,20980,24,Employed,Own,0.3994638450551646,0,4350.33,948.87,0.6176,0
404,47916,11684,120,Employed,Own,0.0729419598065299,0,3993.0,141.76,0.1084,0
611,23453,5896,24,Self-employed,Own,0.3463146676625494,4,1954.42,266.66,0.4828,0
485,121218,2308,36,Employed,Own,0.1284780190938573,3,10101.5,72.32,0.1356,0
662,51770,24455,84,Retired,Rent,0.1707931287318864,2,4314.17,381.16,0.2591,1
553,177086,46685,12,Self-employed,Mortgage,0.0074993419764836,0,14757.17,4061.05,0.2827,0
582,131637,6356,84,Retired,Mortgage,0.0665563574150138,5,10969.75,99.07,0.0756,0
382,181762,46592,84,Employed,Mortgage,0.0223717967435395,3,15146.83,726.19,0.0703,0
333,98776,6866,24,Self-employed,Rent,0.3311857408707089,4,8231.33,310.53,0.3689,0
441,155578,48718,12,Self-employed,Mortgage,0.519133501804052,4,12964.83,4237.9,0.846,0
338,72797,19948,120,Employed,Mortgage,0.1494120996939533,5,6066.42,242.02,0.1893,0
449,72705,19028,24,Employed,Mortgage,0.1623641062448166,1,6058.75,860.58,0.3044,0
701,100107,27183,60,Retired,Rent,0.3001693187908564,3,8342.25,551.17,0.3662,1
523,26562,27507,12,Employed,Own,0.2190819006554149,5,2213.5,2392.79,1.3001,0
768,87195,32998,12,Employed,Own,0.4391637521632694,1,7266.25,2870.44,0.8342,0
404,143402,37831,120,Employed,Own,0.2309836404048948,0,11950.17,458.99,0.2694,0
445,138801,21000,84,Employed,Rent,0.4866884516611446,5,11566.75,327.31,0.515,0
767,132468,31441,60,Employed,Own,0.5704990888954191,2,11039.0,637.51,0.6282,0
660,116464,30258,120,Employed,Mortgage,0.3715976119398162,1,9705.33,367.11,0.4094,1
520,87076,9471,12,Employed,Mortgage,0.1320829843488261,5,7256.33,823.87,0.2456,0
465,119901,27128,120,Employed,Mortgage,0.0587937447176029,3,9991.75,329.14,0.0917,0
850,68822,7483,36,Unemployed,Own,0.3037808487468753,5,5735.17,234.49,0.3447,1
722,111682,45105,120,Self-employed,Mortgage,0.5835232184168494,3,9306.83,547.25,0.6423,0
767,22240,8643,12,Employed,Mortgage,0.2043915899015687,4,1853.33,751.84,0.6101,0
697,175790,31495,12,Employed,Own,0.1156671608420236,2,14649.17,2739.7,0.3027,1
770,141214,7560,36,Employed,Mortgage,0.1829065664300714,2,11767.83,236.9,0.203,1
541,74124,14979,60,Self-employed,Rent,0.3686168642571664,1,6177.0,303.72,0.4178,0
344,60108,7254,84,Employed,Rent,0.4316592561369534,1,5009.0,113.06,0.4542,0
569,133425,12439,120,Retired,Mortgage,0.2609037125004008,3,11118.75,150.92,0.2745,0
727,199776,20947,24,Unemployed,Mortgage,0.5825810840617676,4,16648.0,947.38,0.6395,0
367,170891,46705,60,Self-employed,Rent,0.3209599675589666,1,14240.92,947.01,0.3875,0
385,128851,18578,24,Employed,Mortgage,0.0593545257311636,3,10737.58,840.23,0.1376,0
686,184436,42846,36,Employed,Mortgage,0.0105170296007888,4,15369.67,1342.64,0.0979,1
820,137269,15324,24,Employed,Rent,0.1207011929621656,0,11439.08,693.06,0.1813,1
346,73081,4493,84,Employed,Rent,0.1912673487951645,2,6090.08,70.03,0.2028,0
796,176846,14508,60,Self-employed,Own,0.2431513732704378,0,14737.17,294.17,0.2631,1
465,144410,37453,36,Self-employed,Rent,0.0112954088526542,2,12034.17,1173.64,0.1088,0
764,52977,42530,36,Employed,Mortgage,0.272619659378299,3,4414.75,1332.74,0.5745,1
627,126395,31602,36,Employed,Rent,0.3178280880070236,3,10532.92,990.29,0.4118,0
746,175362,31595,24,Employed,Mortgage,0.4054719531747557,5,14613.5,1428.96,0.5033,1
801,76370,31524,84,Retired,Own,0.1889273619819926,5,6364.17,491.34,0.2661,1
697,166355,26925,60,Self-employed,Rent,0.1223258187376588,2,13862.92,545.94,0.1617,1
322,125600,45120,60,Employed,Own,0.2740559269764139,1,10466.67,914.87,0.3615,0
395,24925,44386,24,Self-employed,Own,0.4413432609751789,1,2077.08,2007.46,1.4078,0
578,152102,16801,24,Retired,Own,0.5294550180132924,5,12675.17,759.86,0.5894,0
738,191027,39573,120,Employed,Rent,0.2052544734993025,0,15918.92,480.13,0.2354,1
848,23850,35110,24,Employed,Mortgage,0.5630362071159355,3,1987.5,1587.93,1.362,0
826,86306,28741,24,Employed,Own,0.1830981606830972,1,7192.17,1299.88,0.3638,1
731,86533,18384,36,Self-employed,Own,0.0868134524436978,2,7211.08,576.09,0.1667,1
766,85545,46028,120,Self-employed,Rent,0.2701068767052329,0,7128.75,558.45,0.3484,1
356,164003,13067,36,Employed,Mortgage,0.0119294448038115,4,13666.92,409.47,0.0419,0
341,137921,3448,84,Employed,Rent,0.1318136130231129,0,11493.42,53.74,0.1365,0
790,78553,25273,36,Employed,Rent,0.3280735535114176,0,6546.08,791.96,0.4491,1
532,37892,27889,60,Self-employed,Own,0.4491044548244364,5,3157.67,565.49,0.6282,0
551,105371,1171,84,Unemployed,Rent,0.1863829479910529,4,8780.92,18.25,0.1885,0
478,148209,29033,12,Employed,Own,0.018995585619087,1,12350.75,2525.54,0.2235,0
531,168233,48667,24,Employed,Rent,0.0759616240497449,1,14019.42,2201.08,0.233,0
692,98072,18937,120,Employed,Own,0.4070424712796899,2,8172.67,229.76,0.4352,1
313,131926,8244,12,Employed,Rent,0.4950966140520944,1,10993.83,717.13,0.5603,0
355,168290,13679,12,Retired,Mortgage,0.0638566108764408,0,14024.17,1189.91,0.1487,0
467,40894,29820,84,Employed,Mortgage,0.0180241708836282,1,3407.83,464.78,0.1544,0
347,196265,41983,120,Unemployed,Rent,0.3256056826987092,0,16355.42,509.37,0.3567,0
709,108556,40281,24,Employed,Rent,0.1853842202688203,0,9046.33,1821.8,0.3868,1
608,59367,23683,36,Retired,Own,0.3481626880375785,5,4947.25,742.14,0.4982,0
429,50105,11743,24,Self-employed,Own,0.0424211550962408,2,4175.42,531.1,0.1696,0
757,89884,40564,24,Employed,Own,0.3340852428065912,4,7490.33,1834.6,0.579,1
536,132812,47437,120,Retired,Own,0.330921845950585,3,11067.67,575.54,0.3829,0
552,103019,40827,12,Employed,Mortgage,0.3136105813094756,1,8584.92,3551.48,0.7273,0
307,69564,21274,120,Employed,Own,0.3431372519342018,1,5797.0,258.11,0.3877,0
784,40950,47674,120,Self-employed,Mortgage,0.4060048412651318,4,3412.5,578.42,0.5755,0
521,166699,13163,120,Employed,Mortgage,0.278352664384531,1,13891.58,159.7,0.2898,0
421,22982,30436,24,Employed,Own,0.1356301384473165,5,1915.17,1376.54,0.8544,0
741,112197,39521,24,Self-employed,Mortgage,0.3617004688721622,4,9349.75,1787.43,0.5529,1
834,99919,31965,36,Self-employed,Mortgage,0.2654382024672052,1,8326.58,1001.67,0.3857,1
505,52324,37897,60,Retired,Rent,0.3720553601260351,2,4360.33,768.41,0.5483,0
323,28812,18592,36,Retired,Mortgage,0.5035793365635641,1,2401.0,582.61,0.7462,0
506,83535,25354,36,Self-employed,Mortgage,0.0815913520779547,4,6961.25,794.5,0.1957,0
700,97042,28170,60,Employed,Mortgage,0.5896859854372849,2,8086.83,571.19,0.6603,0
737,66139,12948,24,Employed,Own,0.0860520810737914,1,5511.58,585.6,0.1923,1
754,185309,33139,36,Employed,Mortgage,0.38931390417621,1,15442.42,1038.46,0.4566,1
464,42596,11819,84,Employed,Mortgage,0.1196733049282462,1,3549.67,184.21,0.1716,0
724,170269,23514,84,Unemployed,Rent,0.5170640216330266,4,14189.08,366.49,0.5429,1
716,66334,14082,36,Retired,Own,0.0686799495077315,2,5527.83,441.28,0.1485,1
801,30424,35043,36,Employed,Rent,0.2676801922177522,1,2535.33,1098.12,0.7008,0
465,186868,7832,12,Retired,Mortgage,0.2671410221922874,5,15572.33,681.29,0.3109,0
665,110063,22023,36,Self-employed,Rent,0.3550494376518969,5,9171.92,690.12,0.4303,1
320,176651,19620,12,Self-employed,Own,0.3998287555131112,2,14720.92,1706.71,0.5158,0
479,191482,44179,60,Employed,Own,0.5157905849184826,0,15956.83,895.79,0.5719,0
451,63826,31836,84,Employed,Rent,0.0266938668500913,4,5318.83,496.2,0.12,0
706,24914,13629,120,Retired,Rent,0.1599956602393747,2,2076.17,165.36,0.2396,0
748,132849,20968,60,Employed,Mortgage,0.0047808121912437,5,11070.75,425.16,0.0432,1
568,122959,14446,84,Retired,Rent,0.1521207122031335,0,10246.58,225.16,0.1741,0
668,109532,27841,84,Unemployed,Own,0.0064781396128253,4,9127.67,433.94,0.054,1
510,85075,27399,120,Employed,Rent,0.1247904860142075,0,7089.58,332.43,0.1717,0
344,191055,5011,36,Employed,Rent,0.2338497573122926,1,15921.25,157.03,0.2437,0
568,134969,15199,60,Employed,Rent,0.3915985213232423,0,11247.42,308.18,0.419,0
819,132558,48829,24,Employed,Rent,0.2377935057413411,5,11046.5,2208.4,0.4377,1
734,87222,2233,120,Employed,Mortgage,0.4932486400511555,3,7268.5,27.09,0.497,1
697,42127,44492,120,Self-employed,Mortgage,0.1060000373475602,3,3510.58,539.81,0.2598,0
375,185826,29871,60,Retired,Rent,0.2844076926369432,2,15485.5,605.68,0.3235,0
415,38627,44377,84,Unemployed,Rent,0.4964604097272299,2,3218.92,691.67,0.7113,0
833,37530,44509,120,Retired,Rent,0.4661559636521365,1,3127.5,540.02,0.6388,0
316,24064,47731,84,Unemployed,Mortgage,0.395033383193893,1,2005.33,743.95,0.766,0
772,105702,23383,84,Employed,Rent,0.0473539437363828,0,8808.5,364.45,0.0887,1
315,165278,43679,120,Unemployed,Mortgage,0.1975848248585671,4,13773.17,529.95,0.2361,0
808,49947,13069,36,Employed,Rent,0.476141982749233,1,4162.25,409.53,0.5745,0
333,40188,5143,120,Employed,Rent,0.5662667453961766,2,3349.0,62.4,0.5849,0
611,82283,36404,36,Retired,Rent,0.0933944071538909,2,6856.92,1140.77,0.2598,0
329,104220,31115,24,Employed,Rent,0.5687468568174257,1,8685.0,1407.25,0.7308,0
443,94197,16080,36,Employed,Mortgage,0.4926554334739019,2,7849.75,503.89,0.5568,0
587,139343,8479,24,Employed,Mortgage,0.1070449217177637,4,11611.92,383.48,0.1401,0
830,176392,9358,60,Self-employed,Rent,0.3574996663177377,5,14699.33,189.75,0.3704,1
604,167115,7332,60,Employed,Mortgage,0.512820751403525,0,13926.25,148.67,0.5235,0
598,137233,36687,24,Employed,Mortgage,0.5925867170158176,5,11436.08,1659.25,0.7377,0
429,28638,40474,12,Employed,Own,0.1683376590795587,1,2386.5,3520.77,1.6436,0
714,109862,44611,84,Unemployed,Own,0.1789107052644195,5,9155.17,695.32,0.2549,1
464,136956,22749,36,Self-employed,Mortgage,0.0176256254743835,1,11413.0,712.87,0.0801,0
580,35570,5959,36,Employed,Mortgage,0.237731721740797,1,2964.17,186.73,0.3007,0
640,110155,19176,60,Employed,Mortgage,0.0738963561253876,4,9179.58,388.82,0.1163,0
397,63009,42200,12,Retired,Rent,0.5942134004010416,2,5250.75,3670.91,1.2933,0
591,115854,44430,120,Unemployed,Rent,0.3541251600980794,1,9654.5,539.06,0.41,0
719,33356,47826,24,Employed,Rent,0.1630822199502425,0,2779.67,2163.04,0.9412,0
681,59134,36892,120,Employed,Mortgage,0.2985178176727408,2,4927.83,447.6,0.3893,1
380,99569,3091,24,Employed,Mortgage,0.0487581485849159,2,8297.42,139.8,0.0656,0
661,126397,17826,84,Employed,Own,0.3894209807629828,5,10533.08,277.84,0.4158,1
342,37656,5638,36,Employed,Mortgage,0.3710462305013671,0,3138.0,176.67,0.4273,0
756,129218,6969,36,Self-employed,Own,0.5530112571013631,0,10768.17,218.38,0.5733,1
481,186133,40153,84,Employed,Rent,0.1779461495230166,0,15511.08,625.83,0.2183,0
632,106799,10951,60,Employed,Own,0.0357574699794655,0,8899.92,222.05,0.0607,0
481,69433,44933,60,Retired,Own,0.3197718283285569,5,5786.08,911.08,0.4772,0
485,91344,5626,60,Self-employed,Rent,0.2259136949948466,5,7612.0,114.07,0.2409,0
326,136426,37894,60,Employed,Rent,0.291749502107154,1,11368.83,768.35,0.3593,0
360,56262,23946,24,Employed,Mortgage,0.0733491407947475,0,4688.5,1083.01,0.3043,0
744,178508,11962,12,Retired,Own,0.3254033275041199,5,14875.67,1040.56,0.3954,1
422,64260,4303,24,Employed,Mortgage,0.4924957795455957,1,5355.0,194.61,0.5288,0
322,112144,5349,24,Self-employed,Own,0.2503498137486355,5,9345.33,241.92,0.2762,0
629,195147,13965,84,Employed,Own,0.0842097519976167,3,16262.25,217.66,0.0976,0
598,175614,32392,120,Employed,Rent,0.5699169160094436,0,14634.5,393.0,0.5968,0
412,111583,2329,60,Employed,Rent,0.3686313876435626,1,9298.58,47.22,0.3737,0
569,108391,42418,60,Retired,Rent,0.4574641034241052,5,9032.58,860.08,0.5527,0
531,89918,39436,84,Employed,Own,0.5322591682515571,5,7493.17,614.66,0.6143,0
405,33373,32549,120,Self-employed,Rent,0.4360037955373163,0,2781.08,394.91,0.578,0
449,195405,7331,12,Employed,Mortgage,0.5421902446821435,2,16283.75,637.71,0.5814,0
484,103056,23756,120,Employed,Rent,0.3223651591644123,4,8588.0,288.23,0.3559,0
398,33472,48973,36,Unemployed,Mortgage,0.1437516865424739,1,2789.33,1534.64,0.6939,0
807,84875,47434,120,Employed,Mortgage,0.1013086596984963,2,7072.92,575.51,0.1827,1
566,37780,23849,84,Employed,Own,0.3938371007580633,0,3148.33,371.72,0.5119,0
691,83147,35496,36,Employed,Rent,0.0291089308560594,3,6928.92,1112.32,0.1896,1
316,175336,43881,36,Employed,Mortgage,0.0854139510577359,1,14611.33,1375.07,0.1795,0
575,192286,42682,120,Unemployed,Mortgage,0.3548973011403919,4,16023.83,517.85,0.3872,0
602,59115,28939,120,Retired,Rent,0.3997532521856641,0,4926.25,351.11,0.471,0
711,192832,34771,84,Employed,Own,0.5793657601299536,3,16069.33,541.95,0.6131,0
464,35465,40842,120,Employed,Rent,0.5545907301770742,0,2955.42,495.53,0.7223,0
651,56204,18124,36,Employed,Rent,0.3381887388863878,4,4683.67,567.94,0.4594,1
345,177969,26499,84,Employed,Rent,0.1475479075025163,1,14830.75,413.02,0.1754,0
709,48359,41995,60,Employed,Rent,0.3809247138647341,5,4029.92,851.51,0.5922,0
414,60395,3394,84,Self-employed,Rent,0.4096791556516631,5,5032.92,52.9,0.4202,0
596,163081,45078,36,Self-employed,Rent,0.1836923235293586,5,13590.08,1412.58,0.2876,0
461,115921,22490,24,Retired,Rent,0.2463431136971126,5,9660.08,1017.16,0.3516,0
664,84699,13734,36,Self-employed,Mortgage,0.037227235278755,5,7058.25,430.37,0.0982,1
558,145599,1618,84,Self-employed,Own,0.1626893740787818,5,12133.25,25.22,0.1648,0
741,117204,35964,60,Employed,Own,0.2111464025945896,5,9767.0,729.22,0.2858,1
650,78872,13262,12,Employed,Rent,0.1954757229627913,3,6572.67,1153.64,0.371,1
414,129421,27784,12,Employed,Own,4.4982789546299526e-05,5,10785.08,2416.89,0.2241,0
714,94073,17123,36,Employed,Mortgage,0.3792913444580432,5,7839.42,536.57,0.4477,1
523,180098,18954,120,Retired,Rent,0.2251557280917195,3,15008.17,229.96,0.2405,0
710,179925,2145,60,Employed,Mortgage,0.1083577725540658,2,14993.75,43.49,0.1113,1
355,86192,41081,120,Employed,Mortgage,0.0105200577848058,0,7182.67,498.43,0.0799,0
407,138816,2471,24,Employed,Mortgage,0.047644120216221,0,11568.0,111.76,0.0573,0
351,149700,38572,24,Employed,Mortgage,0.2565141722570113,5,12475.0,1744.51,0.3964,0
707,126612,26004,84,Unemployed,Rent,0.4604172208523548,1,10551.0,405.3,0.4988,1
416,65516,45032,36,Employed,Own,0.3810925999882282,1,5459.67,1411.14,0.6396,0
708,180742,43909,24,Employed,Mortgage,0.5126675015633421,1,15061.83,1985.89,0.6445,0
553,112808,40650,84,Employed,Mortgage,0.3823334660315777,5,9400.67,633.58,0.4497,0
849,155543,47448,36,Employed,Rent,0.2309638702516236,5,12961.92,1486.85,0.3457,1
536,55717,44655,120,Employed,Mortgage,0.273811390522113,0,4643.08,541.79,0.3905,0
797,188544,13179,60,Employed,Rent,0.1451839135679951,1,15712.0,267.22,0.1622,1
783,87615,16919,60,Employed,Rent,0.3507261384321803,3,7301.25,343.06,0.3977,1
602,50285,47599,120,Retired,Own,0.0259575322176449,5,4190.42,577.51,0.1638,0
517,131793,26645,84,Self-employed,Own,0.5347503804738373,1,10982.75,415.29,0.5726,0
661,167042,2750,36,Employed,Own,0.3196244765091425,4,13920.17,86.18,0.3258,1
840,44855,18411,120,Employed,Rent,0.1510321794217867,5,3737.92,223.38,0.2108,0
608,63451,19565,60,Employed,Rent,0.3568925754132835,2,5287.58,396.71,0.4319,0
704,161986,41981,24,Employed,Rent,0.4820263529476937,3,13498.83,1898.69,0.6227,0
639,94169,14692,36,Employed,Own,0.3518556535382036,4,7847.42,460.39,0.4105,0
573,134151,28711,84,Self-employed,Own,0.4660305093457239,1,11179.25,447.5,0.5061,0
563,120467,20061,120,Unemployed,Rent,0.2894866162521798,4,10038.92,243.4,0.3137,0
813,96168,17002,36,Employed,Own,0.5820593657772086,1,8014.0,532.78,0.6485,0
682,28076,49971,84,Employed,Mortgage,0.2189426517168808,3,2339.67,778.86,0.5518,0
452,95444,30033,12,Employed,Mortgage,0.0098963752798979,4,7953.67,2612.52,0.3384,0
375,163678,26863,84,Employed,Rent,0.3580074277346056,1,13639.83,418.69,0.3887,0
848,60345,15505,12,Employed,Rent,0.2890135331326697,4,5028.75,1348.76,0.5572,1
645,165036,42877,84,Self-employed,Own,0.2881395333493325,3,13753.0,668.29,0.3367,0
559,50621,31034,120,Employed,Rent,0.2851784256946647,5,4218.42,376.53,0.3744,0
463,47568,14953,24,Employed,Own,0.3093602868403101,1,3964.0,676.28,0.48,0
666,135343,10698,24,Unemployed,Mortgage,0.1569881865720793,2,11278.58,483.84,0.1999,1
403,139103,11334,12,Employed,Rent,0.5875340016947274,5,11591.92,985.93,0.6726,0
805,85225,14810,120,Unemployed,Own,0.2096476351548976,0,7102.08,179.69,0.2349,1
819,95195,20471,84,Self-employed,Own,0.5403946372120506,1,7932.92,319.07,0.5806,1
644,164629,12067,24,Self-employed,Mortgage,0.3905582845518255,5,13719.08,545.76,0.4303,0
622,78401,29846,12,Unemployed,Rent,0.0415338795665399,2,6533.42,2596.26,0.4389,0
306,192833,12676,60,Employed,Rent,0.3032152929684228,3,16069.42,257.02,0.3192,0
401,99676,40616,120,Retired,Mortgage,0.0344832874992581,5,8306.33,492.78,0.0938,0
334,182507,47800,120,Retired,Rent,0.2681303800111206,1,15208.92,579.95,0.3063,0
632,187227,29141,24,Employed,Own,0.1496476333746453,0,15602.25,1317.97,0.2341,0
531,111922,7759,24,Employed,Rent,0.3348456089755785,4,9326.83,350.92,0.3725,0
839,35310,18944,24,Self-employed,Own,0.3519582824786103,1,2942.5,856.79,0.6431,0
689,132719,4437,120,Employed,Mortgage,0.1937108384533007,3,11059.92,53.83,0.1986,1
302,73496,45209,24,Self-employed,Rent,0.0978712290615945,0,6124.67,2044.68,0.4317,0
806,22519,13794,60,Employed,Rent,0.5885692141907088,0,1876.58,279.69,0.7376,0
350,112099,39567,84,Employed,Own,0.2799698159599437,4,9341.58,616.7,0.346,0
781,70405,49571,120,Retired,Rent,0.1042176419786691,5,5867.08,601.43,0.2067,1
622,101436,10322,24,Employed,Rent,0.0911553354890972,3,8453.0,466.84,0.1464,0
611,65451,25900,12,Unemployed,Rent,0.4971018392479219,4,5454.25,2253.0,0.9102,0
367,162391,10615,36,Employed,Mortgage,0.1838150920153627,3,13532.58,332.64,0.2084,0
431,128297,36241,84,Employed,Rent,0.0827718595952631,2,10691.42,564.86,0.1356,0
652,21924,45465,36,Employed,Own,0.5843620667182864,5,1827.0,1424.71,1.3642,0
716,150247,42295,12,Retired,Rent,0.3283481651700791,0,12520.58,3679.18,0.6222,0
592,120627,3616,120,Employed,Own,0.3891217964003348,0,10052.25,43.87,0.3935,0
348,167598,37507,24,Employed,Rent,0.2734864457800117,5,13966.5,1696.34,0.3949,0
788,21579,23215,12,Employed,Own,0.3371777939218473,2,1798.25,2019.44,1.4602,0
618,20197,14899,120,Self-employed,Own,0.289779534492657,3,1683.08,180.77,0.3972,0
556,38456,43068,36,Unemployed,Own,0.0140885836939657,2,3204.67,1349.59,0.4352,0
632,113394,23105,36,Retired,Rent,0.1665181523376469,1,9449.5,724.03,0.2431,0
615,190504,21544,24,Employed,Mortgage,0.5932828527572758,4,15875.33,974.38,0.6547,0
649,72067,4809,24,Employed,Own,0.0006453329683763,1,6005.58,217.5,0.0369,0
795,117801,44272,84,Employed,Rent,0.0341486857375283,1,9816.75,690.03,0.1044,1
446,37951,44633,12,Employed,Own,0.5654745649566948,0,3162.58,3882.55,1.7931,0
608,130250,47903,120,Employed,Own,0.5811023607745004,5,10854.17,581.2,0.6346,0
837,101849,47101,36,Self-employed,Mortgage,0.2565697128994083,2,8487.42,1475.97,0.4305,1
693,25319,1287,120,Self-employed,Own,0.5454096381098527,1,2109.92,15.61,0.5528,0
723,63450,5825,24,Employed,Mortgage,0.385600917346788,5,5287.5,263.45,0.4354,1
365,34028,6118,120,Employed,Rent,0.4608742789167809,1,2835.67,74.23,0.4871,0
699,62593,9457,12,Employed,Mortgage,0.5503613685224019,0,5216.08,822.65,0.7081,0
628,175037,12026,36,Employed,Rent,0.5756984748680373,3,14586.42,376.85,0.6015,0
376,119821,41706,84,Employed,Mortgage,0.0294563343219197,2,9985.08,650.04,0.0946,0
595,156606,13255,24,Unemployed,Rent,0.0594286946074194,3,13050.5,599.49,0.1054,0
680,151846,25811,84,Employed,Rent,0.3969153897333427,5,12653.83,402.3,0.4287,1
645,68795,36730,24,Self-employed,Mortgage,0.5669392241142781,0,5732.92,1661.2,0.8567,0
761,135036,19499,84,Employed,Rent,0.1054947669460017,2,11253.0,303.92,0.1325,1
572,173483,9323,36,Employed,Rent,0.0267532364165061,2,14456.92,292.15,0.047,0
372,179685,22326,84,Employed,Own,0.2945215951534443,0,14973.75,347.98,0.3178,0
844,152937,46662,36,Self-employed,Own,0.4093622375414762,1,12744.75,1462.22,0.5241,1
359,169510,5846,60,Employed,Own,0.5917557777803798,0,14125.83,118.54,0.6001,0
506,36678,17255,12,Unemployed,Own,0.0841961354939287,3,3056.5,1500.99,0.5753,0
343,86197,47404,120,Employed,Rent,0.174255766091317,2,7183.08,575.14,0.2543,0
778,153726,12306,60,Employed,Own,0.2150857888864355,1,12810.5,249.52,0.2346,1
812,152441,1327,120,Employed,Rent,0.5496596063127043,1,12703.42,16.1,0.5509,1
462,64219,44724,84,Employed,Rent,0.2688038520856425,4,5351.58,697.08,0.3991,0
543,79288,2178,60,Self-employed,Rent,0.272366743762349,0,6607.33,44.16,0.2791,0
619,141883,15563,36,Unemployed,Rent,0.2230696572850769,4,11823.58,487.69,0.2643,0
515,63744,48032,84,Employed,Mortgage,0.5604727339297709,2,5312.0,748.64,0.7014,0
837,87894,1117,84,Employed,Own,0.0692619216669869,4,7324.5,17.41,0.0716,1
303,79485,7106,12,Self-employed,Rent,0.1459422118028725,3,6623.75,618.14,0.2393,0
545,41140,34056,24,Employed,Own,0.1286994100330385,1,3428.33,1540.26,0.578,0
658,149377,42389,36,Self-employed,Rent,0.4436278105376307,5,12448.08,1328.32,0.5503,1
582,162128,8247,84,Employed,Own,0.0824017153659145,3,13510.67,128.54,0.0919,0
812,71492,31922,60,Employed,Mortgage,0.3330741704454212,3,5957.67,647.26,0.4417,1
612,49919,42614,12,Unemployed,Mortgage,0.0268273199549328,4,4159.92,3706.92,0.9179,0
369,185006,35125,120,Retired,Rent,0.4094750653260519,0,15417.17,426.16,0.4371,0
812,47300,44570,60,Employed,Own,0.4000379872077896,3,3941.67,903.72,0.6293,0
812,74682,1727,12,Employed,Mortgage,0.4095261878753324,5,6223.5,150.23,0.4337,1
519,57107,20704,36,Unemployed,Mortgage,0.4914292991382499,0,4758.92,648.79,0.6278,0
744,135592,15751,36,Employed,Own,0.3219892691207915,3,11299.33,493.58,0.3657,1
445,158268,29300,12,Employed,Mortgage,0.1542678299551068,3,13189.0,2548.76,0.3475,0
709,169343,6731,12,Self-employed,Mortgage,0.2637831153214689,4,14111.92,585.52,0.3053,1
736,184788,26967,60,Self-employed,Mortgage,0.1545048563503663,0,15399.0,546.79,0.19,1
695,63233,16676,84,Self-employed,Own,0.0393197775379396,4,5269.42,259.92,0.0886,1
519,100166,43337,120,Unemployed,Rent,0.0530241425860435,1,8347.17,525.8,0.116,0
783,81551,32211,120,Unemployed,Rent,0.1205843099786041,0,6795.92,390.81,0.1781,1
691,87768,2467,84,Self-employed,Own,0.0356359642651842,0,7314.0,38.45,0.0409,1
661,187480,3269,60,Employed,Rent,0.1876272403772231,0,15623.33,66.28,0.1919,1
526,135181,42256,12,Employed,Rent,0.1452161147313246,2,11265.08,3675.78,0.4715,0
529,63163,4749,24,Self-employed,Own,0.1724951177321357,1,5263.58,214.78,0.2133,0
763,162410,10168,36,Self-employed,Mortgage,0.1368392197199899,2,13534.17,318.63,0.1604,1
489,157678,10881,24,Employed,Mortgage,0.3902966181503584,2,13139.83,492.12,0.4277,0
757,24064,31623,60,Retired,Rent,0.0866660789035428,4,2005.33,641.2,0.4064,0
842,27924,32186,120,Employed,Own,0.0829043176696654,5,2327.0,390.5,0.2507,0
835,160322,6684,84,Employed,Mortgage,0.3119727746479103,0,13360.17,104.18,0.3198,1
586,102582,19197,24,Employed,Rent,0.1786701401450562,4,8548.5,868.23,0.2802,0
400,146426,25919,120,Self-employed,Rent,0.0547045075543014,4,12202.17,314.47,0.0805,0
401,56413,48737,120,Employed,Mortgage,0.1637151245594684,1,4701.08,591.31,0.2895,0
832,167089,5682,12,Employed,Rent,0.52946752970407,5,13924.08,494.27,0.565,1
455,55697,36667,36,Employed,Rent,0.0855727395263786,4,4641.42,1149.01,0.3331,0
526,175031,34979,24,Employed,Mortgage,0.5862027017045962,4,14585.92,1582.01,0.6947,0
702,194463,9394,120,Retired,Own,0.0975186035587984,1,16205.25,113.98,0.1046,1
495,23978,39713,120,Employed,Mortgage,0.409716878308632,3,1998.17,481.83,0.6509,0
480,177565,42489,24,Employed,Mortgage,0.4023061453432275,1,14797.08,1921.66,0.5322,0
469,156058,26031,120,Self-employed,Rent,0.5498197074277151,4,13004.83,315.83,0.5741,0
435,112229,39029,12,Retired,Own,0.0442856428469285,3,9352.42,3395.07,0.4073,0
603,54991,42476,120,Employed,Rent,0.4163352586824146,3,4582.58,515.35,0.5288,0
311,116877,7218,12,Unemployed,Own,0.2680958247454784,4,9739.75,627.88,0.3326,0
722,172868,26570,36,Employed,Own,0.4050999945558223,5,14405.67,832.61,0.4629,1
386,96192,24003,36,Self-employed,Rent,0.2079105543158948,3,8016.0,752.17,0.3017,0
652,191452,3061,36,Employed,Mortgage,0.1315528402669923,1,15954.33,95.92,0.1376,1
764,146475,32000,36,Employed,Rent,0.3895740291782776,4,12206.25,1002.76,0.4717,1
795,169126,14860,24,Employed,Rent,0.135324898703054,5,14093.83,672.08,0.183,1
813,174751,28922,120,Employed,Mortgage,0.3032224506416794,4,14562.58,350.9,0.3273,1
787,159123,2896,84,Employed,Rent,0.2147990431369109,1,13260.25,45.14,0.2182,1
847,73085,33893,60,Employed,Rent,0.4942932531437572,4,6090.42,687.23,0.6071,0
474,180543,31151,36,Self-employed,Rent,0.5347521077238918,1,15045.25,976.16,0.5996,0
548,159971,37510,24,Retired,Rent,0.5170913770550728,1,13330.92,1696.48,0.6444,0
546,184303,7213,84,Employed,Rent,0.2319499379333674,3,15358.58,112.42,0.2393,0
682,101554,7062,84,Employed,Rent,0.2681883064396399,3,8462.83,110.07,0.2812,1
439,89784,13856,120,Employed,Mortgage,0.3448029664338225,2,7482.0,168.11,0.3673,0
847,73309,6508,84,Employed,Own,0.2021339032222162,3,6109.08,101.44,0.2187,1
672,98754,43519,60,Unemployed,Rent,0.3291652524499155,4,8229.5,882.41,0.4364,1
562,121043,25462,60,Employed,Rent,0.1005007255516765,5,10086.92,516.28,0.1517,0
691,84328,46199,60,Self-employed,Mortgage,0.3640624851998419,4,7027.33,936.75,0.4974,1
624,114738,41059,24,Employed,Mortgage,0.4333283015772102,0,9561.5,1856.99,0.6275,0
317,150080,4999,12,Unemployed,Mortgage,0.5190523538268055,3,12506.67,434.86,0.5538,0
781,129400,31251,120,Employed,Own,0.1173279759420004,2,10783.33,379.16,0.1525,1
777,37214,33575,120,Employed,Rent,0.4393385053428022,0,3101.17,407.36,0.5707,0
722,75934,49789,36,Employed,Own,0.5083991805699155,5,6327.83,1560.21,0.755,0
512,82524,28780,120,Self-employed,Own,0.2561862667976702,1,6877.0,349.18,0.307,0
661,183520,48693,24,Employed,Rent,0.570134138874607,5,15293.33,2202.25,0.7141,0
559,166164,31110,12,Employed,Mortgage,0.4621311564520075,2,13847.0,2706.21,0.6576,0
406,60913,1709,120,Employed,Own,0.1163255569867879,2,5076.08,20.73,0.1204,0
311,74982,39174,12,Unemployed,Rent,0.0710032676144113,4,6248.5,3407.68,0.6164,0
671,150746,17847,36,Retired,Rent,0.4897748390759319,2,12562.17,559.26,0.5343,1
783,124141,17519,36,Employed,Rent,0.377416193727823,1,10345.08,548.98,0.4305,1
671,85497,19624,36,Self-employed,Rent,0.072528565714789,4,7124.75,614.94,0.1588,1
390,122705,3637,84,Employed,Rent,0.38080667216734,2,10225.42,56.69,0.3864,0
771,76923,38139,120,Employed,Own,0.2557968519642034,4,6410.25,462.73,0.328,1
536,49983,33024,60,Employed,Rent,0.3831982971263469,2,4165.25,669.61,0.544,0
785,97218,34542,24,Employed,Mortgage,0.1792035049172943,2,8101.5,1562.24,0.372,1
720,176518,14541,24,Retired,Mortgage,0.239796652531193,4,14709.83,657.65,0.2845,1
491,48298,41306,120,Employed,Rent,0.2628732958866683,0,4024.83,501.16,0.3874,0
419,185523,9186,36,Employed,Mortgage,0.384310754433186,0,15460.25,287.86,0.4029,0
612,95065,11436,36,Retired,Rent,0.4142213184609429,1,7922.08,358.36,0.4595,0
386,73518,24147,24,Self-employed,Rent,0.4442752757080277,2,6126.5,1092.1,0.6225,0
390,186246,39523,24,Employed,Mortgage,0.126757428416275,0,15520.5,1787.52,0.2419,0
641,58591,26295,60,Employed,Rent,0.4282089333530262,4,4882.58,533.17,0.5374,0
531,140992,8133,84,Self-employed,Mortgage,0.1573104825880871,1,11749.33,126.76,0.1681,0
710,184366,24829,120,Employed,Rent,0.0249753185826093,3,15363.83,301.24,0.0446,1
378,174109,30934,12,Employed,Mortgage,0.1926183236958582,5,14509.08,2690.9,0.3781,0
346,71876,14691,12,Employed,Rent,0.0941479093213317,4,5989.67,1277.95,0.3075,0
596,194007,31823,120,Employed,Rent,0.2808367598254482,0,16167.25,386.1,0.3047,0
351,36182,25726,60,Employed,Mortgage,0.5742612018911415,4,3015.17,521.63,0.7473,0
743,119150,44929,84,Employed,Rent,0.1711357702981981,1,9929.17,700.27,0.2417,1
670,98632,49589,84,Employed,Own,0.2944783626893111,5,8219.33,772.9,0.3885,1
495,23369,5165,60,Employed,Own,0.5531928629323811,3,1947.42,104.73,0.607,0
596,63453,1263,60,Retired,Rent,0.4474957247664735,3,5287.75,25.61,0.4523,0
835,83912,2723,36,Self-employed,Own,0.3771221770905871,3,6992.67,85.33,0.3893,1
758,170136,13175,120,Unemployed,Own,0.5892162774503681,3,14178.0,159.85,0.6005,0
410,54331,49866,120,Unemployed,Rent,0.4699157464671664,1,4527.58,605.01,0.6035,0
621,72234,46057,12,Self-employed,Rent,0.5888633207799981,2,6019.5,4006.43,1.2544,0
838,153599,43174,84,Retired,Own,0.5815852035975556,3,12799.92,672.92,0.6342,0
605,101115,43359,12,Employed,Mortgage,0.5818907402364957,5,8426.25,3771.73,1.0295,0
659,131679,12607,84,Employed,Mortgage,0.3223207641398836,2,10973.25,196.5,0.3402,1
599,111282,48752,24,Unemployed,Own,0.0335412841053347,3,9273.5,2204.92,0.2713,0
742,84095,5472,84,Unemployed,Mortgage,0.3197432285674095,2,7007.92,85.29,0.3319,1
361,66251,36505,84,Employed,Mortgage,0.3155179319331301,0,5520.92,568.97,0.4186,0
699,193310,49238,24,Self-employed,Rent,0.064998041747048,5,16109.17,2226.9,0.2032,1
775,70791,28264,24,Retired,Own,0.5698016546727189,0,5899.25,1278.3,0.7865,0
700,33017,26486,60,Employed,Rent,0.5701436448320891,2,2751.42,537.04,0.7653,0
797,162476,19210,120,Unemployed,Own,0.2369193328987767,1,13539.67,233.07,0.2541,1
690,93306,13617,60,Employed,Mortgage,0.5181822695670587,2,7775.5,276.1,0.5537,1
451,43455,36002,36,Employed,Rent,0.2420988405406995,3,3621.25,1128.17,0.5536,0
419,24101,47040,84,Retired,Own,0.4836736357611721,1,2008.42,733.18,0.8487,0
487,175839,33023,36,Employed,Own,0.1671317353509224,3,14653.25,1034.82,0.2378,0
556,157442,2718,84,Self-employed,Rent,0.2778049743462716,3,13120.17,42.36,0.281,0
334,125214,48630,120,Unemployed,Own,0.0188577003599065,2,10434.5,590.02,0.0754,0
762,33035,25135,60,Self-employed,Own,0.1152177288870929,4,2752.92,509.65,0.3003,0
803,186440,1117,36,Self-employed,Rent,0.5105437588836499,4,15536.67,35.0,0.5128,1
568,160889,36008,24,Employed,Mortgage,0.1181521553786707,5,13407.42,1628.54,0.2396,0
432,149991,14895,36,Self-employed,Rent,0.3043639996829887,0,12499.25,466.76,0.3417,0
440,148175,21877,24,Employed,Mortgage,0.0945874407332138,5,12347.92,989.44,0.1747,0
556,97896,16422,120,Employed,Own,0.3538999092859147,1,8158.0,199.24,0.3783,0
525,117867,47705,24,Employed,Mortgage,0.0275225037498566,1,9822.25,2157.57,0.2472,0
568,141121,16242,12,Employed,Own,0.2125901029396565,2,11760.08,1412.87,0.3327,0
839,79521,25671,36,Unemployed,Rent,0.5239055255490804,0,6626.75,804.44,0.6453,0
386,181918,27454,24,Employed,Mortgage,0.1737093277064708,4,15159.83,1241.67,0.2556,0
528,137499,17639,84,Employed,Mortgage,0.0160823207064723,4,11458.25,274.93,0.0401,0
467,159345,10892,120,Self-employed,Own,0.085722520353572,2,13278.75,132.15,0.0957,0
612,139297,40558,24,Self-employed,Own,0.571656677697243,0,11608.08,1834.33,0.7297,0
363,142061,36474,120,Self-employed,Mortgage,0.2207106359046634,3,11838.42,442.53,0.2581,0
332,169966,48575,60,Employed,Rent,0.538509527608626,5,14163.83,984.93,0.608,0
775,77442,14960,12,Self-employed,Mortgage,0.135138054765752,2,6453.5,1301.35,0.3368,1
710,164273,9935,24,Employed,Own,0.4987284138809235,5,13689.42,449.33,0.5316,1
737,169620,45424,120,Self-employed,Own,0.2135474843631603,4,14135.0,551.12,0.2525,1
639,40288,45325,12,Unemployed,Rent,0.3940070825007233,0,3357.33,3942.75,1.5684,0
716,60566,14827,84,Employed,Rent,0.2974915249970715,2,5047.17,231.1,0.3433,1
409,65846,48069,120,Employed,Rent,0.2501594585201586,2,5487.17,583.21,0.3564,0
789,117773,21736,12,Employed,Own,0.3567688535886014,2,9814.42,1890.78,0.5494,1
517,199486,30436,24,Employed,Mortgage,0.4377077070758564,4,16623.83,1376.54,0.5205,0
655,172687,3974,60,Employed,Rent,0.4512488254448908,3,14390.58,80.58,0.4568,1
693,22833,49089,60,Self-employed,Rent,0.2502128486462626,2,1902.75,995.35,0.7733,0
328,179852,21497,36,Employed,Rent,0.0081694445222084,5,14987.67,673.64,0.0531,0
477,198189,10585,12,Unemployed,Rent,0.3278652931392203,2,16515.75,920.77,0.3836,0
632,65453,33091,24,Employed,Own,0.4460078209490036,3,5454.42,1496.62,0.7204,0
788,52186,3368,84,Employed,Mortgage,0.3616827014231197,1,4348.83,52.49,0.3738,1
717,46026,32821,36,Retired,Own,0.5094437732775615,5,3835.5,1028.49,0.7776,0
394,114321,46903,24,Employed,Own,0.1943577391469248,0,9526.75,2121.3,0.417,0
472,175540,30814,84,Employed,Own,0.3042114523225736,5,14628.33,480.27,0.337,0
323,133361,34906,84,Employed,Rent,0.1353089168384852,3,11113.42,544.05,0.1843,0
529,118709,41090,60,Self-employed,Mortgage,0.1100617618318156,4,9892.42,833.16,0.1943,0
350,66632,9922,12,Self-employed,Own,0.073005429584538,1,5552.67,863.1,0.2284,0
494,80877,2855,84,Employed,Rent,0.219921765108282,3,6739.75,44.5,0.2265,0
600,96327,31609,84,Retired,Mortgage,0.0739369689683471,5,8027.25,492.66,0.1353,0
422,186968,29712,120,Employed,Rent,0.1582612941344291,0,15580.67,360.49,0.1814,0
575,129718,37903,60,Employed,Mortgage,0.5705586749338126,5,10809.83,768.54,0.6417,0
629,187990,6062,120,Retired,Mortgage,0.4409450735929269,4,15665.83,73.55,0.4456,0
624,69386,14774,24,Employed,Own,0.0697245651054024,2,5782.17,668.19,0.1853,0
325,123562,17374,120,Employed,Mortgage,0.0246746041251318,4,10296.83,210.79,0.0451,0
766,89933,37312,24,Self-employed,Own,0.0858503814082425,3,7494.42,1687.52,0.311,1
508,45120,41274,120,Employed,Rent,0.092667937922437,1,3760.0,500.77,0.2259,0
609,106537,24070,24,Employed,Rent,0.1209545839033787,0,8878.08,1088.62,0.2436,0
395,33031,9053,24,Employed,Mortgage,0.3364495326352478,0,2752.58,409.44,0.4852,0
429,111034,45935,120,Retired,Rent,0.0976816713563734,3,9252.83,557.32,0.1579,0
415,118903,10338,36,Employed,Rent,0.5617877904038782,5,9908.58,323.96,0.5945,0
360,62671,17480,84,Unemployed,Rent,0.4872084310465249,0,5222.58,272.45,0.5394,0
758,117875,20743,84,Employed,Own,0.3902415520893404,3,9822.92,323.3,0.4232,1
484,128902,26603,120,Unemployed,Rent,0.4116195818818431,3,10741.83,322.77,0.4417,0
372,193415,37361,60,Self-employed,Mortgage,0.3831604214722384,0,16117.92,757.55,0.4302,0
802,190519,40167,24,Employed,Mortgage,0.0716538291068813,3,15876.58,1816.64,0.1861,1
683,87549,24232,12,Self-employed,Rent,0.2604378037885075,2,7295.75,2107.9,0.5494,1
772,146021,21193,12,Employed,Rent,0.0060362333731038,4,12168.42,1843.55,0.1575,1
548,165212,35200,120,Employed,Own,0.3607067919710691,5,13767.67,427.07,0.3917,0
309,41957,20957,12,Self-employed,Own,0.323216855294781,5,3496.42,1823.02,0.8446,0
829,162509,48892,84,Self-employed,Own,0.4723426162827194,5,13542.42,762.04,0.5286,1
725,91609,34308,84,Self-employed,Mortgage,0.2481320826119895,2,7634.08,534.73,0.3182,1
328,21687,23306,120,Employed,Mortgage,0.2591059772790465,2,1807.25,282.77,0.4156,0
756,111649,29813,84,Self-employed,Own,0.1612174115141337,4,9304.08,464.67,0.2112,1
630,163905,44768,24,Unemployed,Own,0.1347921747109979,3,13658.75,2024.74,0.283,0
534,88426,5618,60,Employed,Rent,0.5265546057664953,3,7368.83,113.91,0.542,0
425,118484,17739,36,Employed,Rent,0.1815247194929693,0,9873.67,555.88,0.2378,0
758,153334,20313,24,Retired,Rent,0.3175488524722411,4,12777.83,918.7,0.3894,1
470,20722,22750,120,Retired,Rent,0.0907301070729303,2,1726.83,276.02,0.2506,0
674,84066,24369,120,Employed,Mortgage,0.0201954081106963,2,7005.5,295.66,0.0624,1
364,64379,49524,24,Employed,Rent,0.3708065413155294,4,5364.92,2239.84,0.7883,0
830,28819,27515,120,Employed,Mortgage,0.5919245163811232,0,2401.58,333.83,0.7309,0
724,175013,34581,24,Retired,Own,0.4255504251297616,3,14584.42,1564.0,0.5328,1
516,99399,47476,12,Employed,Own,0.1108585145665899,1,8283.25,4129.86,0.6094,0
511,103153,32465,24,Employed,Own,0.4508456425103258,3,8596.08,1468.3,0.6217,0
562,59235,32515,120,Employed,Rent,0.1338456943406486,0,4936.25,394.5,0.2138,0
550,117349,17921,12,Self-employed,Rent,0.5349086910687307,2,9779.08,1558.92,0.6943,0
395,78339,13555,12,Self-employed,Rent,0.1694221544218924,4,6528.25,1179.13,0.35,0
333,175340,27523,12,Employed,Own,0.2436279836360767,4,14611.67,2394.18,0.4075,0
485,48848,17330,36,Employed,Rent,0.2434309101914703,2,4070.67,543.06,0.3768,0
731,187441,18916,12,Employed,Mortgage,0.2516619437816329,5,15620.08,1645.47,0.357,1
436,135936,35527,12,Retired,Mortgage,0.0356574879542703,5,11328.0,3090.44,0.3085,0
816,37845,40422,120,Employed,Own,0.5782490975800589,5,3153.75,490.43,0.7338,0
635,37034,41619,12,Retired,Rent,0.2522877618329299,0,3086.17,3620.37,1.4254,0
403,101119,36701,120,Employed,Rent,0.4757702981542214,3,8426.58,445.28,0.5286,0
539,115646,11751,84,Self-employed,Mortgage,0.3879230515661312,0,9637.17,183.15,0.4069,0
468,41041,20013,60,Employed,Rent,0.4595977186563663,5,3420.08,405.79,0.5782,0
676,34955,8701,120,Retired,Mortgage,0.3965932616880456,4,2912.92,105.57,0.4328,0
618,82617,46574,60,Employed,Rent,0.5838156605513372,4,6884.75,944.35,0.721,0
385,125595,17290,60,Retired,Mortgage,0.0793454162166794,0,10466.25,350.58,0.1128,0
609,186538,37827,120,Employed,Mortgage,0.2627912700917539,5,15544.83,458.95,0.2923,0
648,55004,29470,60,Unemployed,Own,0.4572384167086698,5,4583.67,597.55,0.5876,0
825,58435,18407,24,Self-employed,Rent,0.163806564707692,5,4869.58,832.5,0.3348,1
481,23733,9215,120,Employed,Mortgage,0.5432658987827476,3,1977.75,111.8,0.5998,0
677,54024,24548,12,Employed,Rent,0.0252955594398658,1,4502.0,2135.39,0.4996,1
387,36994,9281,60,Self-employed,Mortgage,0.1150579843489068,2,3082.83,188.19,0.1761,0
597,98747,40313,120,Employed,Own,0.4614278017547352,1,8228.92,489.11,0.5209,0
692,65112,4503,24,Employed,Rent,0.4491481736315876,3,5426.0,203.66,0.4867,1
323,63523,42829,24,Employed,Rent,0.5002392022558378,5,5293.58,1937.04,0.8662,0
419,182045,29064,84,Employed,Own,0.3982319271239846,3,15170.42,453.0,0.4281,0
645,25337,29913,60,Employed,Mortgage,0.4643197187471352,5,2111.42,606.53,0.7516,0
361,101901,1195,24,Employed,Mortgage,0.5005797961525779,4,8491.75,54.05,0.5069,0
471,135634,14955,12,Unemployed,Own,0.5670290191319282,1,11302.83,1300.91,0.6821,0
820,184549,6749,12,Employed,Own,0.4266990778552177,2,15379.08,587.08,0.4649,1
753,173851,20439,36,Employed,Mortgage,0.5921757136009476,4,14487.58,640.48,0.6364,0
638,70340,21938,12,Self-employed,Mortgage,0.1691837528230991,4,5861.67,1908.35,0.4947,0
813,87696,2163,24,Employed,Rent,0.2944489694484064,5,7308.0,97.83,0.3078,1
782,196518,10282,24,Employed,Rent,0.0378403410867819,2,16376.5,465.03,0.0662,1
609,107257,22600,60,Unemployed,Own,0.0463180818404427,1,8938.08,458.25,0.0976,0
389,152676,42331,60,Employed,Rent,0.1747959751635535,1,12723.0,858.32,0.2423,0
557,178368,27301,12,Employed,Mortgage,0.3275455617708197,0,14864.0,2374.87,0.4873,0
422,188111,10373,36,Employed,Rent,0.069574632503259,4,15675.92,325.05,0.0903,0
541,114841,45348,24,Employed,Rent,0.2766722080851491,4,9570.08,2050.97,0.491,0
664,134061,36301,24,Employed,Mortgage,0.313907269281008,4,11171.75,1641.8,0.4609,1
411,149686,23033,84,Self-employed,Own,0.2400340936454053,4,12473.83,359.0,0.2688,0
633,149308,17429,60,Self-employed,Rent,0.0610092784444941,5,12442.33,353.4,0.0894,0
844,118892,31473,36,Employed,Mortgage,0.4583053062533014,0,9907.67,986.25,0.5578,1
410,163382,7241,120,Unemployed,Mortgage,0.4877871220396376,1,13615.17,87.85,0.4942,0
468,126884,13578,60,Employed,Rent,0.2170124909506754,4,10573.67,275.31,0.243,0
475,61014,28476,12,Self-employed,Mortgage,0.4860105816081018,2,5084.5,2477.08,0.9732,0
669,88910,7450,84,Employed,Mortgage,0.0464385836671582,2,7409.17,116.12,0.0621,1
758,31778,17999,84,Self-employed,Mortgage,0.2960129278111695,5,2648.17,280.54,0.402,0
307,122960,40283,60,Employed,Rent,0.5536316382568579,5,10246.67,816.79,0.6333,0
544,107348,21166,36,Employed,Rent,0.5595853551823102,0,8945.67,663.27,0.6337,0
563,95705,32075,36,Unemployed,Rent,0.194831351335944,1,7975.42,1005.11,0.3209,0
491,198129,22726,12,Employed,Mortgage,0.1571257444244304,2,16510.75,1976.9,0.2769,0
378,169242,47370,12,Self-employed,Mortgage,0.4761858594807054,4,14103.5,4120.64,0.7684,0
658,69377,15356,60,Retired,Mortgage,0.236823404541019,1,5781.42,311.36,0.2907,1
366,96038,33780,120,Employed,Rent,0.5050426679992147,5,8003.17,409.84,0.5563,0
661,99868,29117,60,Retired,Rent,0.5261329950027004,3,8322.33,590.39,0.5971,1
789,118247,39455,24,Employed,Rent,0.5348963389763122,3,9853.92,1784.44,0.716,0
594,92420,25936,60,Employed,Own,0.0593868204050038,1,7701.67,525.89,0.1277,0
332,196861,31121,24,Retired,Rent,0.1195612117715659,1,16405.08,1407.52,0.2054,0
696,190380,30466,84,Employed,Mortgage,0.2453765907778651,4,15865.0,474.85,0.2753,1
683,30198,20582,24,Employed,Own,0.2302285794906172,2,2516.5,930.87,0.6001,0
470,41156,45767,84,Employed,Own,0.2249665793413139,0,3429.67,713.33,0.433,0
764,153240,40360,12,Self-employed,Rent,0.2029800516674334,2,12770.0,3510.85,0.4779,1
397,28014,13779,36,Self-employed,Rent,0.2835662227292941,2,2334.5,431.78,0.4685,0
565,142401,32826,24,Self-employed,Rent,0.4287321703630086,3,11866.75,1484.63,0.5538,0
795,179756,8730,24,Self-employed,Own,0.086565345538295,4,14979.67,394.83,0.1129,1
439,145716,48107,36,Unemployed,Mortgage,0.3905276377540503,4,12143.0,1507.5,0.5147,0
482,116457,29926,12,Employed,Own,0.0113162085992398,1,9704.75,2603.22,0.2796,0
704,196251,37478,24,Self-employed,Rent,0.3257028407455404,5,16354.25,1695.03,0.4293,1
695,171647,26082,12,Employed,Own,0.4977707021079659,1,14303.92,2268.83,0.6564,0
610,45118,15417,24,Employed,Rent,0.0827015306746709,1,3759.83,697.27,0.2682,0
731,178666,16829,12,Self-employed,Rent,0.1715842425317458,3,14888.83,1463.93,0.2699,1
616,187283,5330,24,Employed,Own,0.281633736410005,5,15606.92,241.06,0.2971,0
699,74232,31725,36,Employed,Own,0.2096842553821289,3,6186.0,994.15,0.3704,1
773,171832,24128,120,Unemployed,Own,0.0963589839909851,5,14319.33,292.74,0.1168,1
576,53379,5451,60,Retired,Own,0.1401153480500925,3,4448.25,110.53,0.165,0
605,129676,44929,120,Self-employed,Rent,0.4840329656539684,3,10806.33,545.11,0.5345,0
344,67957,5114,24,Employed,Own,0.2004083911290569,0,5663.08,231.29,0.2413,0
764,62263,18882,84,Employed,Mortgage,0.447975867587932,2,5188.58,294.3,0.5047,1
589,42117,48294,120,Employed,Rent,0.2636816952831745,0,3509.75,585.94,0.4306,0
374,37330,45891,84,Employed,Own,0.1696518959665991,4,3110.83,715.27,0.3996,0
820,53200,37477,36,Self-employed,Rent,0.3595983203313268,2,4433.33,1174.39,0.6245,0
377,48220,34397,36,Employed,Mortgage,0.1107031481227458,2,4018.33,1077.88,0.3789,0
502,28263,39634,84,Self-employed,Mortgage,0.4387513757181562,1,2355.25,617.74,0.701,0
632,188587,39977,12,Retired,Mortgage,0.1899618675731721,5,15715.58,3477.54,0.4112,0
812,75541,29712,60,Self-employed,Rent,0.5589811056256591,4,6295.08,602.45,0.6547,0
345,131463,32833,24,Employed,Rent,0.4838892583627878,1,10955.25,1484.95,0.6194,0
789,37261,23182,120,Retired,Rent,0.0655990719448309,3,3105.08,281.26,0.1562,0
501,110363,31618,60,Self-employed,Rent,0.5840989980632685,1,9196.92,641.1,0.6538,0
649,35025,35944,24,Employed,Rent,0.5797877272444785,4,2918.75,1625.65,1.1368,0
797,187145,19758,84,Employed,Rent,0.1413968848745027,5,15595.42,307.95,0.1611,1
337,95327,31128,120,Self-employed,Own,0.4211121531614068,4,7943.92,377.67,0.4687,0
704,136492,5766,36,Retired,Own,0.395076574977015,0,11374.33,180.69,0.411,1
573,72372,9045,36,Unemployed,Rent,0.512351238161147,3,6031.0,283.44,0.5593,0
573,65146,2708,36,Self-employed,Rent,0.4076305810032156,0,5428.83,84.86,0.4233,0
785,88904,32596,120,Employed,Mortgage,0.2351188621108547,1,7408.67,395.48,0.2885,1
683,48277,32797,12,Retired,Own,0.2577339882428827,0,4023.08,2852.96,0.9669,0
528,146422,29691,120,Employed,Rent,0.4856681590349466,0,12201.83,360.23,0.5152,0
328,97339,5952,84,Employed,Mortgage,0.2366510766866722,1,8111.58,92.77,0.2481,0
439,144239,37510,84,Employed,Rent,0.0504653860627888,5,12019.92,584.64,0.0991,0
707,24005,21811,120,Employed,Own,0.4077929517413436,4,2000.42,264.63,0.5401,0
802,169868,29597,12,Retired,Rent,0.0661444377181231,5,14155.67,2574.6,0.248,1
452,75050,20985,120,Employed,Rent,0.4040742065613679,4,6254.17,254.61,0.4448,0
636,174926,26035,24,Employed,Own,0.2123991725585987,4,14577.17,1177.49,0.2932,0
387,119944,27871,12,Retired,Rent,0.0413356842938322,2,9995.33,2424.45,0.2839,0
514,156453,13213,84,Retired,Mortgage,0.1860459518862891,2,13037.75,205.94,0.2018,0
487,97989,22499,24,Employed,Mortgage,0.5226502205063176,3,8165.75,1017.57,0.6473,0
689,71563,10074,120,Self-employed,Mortgage,0.3500671412505011,1,5963.58,122.23,0.3706,1
675,155709,49692,24,Retired,Rent,0.2011329663065177,0,12975.75,2247.43,0.3743,1
657,163774,9186,36,Unemployed,Own,0.0655979816500219,3,13647.83,287.86,0.0867,1
711,101057,35027,84,Employed,Mortgage,0.313892304447835,0,8421.42,545.94,0.3787,1
822,66588,21501,36,Self-employed,Rent,0.0863781279555884,5,5549.0,673.76,0.2078,1
681,132176,21111,36,Unemployed,Mortgage,0.2118196996201972,4,11014.67,661.54,0.2719,1
484,97329,16573,12,Self-employed,Mortgage,0.1990237732727667,1,8110.75,1441.66,0.3768,0
673,160253,35498,60,Employed,Own,0.2418482809077873,4,13354.42,719.77,0.2957,1
841,24271,33444,36,Employed,Own,0.2630592644699854,2,2022.58,1048.01,0.7812,0
514,25518,7018,120,Employed,Mortgage,0.2095375499031996,1,2126.5,85.15,0.2496,0
646,47009,11040,36,Employed,Own,0.4238600021659504,1,3917.42,345.95,0.5122,0
521,185165,48071,84,Employed,Own,0.1219482428339888,5,15430.42,749.24,0.1705,0
621,42792,21048,36,Employed,Own,0.2027149505452187,0,3566.0,659.57,0.3877,0
602,185018,15169,84,Self-employed,Mortgage,0.4217988993832538,2,15418.17,236.43,0.4371,0
727,184502,32083,120,Employed,Mortgage,0.3209974189668965,2,15375.17,389.26,0.3463,1
640,24284,37872,84,Employed,Mortgage,0.0872427760632587,1,2023.67,590.28,0.3789,0
758,66676,44790,60,Employed,Mortgage,0.5248450553706442,3,5556.33,908.18,0.6883,0
648,48709,37972,24,Employed,Own,0.4773447934645379,1,4059.08,1717.37,0.9004,0
447,191788,15550,24,Employed,Mortgage,0.4686035129011647,0,15982.33,703.28,0.5126,0
660,187562,35145,36,Employed,Mortgage,0.1982288930710304,0,15630.17,1101.32,0.2687,1
508,159611,25970,24,Employed,Rent,0.2607531178293251,0,13300.92,1174.55,0.3491,0
521,91450,2332,24,Employed,Own,0.1287405986614743,5,7620.83,105.47,0.1426,0
767,192324,10554,84,Employed,Mortgage,0.0273594464948035,1,16027.0,164.5,0.0376,1
543,131265,15307,12,Employed,Own,0.4036734529083097,3,10938.75,1331.53,0.5254,0
422,172960,15660,84,Employed,Mortgage,0.3128650945036904,4,14413.33,244.08,0.3298,0
551,199974,36632,36,Self-employed,Own,0.5869334389030092,5,16664.5,1147.91,0.6558,0
559,79755,37157,60,Employed,Rent,0.0629964406585335,3,6646.25,753.41,0.1764,0
466,194185,41896,84,Self-employed,Rent,0.0251256160141307,3,16182.08,653.0,0.0655,0
606,185551,3618,12,Retired,Rent,0.1560331591766817,5,15462.58,314.72,0.1764,0
455,95942,4239,60,Self-employed,Rent,0.141047121533634,4,7995.17,85.95,0.1518,0
722,149488,36755,36,Employed,Own,0.2345149781989307,2,12457.33,1151.77,0.327,1
656,113146,24256,24,Employed,Mortgage,0.3037017611002521,3,9428.83,1097.03,0.4201,1
782,82139,1024,84,Unemployed,Own,0.4621682378061942,4,6844.92,15.96,0.4645,1
533,127861,18995,12,Self-employed,Mortgage,0.1447911255484854,2,10655.08,1652.35,0.2999,0
660,27792,24942,12,Employed,Own,0.5047897032361427,2,2316.0,2169.67,1.4416,0
639,67017,10809,12,Employed,Own,0.5407466661035987,2,5584.75,940.26,0.7091,0
621,187925,29967,12,Employed,Own,0.5502732357184633,4,15660.42,2606.78,0.7167,0
798,74497,13221,60,Employed,Rent,0.5759262517512236,0,6208.08,268.07,0.6191,0
620,109121,43145,12,Self-employed,Own,0.1257646064799337,5,9093.42,3753.12,0.5385,0
765,144334,33605,36,Employed,Rent,0.5543631275767602,0,12027.83,1053.06,0.6419,0
837,161835,18628,24,Retired,Rent,0.1575067138688582,1,13486.25,842.49,0.22,1
315,185194,5926,12,Employed,Mortgage,0.2467343788247596,3,15432.83,515.49,0.2801,0
613,28784,44645,60,Employed,Own,0.0827317673578836,5,2398.67,905.24,0.4601,0
758,136522,27662,12,Unemployed,Rent,0.0062016815821427,3,11376.83,2406.27,0.2177,1
531,92116,11760,60,Employed,Mortgage,0.5222061996774048,0,7676.33,238.45,0.5533,0
761,181117,42110,24,Unemployed,Own,0.0885538591090963,0,15093.08,1904.52,0.2147,1
316,157120,5636,120,Self-employed,Mortgage,0.4017886291989741,1,13093.33,68.38,0.407,0
652,84163,40515,120,Employed,Own,0.0675278910800716,2,7013.58,491.56,0.1376,1
594,106226,40751,60,Self-employed,Rent,0.4986317320504397,5,8852.17,826.28,0.592,0
620,188285,7869,60,Self-employed,Mortgage,0.5609849261409392,0,15690.42,159.55,0.5712,0
700,144577,31722,84,Employed,Rent,0.2161281950958263,5,12048.08,494.43,0.2572,1
391,72716,15554,36,Employed,Rent,0.1195646524053438,1,6059.67,487.41,0.2,0
327,195416,21625,60,Employed,Rent,0.0903714646768204,1,16284.67,438.48,0.1173,0
567,28999,4447,120,Employed,Own,0.3111700113632785,5,2416.58,53.95,0.3335,0
749,178218,9104,60,Employed,Own,0.1103035810404973,2,14851.5,184.6,0.1227,1
820,134622,22414,60,Employed,Rent,0.4927567998642764,0,11218.5,454.48,0.5333,1
383,152343,11212,120,Employed,Mortgage,0.4012813080729817,3,12695.25,136.03,0.412,0
508,161704,46139,120,Employed,Rent,0.3299307039591636,3,13475.33,559.79,0.3715,0
647,130586,14544,84,Employed,Mortgage,0.0589461092695839,4,10882.17,226.69,0.0798,0
517,192813,15472,12,Self-employed,Rent,0.1170521922349693,1,16067.75,1345.88,0.2008,0
313,159303,45909,84,Employed,Rent,0.2433432726231124,1,13275.25,715.55,0.2972,0
565,59460,15437,36,Employed,Rent,0.4944923636364471,4,4955.0,483.74,0.5921,0
362,150635,43869,60,Retired,Mortgage,0.0002367323789374,0,12552.92,889.51,0.0711,0
400,34883,29645,60,Employed,Mortgage,0.1093262868414856,2,2906.92,601.09,0.3161,0
658,77345,6014,36,Employed,Rent,0.1680746748553487,0,6445.42,188.46,0.1973,1
504,79714,31545,36,Unemployed,Rent,0.1914599060004384,4,6642.83,988.51,0.3403,0
574,36103,20842,24,Unemployed,Own,0.2051042607647822,4,3008.58,942.63,0.5184,0
565,26527,42571,12,Employed,Mortgage,0.5422651431182898,4,2210.58,3703.18,2.2175,0
602,136578,44797,12,Employed,Rent,0.3277349895413491,0,11381.5,3896.82,0.6701,0
490,61167,39969,24,Employed,Rent,0.242177544993049,1,5097.25,1807.69,0.5968,0
551,145414,13522,24,Self-employed,Own,0.2234162358081916,0,12117.83,611.56,0.2739,0
512,128222,25551,24,Self-employed,Own,0.34768576375724,0,10685.17,1155.6,0.4558,0
570,193455,6137,12,Employed,Mortgage,0.0194402112155521,1,16121.25,533.85,0.0526,0
479,57326,25644,84,Employed,Own,0.1580324894758194,2,4777.17,399.69,0.2417,0
671,63776,10182,24,Retired,Own,0.0042626964999503,0,5314.67,460.5,0.0909,1
758,146962,44873,36,Employed,Rent,0.1603334822613232,1,12246.83,1406.16,0.2752,1
341,149267,26180,24,Employed,Rent,0.347827502389482,0,12438.92,1184.05,0.443,0
522,97470,44201,12,Retired,Rent,0.0344336638390131,2,8122.5,3844.98,0.5078,0
508,121360,22128,24,Employed,Own,0.4955438980245403,2,10113.33,1000.79,0.5945,0
339,43243,24500,36,Unemployed,Rent,0.3719977746959796,5,3603.58,767.74,0.585,0
539,175222,13328,36,Employed,Rent,0.5166276001091977,2,14601.83,417.65,0.5452,0
399,124924,31829,12,Employed,Own,0.127179861368726,4,10410.33,2768.75,0.3931,0
845,85845,6556,84,Retired,Own,0.17381719045813,1,7153.75,102.18,0.1881,1
473,109680,26201,84,Self-employed,Rent,0.2458190626103558,3,9140.0,408.37,0.2905,0
665,33366,39605,84,Employed,Rent,0.2259795135487956,1,2780.5,617.29,0.448,0
657,31815,45701,120,Retired,Rent,0.4033768643950272,4,2651.25,554.48,0.6125,0
340,192392,39831,12,Employed,Own,0.0511077885158969,2,16032.67,3464.84,0.2672,0
320,195284,41689,12,Employed,Rent,0.1011798758269939,5,16273.67,3626.46,0.324,0
307,149856,5208,60,Employed,Rent,0.2897796513453202,4,12488.0,105.6,0.2982,0
564,174918,13961,120,Employed,Mortgage,0.0216407397928463,0,14576.5,169.39,0.0333,0
670,160761,30162,24,Employed,Rent,0.1426762313428786,1,13396.75,1364.15,0.2445,1
785,194171,2465,24,Self-employed,Own,0.3129623291216819,3,16180.92,111.49,0.3199,1
482,130617,9868,24,Employed,Rent,0.0146135137320451,4,10884.75,446.3,0.0556,0
657,43468,5701,36,Employed,Rent,0.3246620931818768,3,3622.33,178.65,0.374,0
763,24597,13067,120,Employed,Own,0.2796706463808443,3,2049.75,158.54,0.357,0
519,123307,31431,12,Self-employed,Own,0.4308986667513134,2,10275.58,2734.13,0.697,0
777,98901,18579,60,Unemployed,Rent,0.0226924624937646,5,8241.75,376.72,0.0684,1
844,34830,18839,36,Employed,Rent,0.2036236094062487,0,2902.5,590.35,0.407,0
519,33781,44406,120,Unemployed,Mortgage,0.0231259476715694,0,2815.08,538.77,0.2145,0
421,198727,40522,120,Unemployed,Mortgage,0.1873517341558605,4,16560.58,491.64,0.217,0
484,33784,10085,36,Employed,Rent,0.2572919357586267,4,2815.33,316.03,0.3695,0
360,96519,42461,120,Employed,Rent,0.4799791654858575,0,8043.25,515.17,0.544,0
704,123997,28482,120,Employed,Rent,0.0003019443982829,2,10333.08,345.57,0.0337,1
554,192743,3869,24,Self-employed,Own,0.2113439119502607,1,16061.92,174.98,0.2222,0
450,150431,31189,36,Employed,Mortgage,0.3643708849972438,2,12535.92,977.35,0.4423,0
300,193824,4792,12,Employed,Own,0.4962129448797638,2,16152.0,416.85,0.522,0
834,198010,26029,120,Self-employed,Rent,0.229153644624011,4,16500.83,315.8,0.2483,1
482,44215,4005,120,Retired,Mortgage,0.0602782477774242,3,3684.58,48.59,0.0735,0
785,96150,34185,24,Retired,Mortgage,0.5674470936156454,5,8012.5,1546.09,0.7604,0
302,190962,13282,36,Employed,Own,0.0060385715613277,1,15913.5,416.21,0.0322,0
542,157872,40243,24,Employed,Rent,0.0213412124058606,2,13156.0,1820.08,0.1597,0
726,136676,6466,120,Employed,Mortgage,0.0334323552393551,1,11389.67,78.45,0.0403,1
479,120526,34837,12,Employed,Rent,0.0782892359152241,4,10043.83,3030.42,0.38,0
844,172919,38595,120,Retired,Mortgage,0.4569580559481054,1,14409.92,468.26,0.4895,1
525,119067,39089,60,Employed,Rent,0.5084377949701525,1,9922.25,792.58,0.5883,0
315,90878,37013,84,Employed,Own,0.0247289819409123,2,7573.17,576.89,0.1009,0
434,193094,20929,60,Retired,Rent,0.5592222851026583,4,16091.17,424.36,0.5856,0
771,68141,31537,60,Employed,Rent,0.1245914766239598,2,5678.42,639.46,0.2372,1
409,172680,25924,24,Self-employed,Rent,0.016886155013686,4,14390.0,1172.47,0.0984,0
321,107149,29170,60,Employed,Mortgage,0.5810863088967895,3,8929.08,591.46,0.6473,0
300,120869,8505,24,Employed,Rent,0.3624119149332142,0,10072.42,384.66,0.4006,0
396,46989,14633,84,Unemployed,Own,0.4395102017922861,1,3915.75,228.07,0.4978,0
807,35620,19854,120,Retired,Rent,0.5633436635608368,3,2968.33,240.88,0.6445,0
695,128592,19043,120,Unemployed,Mortgage,0.1009978226777194,5,10716.0,231.04,0.1226,1
378,33180,34085,120,Employed,Own,0.5335154203058017,5,2765.0,413.55,0.6831,0
571,123668,25179,36,Self-employed,Rent,0.1868516566671935,2,10305.67,789.02,0.2634,0
319,139099,32138,120,Employed,Mortgage,0.249516509623494,5,11591.58,389.92,0.2832,0
628,153236,32521,12,Employed,Rent,0.5362292687765443,3,12769.67,2828.95,0.7578,0
797,74944,12088,60,Employed,Mortgage,0.5804979837248851,4,6245.33,245.1,0.6197,0
845,121817,21843,24,Retired,Rent,0.521490430945443,0,10151.42,987.9,0.6188,0
532,75647,37439,60,Employed,Mortgage,0.3433326779118711,0,6303.92,759.13,0.4638,0
482,193226,9458,24,Employed,Rent,0.1389657497659387,4,16102.17,427.76,0.1655,0
485,170338,40819,12,Self-employed,Rent,0.5098420413191198,1,14194.83,3550.78,0.76,0
731,171648,12749,24,Employed,Mortgage,0.1699818751238015,2,14304.0,576.6,0.2103,1
491,97775,39956,36,Self-employed,Rent,0.233870282429919,0,8147.92,1252.08,0.3875,0
746,198379,31527,36,Employed,Rent,0.0206924074999051,4,16531.58,987.94,0.0805,1
335,167177,28754,60,Self-employed,Rent,0.492626987769904,5,13931.42,583.03,0.5345,0
592,134253,39560,36,Unemployed,Own,0.2310209577401838,3,11187.75,1239.67,0.3418,0
377,179612,5959,60,Employed,Rent,0.2061287894081842,5,14967.67,120.83,0.2142,0
601,188915,1518,12,Employed,Rent,0.0688803371326825,1,15742.92,132.05,0.0773,0
619,140514,27249,12,Self-employed,Own,0.270643837274337,2,11709.5,2370.35,0.4731,0
496,171866,44905,120,Employed,Mortgage,0.2767304154378168,1,14322.17,544.82,0.3148,0
356,48137,44133,60,Employed,Rent,0.139434023878892,1,4011.42,894.86,0.3625,0
612,192049,26168,24,Employed,Own,0.476693119270336,2,16004.08,1183.51,0.5506,0
628,21831,40057,120,Self-employed,Rent,0.2246657025061204,2,1819.25,486.0,0.4918,0
504,195890,36125,60,Self-employed,Rent,0.1336242885853265,5,16324.17,732.48,0.1785,0
459,80604,28155,84,Employed,Rent,0.5449992530646908,2,6717.0,438.83,0.6103,0
330,152480,33232,120,Retired,Rent,0.5236095778865861,2,12706.67,403.2,0.5553,0
669,57938,3814,60,Unemployed,Own,0.1990273386183452,2,4828.17,77.33,0.215,1
378,120377,19585,12,Employed,Mortgage,0.0876272252405885,1,10031.42,1703.67,0.2575,0
702,33068,27164,36,Employed,Rent,0.529010960567569,4,2755.67,851.22,0.8379,0
569,56536,35372,120,Employed,Mortgage,0.5238064369803821,3,4711.33,429.16,0.6149,0
785,125859,27371,84,Employed,Rent,0.3144216971965391,1,10488.25,426.61,0.3551,1
556,186794,37605,60,Self-employed,Rent,0.0154128098254745,5,15566.17,762.49,0.0644,0
364,132992,27963,12,Employed,Mortgage,0.4192392832390985,2,11082.67,2432.46,0.6387,0
695,132252,16880,84,Employed,Own,0.0404230163850937,4,11021.0,263.1,0.0643,1
305,144389,17709,120,Self-employed,Mortgage,0.3757889439400905,0,12032.42,214.86,0.3936,0
824,44600,49836,60,Employed,Own,0.2413412936014251,5,3716.67,1010.49,0.5132,0
778,103204,8411,12,Self-employed,Mortgage,0.1422295868853503,1,8600.33,731.66,0.2273,1
323,135415,22677,60,Employed,Mortgage,0.0490803372714968,4,11284.58,459.81,0.0898,0
378,175001,45158,12,Unemployed,Mortgage,0.2128102547445558,5,14583.42,3928.22,0.4822,0
649,20840,15023,60,Self-employed,Mortgage,0.2519328547500328,2,1736.67,304.61,0.4273,0
540,191851,20058,60,Self-employed,Own,0.3553576024445728,0,15987.58,406.7,0.3808,0
652,122621,46274,84,Self-employed,Rent,0.3898253159111065,2,10218.42,721.24,0.4604,1
708,163459,14598,36,Self-employed,Mortgage,0.1393858331143402,2,13621.58,457.45,0.173,1
655,171606,16311,36,Employed,Rent,0.524168712730092,0,14300.5,511.13,0.5599,1
300,128298,2948,60,Employed,Mortgage,0.1521514189644058,0,10691.5,59.77,0.1577,0
583,156260,35690,84,Employed,Rent,0.5141954422075912,3,13021.67,556.27,0.5569,0
849,95337,12219,24,Unemployed,Rent,0.3290288156961307,5,7944.75,552.63,0.3986,1
666,50308,49091,36,Unemployed,Rent,0.4834601703592406,5,4192.33,1538.33,0.8504,0
345,95840,42053,84,Employed,Mortgage,0.321870660511211,4,7986.67,655.45,0.4039,0
784,111985,10567,36,Unemployed,Rent,0.4813025003366584,5,9332.08,331.13,0.5168,1
536,83793,9072,36,Unemployed,Mortgage,0.5555202904175183,5,6982.75,284.28,0.5962,0
825,164512,38759,24,Employed,Mortgage,0.1292244825420971,3,13709.33,1752.96,0.2571,1
306,105728,25876,36,Retired,Mortgage,0.2642430614228501,1,8810.67,810.86,0.3563,0
789,140492,38109,84,Employed,Rent,0.0539967652025828,1,11707.67,593.98,0.1047,1
745,63160,26709,84,Self-employed,Rent,0.3303453627532181,3,5263.33,416.29,0.4094,1
578,25875,20052,60,Employed,Rent,0.3331755897802108,4,2156.25,406.58,0.5217,0
627,45436,34699,24,Employed,Own,0.116224807934266,0,3786.33,1569.34,0.5307,0
327,137678,31194,60,Employed,Rent,0.5570815164869946,0,11473.17,632.5,0.6122,0
600,164093,10025,120,Employed,Mortgage,0.2306245042103988,1,13674.42,121.63,0.2395,0
704,77593,7960,36,Unemployed,Mortgage,0.1229205369015285,0,6466.08,249.44,0.1615,1
502,117393,13234,12,Self-employed,Mortgage,0.0403609992645312,5,9782.75,1151.2,0.158,0
603,135988,23521,36,Employed,Mortgage,0.4929029249201624,3,11332.33,737.06,0.5579,0
756,63806,40075,84,Employed,Mortgage,0.185509461455991,3,5317.17,624.62,0.303,1
720,192319,48442,84,Employed,Own,0.2784323696920678,3,16026.58,755.03,0.3255,1
409,188415,31642,12,Employed,Rent,0.0114470152739764,0,15701.25,2752.49,0.1868,0
310,125456,11574,12,Employed,Rent,0.1182844347851907,3,10454.67,1006.8,0.2146,0
611,97698,25866,24,Unemployed,Own,0.4406658932239493,1,8141.5,1169.85,0.5844,0
340,83686,2036,60,Employed,Mortgage,0.1179236147362803,2,6973.83,41.28,0.1238,0
829,144760,44244,60,Self-employed,Own,0.1025432907440177,4,12063.33,897.11,0.1769,1
813,30698,30616,36,Self-employed,Own,0.4268919492904319,5,2558.17,959.39,0.8019,0
720,147613,34204,12,Employed,Rent,0.3704956246561864,4,12301.08,2975.35,0.6124,0
626,66690,48606,36,Employed,Own,0.1391445500793048,1,5557.5,1523.14,0.4132,0
476,174660,31836,84,Employed,Own,0.3064742134576422,1,14555.0,496.2,0.3406,0
471,94467,32632,12,Employed,Mortgage,0.0209708350806641,2,7872.25,2838.61,0.3816,0
754,109804,24427,84,Employed,Own,0.3187650528828532,4,9150.33,380.72,0.3604,1
802,187736,28074,60,Employed,Own,0.0477819822520257,1,15644.67,569.24,0.0842,1
490,123010,29578,84,Employed,Rent,0.1799496831292152,0,10250.83,461.01,0.2249,0
611,178830,43702,120,Self-employed,Mortgage,0.3232110337909543,4,14902.5,530.23,0.3588,0
797,50155,3678,84,Unemployed,Own,0.5365872399285712,2,4179.58,57.33,0.5503,1
793,188995,5225,60,Self-employed,Own,0.5211305886761524,1,15749.58,105.94,0.5279,1
319,112862,37096,60,Retired,Own,0.35071313895797,5,9405.17,752.17,0.4307,0
812,38234,13600,120,Employed,Own,0.5568483403246537,0,3186.17,165.01,0.6086,0
432,48026,31136,24,Self-employed,Mortgage,0.0232169881158969,5,4002.17,1408.2,0.3751,0
308,190707,26933,60,Employed,Rent,0.2125991107628659,2,15892.25,546.1,0.247,0
711,189069,47162,36,Self-employed,Own,0.5174290565164752,5,15755.75,1477.89,0.6112,0
660,27140,23727,36,Retired,Own,0.1428491335543541,5,2261.67,743.52,0.4716,0
728,68105,45804,84,Employed,Mortgage,0.1659758151996994,5,5675.42,713.91,0.2918,1
482,198871,26763,24,Self-employed,Rent,0.4443173085217962,2,16572.58,1210.42,0.5174,0
419,33856,30887,24,Employed,Mortgage,0.039941122619187,5,2821.33,1396.94,0.5351,0
808,147715,1002,60,Unemployed,Own,0.1925120911201248,5,12309.58,20.32,0.1942,1
694,55025,14271,60,Employed,Mortgage,0.2968889708935472,1,4585.42,289.36,0.36,1
630,155075,19544,24,Employed,Rent,0.2229526625042889,0,12922.92,883.92,0.2914,0
379,86413,32994,12,Employed,Own,0.5924407350140143,3,7201.08,2870.1,0.991,0
802,77302,5153,84,Retired,Rent,0.5708628801268553,2,6441.83,80.32,0.5833,1
505,170186,2823,36,Retired,Own,0.3004272269769945,0,14182.17,88.46,0.3067,0
497,73084,19117,120,Employed,Own,0.0982441189344055,0,6090.33,231.94,0.1363,0
561,111742,3672,12,Employed,Own,0.5852586116281738,1,9311.83,319.42,0.6196,0
388,172994,20055,24,Retired,Rent,0.0706523960029656,1,14416.17,907.03,0.1336,0
688,41233,40968,36,Self-employed,Rent,0.310389318060024,3,3436.08,1283.79,0.684,0
840,53584,14001,12,Employed,Mortgage,0.4835847385602702,1,4465.33,1217.92,0.7563,0
598,148709,19027,36,Self-employed,Mortgage,0.0618114817825425,3,12392.42,596.24,0.1099,0
374,150728,11120,36,Employed,Mortgage,0.3113990689955582,4,12560.67,348.46,0.3391,0
479,61523,10164,84,Employed,Own,0.3332172176302307,5,5126.92,158.42,0.3641,0
818,83403,46213,60,Employed,Rent,0.0831881744246866,0,6950.25,937.03,0.218,1
450,52079,21448,24,Employed,Own,0.1378403445667164,3,4339.92,970.03,0.3614,0
395,111373,10989,120,Employed,Mortgage,0.4018574940235751,5,9281.08,133.33,0.4162,0
802,169974,42190,12,Self-employed,Own,0.3303476894674239,0,14164.5,3670.04,0.5894,1
328,192317,46520,60,Employed,Mortgage,0.5040086732071115,3,16026.42,943.26,0.5629,0
514,39747,4731,120,Employed,Rent,0.2075257050062948,0,3312.25,57.4,0.2249,0
817,91339,27023,24,Retired,Rent,0.2446291173321523,1,7611.58,1222.18,0.4052,1
845,126103,5915,12,Employed,Rent,0.0533636579944316,3,10508.58,514.54,0.1023,1
459,175966,44701,120,Employed,Rent,0.5986749296169708,2,14663.83,542.35,0.6357,0
577,103398,2451,36,Employed,Rent,0.0992099064888739,4,8616.5,76.81,0.1081,0
558,27714,47537,36,Employed,Rent,0.5668185280103697,0,2309.5,1489.64,1.2118,0
351,194862,39225,60,Retired,Rent,0.0170794097505258,4,16238.5,795.34,0.0661,0
846,38406,9997,120,Self-employed,Rent,0.1844396193997118,0,3200.5,121.29,0.2223,0
473,70927,42960,36,Employed,Own,0.0133822913877453,1,5910.58,1346.21,0.2411,0
710,68855,47826,60,Retired,Rent,0.5441648044698952,2,5737.92,969.74,0.7132,0
374,144643,39704,60,Employed,Rent,0.4423412489622981,4,12053.58,805.05,0.5091,0
481,138756,17554,12,Employed,Own,0.5838674951353948,2,11563.0,1526.99,0.7159,0
590,33543,8691,84,Retired,Rent,0.5868508783285176,1,2795.25,135.46,0.6353,0
684,160829,28105,24,Employed,Mortgage,0.2392163785102173,5,13402.42,1271.11,0.3341,1
639,43519,10759,120,Employed,Mortgage,0.1085143865828478,3,3626.58,130.54,0.1445,0
446,166790,27958,12,Employed,Own,0.557996066754377,4,13899.17,2432.02,0.733,0
628,24929,27078,60,Employed,Own,0.3731639679940777,5,2077.42,549.04,0.6375,0
391,91786,16639,84,Employed,Mortgage,0.5640731302100174,0,7648.83,259.34,0.598,0
355,69036,25129,36,Employed,Mortgage,0.3751614828809277,3,5753.0,787.45,0.512,0
584,151280,25811,60,Employed,Mortgage,0.3412087501236978,5,12606.67,523.35,0.3827,0
302,156890,4815,12,Self-employed,Rent,0.2678679845988513,4,13074.17,418.85,0.2999,0
438,84869,12486,60,Self-employed,Rent,0.2359804780690219,2,7072.42,253.17,0.2718,0
498,47663,14029,24,Unemployed,Rent,0.022089862067285,4,3971.92,634.49,0.1818,0
669,168584,10760,84,Retired,Rent,0.2817278267515077,2,14048.67,167.71,0.2937,1
742,150635,4259,84,Employed,Mortgage,0.4057038031103349,1,12552.92,66.38,0.411,1
615,149162,47413,12,Employed,Own,0.1902821788872001,2,12430.17,4124.38,0.5221,0
691,133992,16001,24,Employed,Rent,0.0111583170593283,2,11166.0,723.68,0.076,1
647,176379,25425,120,Employed,Own,0.3555270600966593,4,14698.25,308.48,0.3765,0
486,153874,4575,60,Retired,Rent,0.4257352881281961,0,12822.83,92.76,0.433,0
460,101561,29952,84,Retired,Rent,0.5041274907473386,5,8463.42,466.84,0.5593,0
310,65716,31964,120,Employed,Rent,0.3118785262389156,4,5476.33,387.81,0.3827,0
704,148395,4238,84,Employed,Rent,0.4531469586635112,3,12366.25,66.05,0.4585,1
510,28104,17482,60,Employed,Own,0.3707506624762273,1,2342.0,354.47,0.5221,0
455,39130,49202,12,Self-employed,Mortgage,0.5926910945621862,5,3260.83,4280.0,1.9052,0
729,81957,20677,12,Employed,Mortgage,0.2299795218950511,4,6829.75,1798.66,0.4933,1
432,140144,42607,24,Self-employed,Own,0.4609375510390675,2,11678.67,1927.0,0.6259,0
775,134044,20422,60,Employed,Rent,0.3610656525657388,1,11170.33,414.08,0.3981,1
334,194814,37774,120,Employed,Own,0.218948456815676,5,16234.5,458.3,0.2472,0
307,131000,4289,120,Self-employed,Mortgage,0.1603163125713765,5,10916.67,52.04,0.1651,0
545,124595,39284,60,Unemployed,Mortgage,0.1151354543283136,1,10382.92,796.54,0.1919,0
502,172179,6162,120,Employed,Rent,0.3957947337774832,1,14348.25,74.76,0.401,0
316,196390,2354,84,Self-employed,Mortgage,0.3391340339152944,2,16365.83,36.69,0.3414,0
380,129011,43679,24,Employed,Own,0.1859122654934118,2,10750.92,1975.48,0.3697,0
698,61672,41511,12,Employed,Own,0.2229363683314911,4,5139.33,3610.98,0.9256,0
535,151575,15919,24,Self-employed,Mortgage,0.0242837762949779,4,12631.25,719.97,0.0813,0
609,123982,12060,84,Employed,Rent,0.4820956689216539,4,10331.83,187.97,0.5003,0
389,192591,30966,120,Self-employed,Mortgage,0.0351195036966794,3,16049.25,375.7,0.0585,0
316,120145,35215,120,Unemployed,Own,0.3912325842597915,1,10012.08,427.26,0.4339,0
774,100913,30545,36,Employed,Own,0.0122946485490314,1,8409.42,957.17,0.1261,1
541,93646,38856,36,Self-employed,Rent,0.4716667944168657,0,7803.83,1217.61,0.6277,0
321,107128,36436,84,Self-employed,Mortgage,0.5808873596254153,1,8927.33,567.9,0.6445,0
548,78036,35951,24,Unemployed,Mortgage,0.5145193093664282,1,6503.0,1625.97,0.7646,0
322,65017,11236,12,Employed,Mortgage,0.5136416377806043,0,5418.08,977.4,0.694,0
809,185363,12803,12,Self-employed,Mortgage,0.0643934574554024,4,15446.92,1113.71,0.1365,1
582,193952,13675,12,Employed,Rent,0.0296527365874262,5,16162.67,1189.57,0.1033,0
683,157659,13012,24,Employed,Rent,0.0171048973446063,1,13138.25,588.5,0.0619,1
685,142114,44956,120,Retired,Own,0.4570395711297833,0,11842.83,545.44,0.5031,1
415,57183,41777,84,Self-employed,Mortgage,0.0647759808653916,3,4765.25,651.15,0.2014,0
415,187222,45456,24,Employed,Rent,0.0604176903788559,4,15601.83,2055.85,0.1922,0
521,167700,43652,24,Employed,Rent,0.1162058906555745,5,13975.0,1974.26,0.2575,0
499,188420,40230,120,Employed,Own,0.3618159389338569,4,15701.67,488.1,0.3929,0
459,188127,11306,12,Employed,Rent,0.1295695093282277,3,15677.25,983.49,0.1923,0
746,52638,24263,36,Employed,Mortgage,0.3373809763689744,5,4386.5,760.31,0.5107,1
699,22459,9087,24,Retired,Own,0.4336888369382219,2,1871.58,410.98,0.6533,0
774,88950,34850,120,Employed,Mortgage,0.155960342752871,2,7412.5,422.83,0.213,1
464,159636,5394,36,Employed,Rent,0.4027918965348484,2,13303.0,169.03,0.4155,0
704,150930,40469,84,Self-employed,Own,0.3058130034925728,1,12577.5,630.76,0.356,1
604,182255,14500,60,Employed,Own,0.4070467741245757,2,15187.92,294.01,0.4264,0
657,129995,35665,24,Employed,Rent,0.3525784112856769,3,10832.92,1613.03,0.5015,1
815,132875,37907,36,Unemployed,Rent,0.0842369866897647,5,11072.92,1187.87,0.1915,1
609,173597,1697,24,Retired,Own,0.3952170992268133,1,14466.42,76.75,0.4005,0
391,44405,27786,12,Employed,Rent,0.3274131262312326,4,3700.42,2417.06,0.9806,0
459,155208,41165,84,Employed,Rent,0.2748698742324481,1,12934.0,641.61,0.3245,0
497,168235,48752,12,Employed,Mortgage,0.5037751751310033,2,14019.58,4240.86,0.8063,0
419,38491,35116,120,Unemployed,Rent,0.3467240616380058,1,3207.58,426.05,0.4796,0
848,37372,32375,12,Self-employed,Own,0.264358126358698,3,3114.33,2816.25,1.1686,0
445,57331,19576,60,Self-employed,Rent,0.4438579477767436,4,4777.58,396.93,0.5269,0
628,97296,29169,12,Self-employed,Mortgage,0.4435694995023866,0,8108.0,2537.37,0.7565,0
713,145018,3025,120,Employed,Own,0.0420392727819525,0,12084.83,36.7,0.0451,1
493,63886,40928,120,Employed,Own,0.5335409763130611,2,5323.83,496.57,0.6268,0
839,40170,29722,36,Self-employed,Mortgage,0.5841306179047777,2,3347.5,931.38,0.8624,0
799,135503,45658,120,Self-employed,Rent,0.1837070840697849,3,11291.92,553.96,0.2328,1
646,195444,13735,36,Employed,Mortgage,0.4212371693009047,3,16287.0,430.4,0.4477,0
830,51856,2911,84,Employed,Own,0.3689311286428919,2,4321.33,45.37,0.3794,1
546,86607,3866,84,Employed,Own,0.5948440182630697,2,7217.25,60.26,0.6032,0
573,93065,48973,24,Self-employed,Mortgage,0.2400161299872299,0,7755.42,2214.92,0.5256,0
821,151511,36751,12,Employed,Own,0.0113512489674302,1,12625.92,3196.91,0.2646,1
464,173405,48188,24,Self-employed,Rent,0.2523656380488521,0,14450.42,2179.41,0.4032,0
522,81283,23784,36,Retired,Own,0.5116722365040776,1,6773.58,745.3,0.6217,0
843,45451,45003,24,Employed,Mortgage,0.2268450273036659,3,3787.58,2035.36,0.7642,0
696,27055,33773,120,Employed,Mortgage,0.5858953743439692,3,2254.58,409.76,0.7676,0
528,144776,34371,84,Employed,Mortgage,0.053699032016343,2,12064.67,535.71,0.0981,0
728,66216,27222,24,Self-employed,Own,0.1590798261862021,1,5518.0,1231.18,0.3822,1
666,44411,11856,12,Employed,Own,0.0370855958619527,2,3700.92,1031.33,0.3158,0
562,158205,4034,36,Employed,Rent,0.277967758495813,3,13183.75,126.41,0.2876,0
761,186443,20810,60,Employed,Rent,0.4144132139025084,1,15536.92,421.95,0.4416,1
453,123267,23808,120,Self-employed,Rent,0.1393531811574054,4,10272.25,288.86,0.1675,0
512,158867,27754,60,Employed,Mortgage,0.4436400403248985,2,13238.92,562.75,0.4861,0
456,181165,22828,36,Employed,Own,0.5398321010201281,4,15097.08,715.35,0.5872,0
393,172196,39458,24,Unemployed,Mortgage,0.1165941703099262,1,14349.67,1784.58,0.241,0
748,67417,31393,120,Employed,Own,0.5802130667557877,2,5618.08,380.88,0.648,0
317,38960,35901,12,Employed,Rent,0.1601188854434992,1,3246.67,3122.97,1.122,0
688,169942,45702,36,Self-employed,Rent,0.2138680424640392,4,14161.83,1432.13,0.315,1
641,152959,24767,24,Employed,Own,0.411165138066141,5,12746.58,1120.14,0.499,0
596,27876,4729,24,Employed,Mortgage,0.1443233478569932,5,2323.0,213.88,0.2364,0
587,85940,4218,24,Employed,Own,0.3575996289325555,5,7161.67,190.77,0.3842,0
631,145234,5256,84,Employed,Mortgage,0.1895762480637389,2,12102.83,81.92,0.1963,0
776,57118,24703,36,Employed,Own,0.4447955528598556,5,4759.83,774.1,0.6074,0
691,117501,21334,84,Unemployed,Mortgage,0.2417328114510845,3,9791.75,332.52,0.2757,1
395,114469,45769,24,Employed,Rent,0.0138105343337557,5,9539.08,2070.01,0.2308,0
403,177869,9855,36,Employed,Rent,0.4686911779676797,5,14822.42,308.82,0.4895,0
560,176999,15640,12,Employed,Mortgage,0.0708402791567964,1,14749.92,1360.5,0.1631,0
525,113132,19585,12,Self-employed,Mortgage,0.3021862972498549,3,9427.67,1703.67,0.4829,0
706,155427,30838,36,Employed,Own,0.2613878390121891,5,12952.25,966.35,0.336,1
768,107476,49732,84,Self-employed,Rent,0.2365355881339385,2,8956.33,775.13,0.3231,1
361,64466,10714,60,Employed,Own,0.2011528769728139,4,5372.17,217.24,0.2416,0
401,151723,23315,84,Retired,Own,0.1803564660176721,0,12643.58,363.39,0.2091,0
504,45276,6792,12,Employed,Own,7.97858758812886e-05,4,3773.0,590.83,0.1567,0
584,159018,33558,12,Employed,Own,0.238701112795245,3,13251.5,2919.16,0.459,0
506,31901,10777,36,Employed,Own,0.1078415619210932,3,2658.42,337.71,0.2349,0
316,93636,9178,36,Self-employed,Own,0.2630974197359552,3,7803.0,287.61,0.3,0
366,74891,41475,60,Employed,Own,0.2511763663192302,5,6240.92,840.96,0.3859,0
545,192714,29382,36,Employed,Rent,0.3371988887274628,0,16059.5,920.73,0.3945,0
610,71715,49322,120,Unemployed,Mortgage,0.054573567331812,4,5976.25,598.41,0.1547,0
772,57745,21845,84,Unemployed,Mortgage,0.5803080664192152,2,4812.08,340.48,0.6511,0
715,49404,28228,12,Retired,Own,0.5079858020523994,2,4117.0,2455.51,1.1044,0
537,94269,15944,36,Employed,Own,0.0533916671555622,0,7855.75,499.63,0.117,0
663,117224,20731,84,Employed,Own,0.282399058080228,3,9768.67,323.12,0.3155,1
443,107078,10497,36,Self-employed,Mortgage,0.1053936965117149,0,8923.17,328.94,0.1423,0
576,33433,10553,36,Employed,Mortgage,0.375359553400851,0,2786.08,330.69,0.4941,0
345,165818,33014,24,Employed,Rent,0.2261189261256231,4,13818.17,1493.13,0.3342,0
346,168926,28451,24,Employed,Mortgage,0.0701952327957839,0,14077.17,1286.76,0.1616,0
829,165450,38301,36,Employed,Mortgage,0.2472605193319443,5,13787.5,1200.21,0.3343,1
822,57929,11026,24,Unemployed,Rent,0.5238856611920716,4,4827.42,498.68,0.6272,0
431,154383,22868,60,Unemployed,Own,0.2093361210996671,5,12865.25,463.68,0.2454,0
606,148607,11019,120,Self-employed,Mortgage,0.4367505465012132,4,12383.92,133.69,0.4475,0
779,100854,4565,120,Unemployed,Mortgage,0.1612400925744568,2,8404.5,55.39,0.1678,1
600,123500,42830,24,Employed,Rent,0.0666569910669889,3,10291.67,1937.08,0.2549,0
746,24837,1885,84,Self-employed,Mortgage,0.2976175145588624,1,2069.75,29.38,0.3118,0
353,42254,46442,12,Employed,Rent,0.406976116994897,5,3521.17,4039.92,1.5543,0
608,76447,27436,60,Self-employed,Rent,0.4236714733553706,1,6370.58,556.3,0.511,0
321,100251,49571,36,Self-employed,Rent,0.0353199885273535,5,8354.25,1553.37,0.2213,0
501,140814,25697,36,Unemployed,Own,0.5789338401348252,0,11734.5,805.25,0.6476,0
698,89252,5703,120,Self-employed,Mortgage,0.0155899994648119,1,7437.67,69.19,0.0249,1
487,27631,3615,84,Employed,Mortgage,0.015608979686403,2,2302.58,56.34,0.0401,0
829,138756,20479,24,Employed,Rent,0.4739064502059917,5,11563.0,926.21,0.554,1
328,107442,6846,84,Self-employed,Mortgage,0.2598949054851434,4,8953.5,106.7,0.2718,0
626,91750,35970,120,Employed,Mortgage,0.3522924530987119,2,7645.83,436.42,0.4094,0
774,134747,42911,120,Unemployed,Rent,0.4420912763018883,4,11228.92,520.63,0.4885,1
657,139473,19018,120,Self-employed,Rent,0.442841543179816,3,11622.75,230.74,0.4627,1
505,182200,15489,120,Unemployed,Rent,0.3383371155451853,1,15183.33,187.92,0.3507,0
680,22758,48622,24,Self-employed,Own,0.368216695318974,2,1896.5,2199.04,1.5277,0
563,158832,7565,120,Self-employed,Mortgage,0.4856588878624662,0,13236.0,91.78,0.4926,0
823,105074,37085,24,Self-employed,Rent,0.2118283630319737,2,8756.17,1677.25,0.4034,1
329,84768,42048,60,Unemployed,Rent,0.5574176073350646,5,7064.0,852.58,0.6781,0
426,158545,11403,24,Self-employed,Rent,0.1173319633407887,2,13212.08,515.73,0.1564,0
421,61969,35917,12,Employed,Own,0.2566870824459396,0,5164.08,3124.36,0.8617,0
429,117980,46444,12,Unemployed,Rent,0.3561349501066391,4,9831.67,4040.09,0.7671,0
541,40786,32121,84,Retired,Mortgage,0.0868161661778822,4,3398.83,500.64,0.2341,0
498,147430,39452,24,Unemployed,Rent,0.4030131678382632,1,12285.83,1784.31,0.5482,0
702,133343,18439,36,Employed,Own,0.2520643466777961,1,11111.92,577.81,0.3041,1
410,99311,4798,36,Employed,Own,0.2598858218700982,2,8275.92,150.35,0.2781,0
621,152153,34450,84,Employed,Rent,0.3278640612711077,3,12679.42,536.95,0.3702,0
505,113362,5718,36,Self-employed,Mortgage,0.2322961650139554,0,9446.83,179.18,0.2513,0
445,147925,27327,12,Self-employed,Rent,0.3170677229074723,5,12327.08,2377.13,0.5099,0
478,56925,29213,120,Employed,Own,0.543371020642435,1,4743.75,354.43,0.6181,0
452,80308,25360,24,Self-employed,Rent,0.3823743494308392,3,6692.33,1146.96,0.5538,0
808,25330,13640,12,Self-employed,Rent,0.3052659551154283,1,2110.83,1186.52,0.8674,0
391,52337,10818,60,Employed,Mortgage,0.5621003777507336,4,4361.42,219.35,0.6124,0
519,22499,1191,84,Employed,Rent,0.4461670209638204,2,1874.92,18.56,0.4561,0
580,43511,32266,24,Self-employed,Rent,0.414351605946715,0,3625.92,1459.3,0.8168,0
377,120677,28525,24,Employed,Mortgage,0.4226811464373725,5,10056.42,1290.11,0.551,0
329,39662,28191,84,Employed,Rent,0.4209157900106736,2,3305.17,439.39,0.5539,0
703,69901,26855,24,Retired,Mortgage,0.2649853753551034,3,5825.08,1214.58,0.4735,1
678,107491,19712,12,Retired,Rent,0.2250623121215575,1,8957.58,1714.72,0.4165,1
601,140429,9363,12,Retired,Rent,0.1987715485952611,4,11702.42,814.47,0.2684,0
557,158028,34283,120,Employed,Rent,0.4045919640903152,0,13169.0,415.95,0.4362,0
344,143142,49406,60,Employed,Rent,0.4916161052879581,0,11928.5,1001.78,0.5756,0
442,107465,20943,84,Employed,Mortgage,0.2223187109902202,2,8955.42,326.42,0.2588,0
657,125425,49207,24,Employed,Rent,0.4685500515496978,3,10452.08,2225.5,0.6815,0
747,111504,18938,36,Employed,Own,0.2390158080810866,2,9292.0,593.45,0.3029,1
811,97364,38100,60,Self-employed,Rent,0.5019120972313842,4,8113.67,772.53,0.5971,1
530,170903,20615,120,Employed,Mortgage,0.3691632596246948,0,14241.92,250.12,0.3867,0
474,91369,23916,36,Unemployed,Rent,0.526706820052598,0,7614.08,749.44,0.6251,0
408,137212,9097,12,Employed,Rent,0.057108268552308,5,11434.33,791.33,0.1263,0
538,152560,28572,24,Employed,Own,0.3034946145991603,1,12713.33,1292.23,0.4051,0
672,91302,20482,84,Employed,Own,0.0235383026556392,3,7608.5,319.24,0.0655,1
464,94345,20704,24,Employed,Rent,0.5151061624619073,4,7862.08,936.39,0.6342,0
598,86716,30415,12,Self-employed,Own,0.1450319435497928,2,7226.33,2645.75,0.5112,0
844,113514,19787,84,Self-employed,Rent,0.2433710169406726,4,9459.5,308.4,0.276,1
382,70757,44330,36,Employed,Own,0.5462110139982536,1,5896.42,1389.14,0.7818,0
393,188934,45711,12,Employed,Mortgage,0.2560492544998313,2,15744.5,3976.33,0.5086,0
687,144207,48854,60,Employed,Rent,0.2151715603266945,4,12017.25,990.58,0.2976,1
324,39685,17373,12,Employed,Rent,0.3763133813441892,5,3307.08,1511.25,0.8333,0
651,44474,43198,84,Unemployed,Rent,0.0482969788393917,3,3706.17,673.29,0.23,0
447,148823,4829,12,Unemployed,Rent,0.097509945304228,4,12401.92,420.07,0.1314,0
746,191363,44234,36,Employed,Rent,0.1446432263537391,3,15946.92,1386.13,0.2316,1
753,36962,44197,36,Unemployed,Own,0.175509921631688,1,3080.17,1384.97,0.6252,0
616,53338,35151,60,Employed,Rent,0.08348970619906,5,4444.83,712.74,0.2438,0
525,151950,45482,60,Employed,Own,0.5551790254809718,0,12662.5,922.21,0.628,0
754,97806,16512,12,Employed,Mortgage,0.4005553473679206,0,8150.5,1436.35,0.5768,1
541,86543,5172,12,Retired,Own,0.5839511878155191,0,7211.92,449.9,0.6463,0
352,157015,44879,36,Self-employed,Own,0.5952821927544326,1,13084.58,1406.34,0.7028,0
339,63437,34087,24,Employed,Own,0.3046852927338944,3,5286.42,1541.66,0.5963,0
750,186105,24875,24,Employed,Rent,0.3399078309567425,5,15508.75,1125.03,0.4124,1
392,44953,5394,120,Employed,Mortgage,0.0927386254036578,0,3746.08,65.44,0.1102,0
523,126063,28122,36,Employed,Rent,0.5647314873285023,2,10505.25,881.24,0.6486,0
758,192655,12896,120,Employed,Mortgage,0.3747746408883371,3,16054.58,156.46,0.3845,1
358,26086,16083,120,Self-employed,Rent,0.1525871296699029,3,2173.83,195.13,0.2424,0
658,84391,35916,84,Self-employed,Own,0.5264579812187237,4,7032.58,559.79,0.6061,0
307,62768,25721,84,Employed,Rent,0.0082169817111541,2,5230.67,400.89,0.0849,0
546,114584,9896,36,Retired,Own,0.1073653911914499,5,9548.67,310.1,0.1398,0
418,108839,6983,60,Unemployed,Rent,0.0196430562173189,1,9069.92,141.59,0.0353,0
658,158649,11980,36,Retired,Rent,0.3752911026967282,5,13220.75,375.41,0.4037,1
592,69906,34718,120,Retired,Own,0.2421900134599838,2,5825.5,421.23,0.3145,0
509,53635,26648,36,Unemployed,Mortgage,0.1869239506169705,4,4469.58,835.05,0.3738,0
307,157592,9869,84,Self-employed,Rent,0.5063527062739436,2,13132.67,153.82,0.5181,0
700,70576,9308,12,Retired,Own,0.4247984383469866,2,5881.33,809.69,0.5625,1
615,66786,20019,36,Employed,Rent,0.3789105587904075,2,5565.5,627.32,0.4916,0
458,36351,4306,84,Self-employed,Mortgage,0.0446933071431809,0,3029.25,67.11,0.0668,0
338,52676,19910,36,Self-employed,Rent,0.025927376479088,5,4389.67,623.91,0.1681,0
410,162560,27408,36,Employed,Rent,0.5351345986214562,3,13546.67,858.87,0.5985,0
826,101741,36817,120,Employed,Own,0.3754402647333828,5,8478.42,446.69,0.4281,1
324,26003,37829,60,Retired,Mortgage,0.1637544179131186,0,2166.92,767.04,0.5177,0
848,196281,30896,60,Unemployed,Rent,0.2606602451485128,2,16356.75,626.46,0.299,1
710,170288,47955,60,Retired,Mortgage,7.351094359098197e-06,1,14190.67,972.35,0.0685,1
542,70065,26731,12,Employed,Rent,0.4193866092444322,5,5838.75,2325.29,0.8176,0
458,52185,18339,36,Unemployed,Mortgage,0.2246866864420056,5,4348.75,574.68,0.3568,0
461,138328,32506,120,Employed,Own,0.4165236441000835,4,11527.33,394.39,0.4507,0
370,161539,12394,24,Self-employed,Mortgage,0.4996688006706439,1,13461.58,560.55,0.5413,0
709,177572,42488,36,Employed,Rent,0.1783022225690783,3,14797.67,1331.42,0.2683,1
305,184472,24400,84,Retired,Own,0.4565317075596164,1,15372.67,380.3,0.4813,0
604,22240,5580,24,Employed,Mortgage,0.430901504512127,3,1853.33,252.37,0.5671,0
775,105491,32264,120,Employed,Mortgage,0.2334234763462855,3,8790.92,391.45,0.278,1
329,89606,16533,84,Unemployed,Own,0.0194771889618314,5,7467.17,257.69,0.054,0
834,41496,37709,120,Employed,Rent,0.4115143099206471,4,3458.0,457.51,0.5438,0
641,153343,3464,84,Employed,Mortgage,0.4316182274103753,3,12778.58,53.99,0.4358,0
849,115250,2643,24,Employed,Mortgage,0.483800853691045,1,9604.17,119.54,0.4962,1
674,151472,33763,24,Employed,Rent,0.2262688194536269,3,12622.67,1527.01,0.3472,1
808,73516,3579,36,Unemployed,Mortgage,0.3771575485476665,2,6126.33,112.15,0.3955,1
736,118669,44360,84,Employed,Rent,0.0861243386098629,3,9889.08,691.4,0.156,1
474,57601,43522,60,Employed,Mortgage,0.2540680759631631,4,4800.08,882.47,0.4379,0
396,92316,33683,36,Unemployed,Rent,0.268632131883044,0,7693.0,1055.5,0.4058,0
776,123709,34963,36,Employed,Own,0.1086256976616688,5,10309.08,1095.61,0.2149,1
700,129440,12401,12,Employed,Rent,0.5858977363913651,0,10786.67,1078.74,0.6859,0
526,127986,34133,12,Employed,Rent,0.0760836749658461,1,10665.5,2969.18,0.3545,0
419,107828,29968,120,Retired,Rent,0.4519809556110206,1,8985.67,363.59,0.4924,0
309,86886,25908,84,Employed,Rent,0.3961119362255738,1,7240.5,403.81,0.4519,0
841,87723,2351,24,Employed,Rent,0.4404541708520315,0,7310.25,106.33,0.455,1
616,131910,35372,24,Retired,Mortgage,0.4828942275759109,4,10992.5,1599.78,0.6284,0
748,152577,33627,84,Employed,Rent,0.1404875316648152,3,12714.75,524.12,0.1817,1
352,29728,7618,36,Employed,Mortgage,0.3082155770252725,0,2477.33,238.72,0.4046,0
503,81203,41233,12,Retired,Rent,0.4968940160379161,4,6766.92,3586.79,1.0269,0
449,181426,40824,12,Self-employed,Rent,0.3525920903600572,1,15118.83,3551.22,0.5875,0
380,91559,28798,12,Employed,Mortgage,0.3777391867707669,5,7629.92,2505.09,0.7061,0
346,170080,4508,36,Unemployed,Rent,0.5863818857003553,4,14173.33,141.26,0.5963,0
638,167913,25977,12,Employed,Mortgage,0.5670675015766621,1,13992.75,2259.7,0.7286,0
801,176056,35431,12,Employed,Rent,0.3039503005153335,3,14671.33,3082.09,0.514,1
318,30030,47447,12,Unemployed,Rent,0.1612739909093754,0,2502.5,4127.34,1.8106,0
353,149292,30383,60,Employed,Own,0.369102827258489,3,12441.0,616.06,0.4186,0
568,104035,46270,120,Unemployed,Rent,0.2245341448287749,3,8669.58,561.38,0.2893,0
559,116406,25960,36,Employed,Rent,0.3540118841192776,0,9700.5,813.49,0.4379,0
668,177478,22397,84,Employed,Own,0.5121345309559862,0,14789.83,349.08,0.5357,1
729,186131,2961,24,Employed,Own,0.5412890604554457,0,15510.92,133.92,0.5499,1
513,99009,40207,36,Self-employed,Rent,0.0734861193514172,4,8250.75,1259.94,0.2262,0
812,21749,30572,24,Employed,Mortgage,0.5049464888092534,2,1812.42,1382.69,1.2678,0
709,21348,43445,36,Employed,Own,0.5173161176954845,1,1779.0,1361.41,1.2826,0
395,111159,48037,36,Self-employed,Rent,0.0413498359665554,2,9263.25,1505.3,0.2039,0
584,192820,34674,24,Employed,Rent,0.0233569122665046,3,16068.33,1568.21,0.121,0
466,153515,3201,120,Retired,Own,0.588736712914487,5,12792.92,38.84,0.5918,0
592,97646,10129,84,Employed,Own,0.3914869922732589,5,8137.17,157.87,0.4109,0
593,68613,23470,60,Employed,Own,0.5379675266581673,5,5717.75,475.89,0.6212,0
824,157453,37977,12,Employed,Mortgage,0.207921394745739,2,13121.08,3303.56,0.4597,1
505,113062,34320,36,Employed,Mortgage,0.2910311142099487,0,9421.83,1075.46,0.4052,0
391,111553,1900,120,Employed,Mortgage,0.0345879943823213,4,9296.08,23.05,0.0371,0
477,35219,46648,120,Employed,Rent,0.2153931385352193,0,2934.92,565.97,0.4082,0
575,35940,45399,60,Employed,Mortgage,0.0677704349406006,5,2995.0,920.53,0.3751,0
715,167995,42539,60,Employed,Own,0.3434198885125205,2,13999.58,862.54,0.405,1
655,69734,19987,120,Employed,Rent,0.466854275004204,5,5811.17,242.5,0.5086,1
399,32163,10826,36,Unemployed,Mortgage,0.5788121586443065,3,2680.25,339.25,0.7054,0
496,39590,19945,24,Employed,Own,0.2150936642849598,5,3299.17,902.06,0.4885,0
553,199384,32160,24,Retired,Rent,0.4375225010499949,1,16615.33,1454.51,0.5251,0
491,77012,26795,84,Employed,Rent,0.2739959713425441,0,6417.67,417.63,0.3391,0
537,127133,37329,84,Employed,Own,0.0697557329511917,2,10594.42,581.82,0.1247,0
744,51416,33332,12,Retired,Rent,0.249223601078586,0,4284.67,2899.5,0.9259,0
318,41496,32322,84,Employed,Mortgage,0.3094847278583872,5,3458.0,503.78,0.4552,0
301,47666,48461,60,Employed,Rent,0.3532010343503236,2,3972.17,982.61,0.6006,0
447,34021,33831,24,Retired,Mortgage,0.0331851954601497,5,2835.08,1530.08,0.5729,0
608,57976,22515,84,Unemployed,Own,0.0958117136985275,0,4831.33,350.92,0.1684,0
601,155683,19863,36,Employed,Mortgage,0.2164726564774095,3,12973.58,622.43,0.2644,0
596,123197,7172,36,Self-employed,Rent,0.2559947555971319,0,10266.42,224.74,0.2779,0
311,126770,28882,12,Self-employed,Own,0.3616118486327098,1,10564.17,2512.4,0.5994,0
624,20510,12249,84,Unemployed,Own,0.1268234225210147,0,1709.17,190.92,0.2385,0
495,75403,39780,36,Employed,Mortgage,0.1182992743156115,2,6283.58,1246.56,0.3167,0
558,93741,37316,24,Employed,Rent,0.2716338533970115,5,7811.75,1687.7,0.4877,0
461,26334,26966,36,Unemployed,Own,0.1255542787322563,2,2194.5,845.02,0.5106,0
693,98576,3180,12,Employed,Rent,0.5593976250265028,5,8214.67,276.62,0.5931,1
480,78056,38611,120,Unemployed,Own,0.5394382567327132,2,6504.67,468.46,0.6115,0
807,70054,28829,120,Self-employed,Rent,0.4899276650492621,1,5837.83,349.78,0.5498,1
310,21153,35042,120,Employed,Mortgage,0.457512413614376,1,1762.75,425.16,0.6987,0
312,59371,11371,24,Unemployed,Own,0.1614763930452846,4,4947.58,514.28,0.2654,0
507,172162,37065,36,Employed,Rent,0.0692554373788069,4,14346.83,1161.48,0.1502,0
768,76013,2553,24,Employed,Mortgage,0.4267953422331012,3,6334.42,115.47,0.445,1
312,149538,8609,36,Self-employed,Own,0.1369042756839376,4,12461.5,269.77,0.1586,0
546,59526,16693,60,Employed,Rent,0.158754168314736,0,4960.5,338.47,0.227,0
559,67803,1259,84,Self-employed,Own,0.1869403826645582,1,5650.25,19.62,0.1904,0
353,164557,22692,24,Employed,Mortgage,0.0259659599475411,3,13713.08,1026.3,0.1008,0
591,138698,1137,84,Employed,Rent,0.3427228083455888,4,11558.17,17.72,0.3443,0
313,169603,45426,12,Employed,Own,0.2453033488609473,2,14133.58,3951.54,0.5249,0
642,103793,3875,12,Employed,Mortgage,0.1164444932787591,5,8649.42,337.08,0.1554,0
432,32635,10369,120,Employed,Rent,0.2052421972699699,2,2719.58,125.8,0.2515,0
468,65366,35569,84,Employed,Own,0.1570476776882398,3,5447.17,554.39,0.2588,0
801,82618,41608,12,Employed,Own,0.3457034880536125,5,6884.83,3619.41,0.8714,0
494,147484,35760,120,Employed,Rent,0.3104626053240441,4,12290.33,433.87,0.3458,0
616,126125,13284,60,Employed,Rent,0.4804119542359263,2,10510.42,269.35,0.506,0
778,96386,46629,120,Employed,Mortgage,0.5808209850152762,1,8032.17,565.74,0.6513,0
710,122096,2255,60,Employed,Own,0.1992011368990811,4,10174.67,45.72,0.2037,1
668,44018,13846,24,Retired,Own,0.1443614910098141,1,3668.17,626.22,0.3151,0
386,110512,20528,60,Employed,Mortgage,0.5862910220629136,1,9209.33,416.23,0.6315,0
650,154512,30512,12,Unemployed,Rent,0.5582004587698103,2,12876.0,2654.19,0.7643,0
606,61537,45938,24,Employed,Rent,0.0384512201250144,0,5128.08,2077.65,0.4436,0
642,36640,29259,120,Employed,Mortgage,0.005557111639233,0,3053.33,354.99,0.1218,0
372,93514,14772,120,Employed,Own,0.3514879493883208,0,7792.83,179.23,0.3745,0
342,27373,3427,120,Self-employed,Own,0.5979007193342628,3,2281.08,41.58,0.6161,0
682,112085,11514,24,Retired,Own,0.0998955964045893,3,9340.42,520.75,0.1556,1
662,43447,15693,120,Employed,Rent,0.0639654035438104,1,3620.58,190.4,0.1166,0
623,29084,14679,36,Employed,Mortgage,0.1400289496393761,2,2423.67,459.99,0.3298,0
791,66044,10198,12,Employed,Mortgage,0.2826659801813896,5,5503.67,887.11,0.4439,1
770,191228,24696,60,Employed,Own,0.3590281491091743,3,15935.67,500.75,0.3905,1
797,125612,27705,12,Employed,Own,0.2284241913493301,1,10467.67,2410.01,0.4587,1
841,185221,9059,24,Employed,Rent,0.0019587757994706,1,15435.08,409.71,0.0285,1
310,126324,26934,36,Self-employed,Own,0.0393118857658933,0,10527.0,844.01,0.1195,0
837,47861,42823,84,Employed,Rent,0.284379157361419,1,3988.42,667.45,0.4517,0
670,113657,13886,36,Employed,Mortgage,0.1613996066447544,2,9471.42,435.14,0.2073,1
590,31268,27752,84,Self-employed,Mortgage,0.2335136318012717,4,2605.67,432.55,0.3995,0
692,112749,9864,36,Self-employed,Rent,0.536013424918538,2,9395.75,309.1,0.5689,1
353,34009,49420,84,Employed,Mortgage,0.3909044917394219,0,2834.08,770.27,0.6627,0
476,141052,48466,84,Employed,Own,0.4630376712050981,4,11754.33,755.4,0.5273,0
338,73799,17915,84,Employed,Rent,0.5855975708934639,0,6149.92,279.23,0.631,0
775,173572,16554,60,Self-employed,Own,0.3220031257968515,1,14464.33,335.66,0.3452,1
657,125752,30207,60,Employed,Own,0.3621546150194997,5,10479.33,612.49,0.4206,1
403,89879,27342,84,Employed,Own,0.4111235741837715,1,7489.92,426.16,0.468,0
481,23272,25229,120,Self-employed,Own,0.1292902818894466,2,1939.33,306.1,0.2871,0
435,96971,38927,60,Employed,Rent,0.5045372389664462,4,8080.92,789.3,0.6022,0
812,52859,30040,24,Employed,Own,0.4642318835296999,1,4404.92,1358.63,0.7727,0
471,80840,45705,60,Employed,Rent,0.0487331160111047,2,6736.67,926.73,0.1863,0
536,25182,7535,12,Employed,Own,0.2288579748068824,1,2098.5,655.46,0.5412,0
446,181482,37171,60,Employed,Own,0.1830191940307371,2,15123.5,753.69,0.2329,0
556,189750,14285,12,Self-employed,Rent,0.2842220253899958,5,15812.5,1242.63,0.3628,0
547,181309,36767,60,Employed,Own,0.2127712353462282,1,15109.08,745.5,0.2621,0
367,189572,25440,84,Self-employed,Own,0.1093620394848714,5,15797.67,396.51,0.1345,0
376,195743,32919,36,Employed,Rent,0.4479226375232042,2,16311.92,1031.56,0.5112,0
378,50965,45744,36,Employed,Mortgage,0.5339613883542846,3,4247.08,1433.45,0.8715,0
524,42833,43083,120,Employed,Rent,0.0701987201894793,3,3569.42,522.72,0.2166,0
526,182264,4439,12,Employed,Own,0.3401385139370824,5,15188.67,386.14,0.3656,0
567,171567,3663,84,Employed,Rent,0.4928866462551263,4,14297.25,57.09,0.4969,0
835,124073,6406,12,Employed,Own,0.2033040923788505,2,10339.42,557.25,0.2572,1
565,72554,23646,84,Employed,Own,0.2653502011934576,5,6046.17,368.55,0.3263,0
762,99746,13335,12,Unemployed,Rent,0.553438534138432,2,8312.17,1159.99,0.693,0
301,84593,1909,12,Retired,Mortgage,0.0924264064659528,3,7049.42,166.06,0.116,0
307,198645,48922,12,Unemployed,Own,0.16419815669271,4,16553.75,4255.65,0.4213,0
537,66669,47468,84,Employed,Rent,0.0190782386393167,1,5555.75,739.85,0.1522,0
771,71824,1081,36,Unemployed,Own,0.328983531141697,4,5985.33,33.87,0.3346,1
586,52571,23389,120,Unemployed,Own,0.0224626073346292,5,4380.92,283.77,0.0872,0
504,144049,43131,120,Employed,Own,0.5491441115837311,5,12004.08,523.3,0.5927,0
441,89907,41828,84,Employed,Own,0.3036686563978455,5,7492.25,651.94,0.3907,0
619,71533,48539,12,Employed,Rent,0.0367576231051355,5,5961.08,4222.33,0.7451,0
720,41529,22304,60,Employed,Mortgage,0.3312838527670211,1,3460.75,452.24,0.462,0
645,35004,37074,60,Employed,Rent,0.2598981144003991,1,2917.0,751.73,0.5176,0
666,104037,15523,24,Employed,Rent,0.0473708486320652,5,8669.75,702.06,0.1283,1
616,194699,32751,120,Employed,Own,0.573137082270376,3,16224.92,397.36,0.5976,0
452,162067,12602,60,Retired,Rent,0.5449330465097995,1,13505.58,255.52,0.5639,0
846,191516,28709,24,Employed,Mortgage,0.5878557062005174,2,15959.67,1298.43,0.6692,0
370,175291,25981,60,Employed,Own,0.4072655097950345,4,14607.58,526.8,0.4433,0
649,161529,16790,60,Employed,Rent,0.4199974612446427,5,13460.75,340.44,0.4453,0
471,118272,40690,24,Retired,Own,0.494354807461448,3,9856.0,1840.3,0.6811,0
741,59955,15329,12,Unemployed,Mortgage,0.4648370875913325,2,4996.25,1333.45,0.7317,0
640,83298,28566,84,Employed,Rent,0.5214574865302389,4,6941.5,445.24,0.5856,0
539,45657,8501,84,Unemployed,Rent,0.1218475976005597,0,3804.75,132.5,0.1567,0
460,56062,29711,24,Self-employed,Own,0.4234050963361359,2,4671.83,1343.75,0.711,0
383,102929,14495,36,Unemployed,Rent,0.2037071762719568,5,8577.42,454.22,0.2567,0
721,102792,32479,24,Self-employed,Own,0.3302133914113648,5,8566.0,1468.94,0.5017,1
541,123228,7100,36,Unemployed,Rent,0.4107869648963999,2,10269.0,222.49,0.4325,0
371,153768,13264,60,Unemployed,Mortgage,0.1749790269771121,3,12814.0,268.95,0.196,0
747,120502,43108,36,Retired,Mortgage,0.5456640788634198,0,10041.83,1350.85,0.6802,0
315,49737,36088,36,Employed,Rent,0.3647169469671824,4,4144.75,1130.87,0.6376,0
697,49380,34703,60,Self-employed,Rent,0.0993445954740592,2,4115.0,703.65,0.2703,0
433,170618,33948,120,Employed,Own,0.2063488266339612,4,14218.17,411.88,0.2353,0
745,80838,26992,12,Employed,Own,0.2486939037799255,0,6736.5,2347.99,0.5972,1
690,184438,28154,24,Self-employed,Mortgage,0.2927295905876066,0,15369.83,1273.33,0.3756,1
389,131336,31557,120,Employed,Rent,0.0875091811513775,4,10944.67,382.87,0.1225,0
601,137592,43728,84,Employed,Rent,0.3699629867557644,2,11466.0,681.55,0.4294,0
843,144055,45285,84,Employed,Mortgage,0.0145856191888862,2,12004.58,705.82,0.0734,1
733,171089,36600,120,Unemployed,Mortgage,0.3027423379353332,1,14257.42,444.06,0.3339,1
738,21083,8179,24,Employed,Own,0.173147860416507,1,1756.92,369.91,0.3837,0
566,21100,3724,36,Employed,Rent,0.4068934886387049,3,1758.33,116.7,0.4733,0
407,21441,2641,36,Self-employed,Mortgage,0.3771064501755427,3,1786.75,82.76,0.4234,0
511,103364,12958,120,Self-employed,Rent,0.3119504904647205,5,8613.67,157.22,0.3302,0
632,137958,37607,24,Employed,Mortgage,0.5927101259254988,2,11496.5,1700.86,0.7407,0
697,57406,44112,60,Employed,Own,0.287801768469674,1,4783.83,894.43,0.4748,1
591,34777,23611,120,Self-employed,Rent,0.4277010685652886,3,2898.08,286.47,0.5265,0
834,134368,35779,12,Unemployed,Rent,0.1630672614433212,3,11197.33,3112.36,0.441,1
506,179844,10807,36,Employed,Own,0.2937322001040901,5,14987.0,338.65,0.3163,0
794,192710,10146,120,Unemployed,Rent,0.4179070991933859,0,16059.17,123.1,0.4256,1
483,132306,43902,24,Self-employed,Mortgage,0.4935136051691909,1,11025.5,1985.57,0.6736,0
412,154372,15974,24,Unemployed,Own,0.2350004336656081,5,12864.33,722.46,0.2912,0
369,98764,26748,60,Self-employed,Own,0.1690813031307057,5,8230.33,542.35,0.235,0
788,70201,27978,84,Employed,Rent,0.457539818277107,5,5850.08,436.07,0.5321,1
490,62246,17093,60,Employed,Own,0.1486500345684752,2,5187.17,346.58,0.2155,0
591,198653,43420,24,Employed,Own,0.4630411338335453,4,16554.42,1963.77,0.5817,0
591,30830,11621,24,Unemployed,Own,0.4330768328473523,2,2569.17,525.59,0.6377,0
414,185636,22530,120,Retired,Rent,0.4541311408355296,0,15469.67,273.35,0.4718,0
382,134729,46119,36,Employed,Rent,0.365174886599565,1,11227.42,1445.2,0.4939,0
537,170260,19359,84,Employed,Mortgage,0.1429140870010762,1,14188.33,301.73,0.1642,0
323,114523,12385,120,Self-employed,Own,0.3664736284180157,5,9543.58,150.26,0.3822,0
406,108397,12091,84,Employed,Rent,0.1634379607878828,0,9033.08,188.45,0.1843,0
607,111631,16716,84,Employed,Rent,0.0980823736087025,5,9302.58,260.54,0.1261,0
467,26559,36005,60,Retired,Own,0.0299391459779546,1,2213.25,730.05,0.3598,0
421,112357,35734,36,Unemployed,Rent,0.2169121128946161,3,9363.08,1119.77,0.3365,0
681,138138,32519,120,Employed,Mortgage,0.4324734578608145,1,11511.5,394.55,0.4667,1
677,69080,5910,84,Employed,Mortgage,0.0539940527054923,2,5756.67,92.11,0.07,1
745,60197,13624,12,Employed,Own,0.1519356185635025,2,5016.42,1185.13,0.3882,1
503,93377,30331,36,Self-employed,Rent,0.0603876450404244,2,7781.42,950.46,0.1825,0
660,126922,21138,84,Retired,Mortgage,0.3990311781635007,2,10576.83,329.46,0.4302,1
577,184660,36505,84,Employed,Mortgage,0.1022995893958782,3,15388.33,568.97,0.1393,0
745,148796,32088,12,Self-employed,Own,0.021183539201152,3,12399.67,2791.28,0.2463,1
449,60980,11803,12,Employed,Mortgage,0.0108761161801955,3,5081.67,1026.72,0.2129,0
490,197101,27366,24,Employed,Mortgage,0.4505566551753417,0,16425.08,1237.69,0.5259,0
394,81424,9270,60,Employed,Mortgage,0.2794999585212099,4,6785.33,187.96,0.3072,0
556,161745,46200,24,Employed,Rent,0.1238935802887842,5,13478.75,2089.5,0.2789,0
659,155857,36233,36,Retired,Rent,0.5367863797405732,5,12988.08,1135.41,0.6242,0
605,53621,14788,60,Unemployed,Mortgage,0.4645641552644737,4,4468.42,299.85,0.5317,0
543,166399,27788,24,Employed,Mortgage,0.5524487771151074,3,13866.58,1256.78,0.6431,0
645,65817,20866,84,Self-employed,Own,0.4200122014022167,4,5484.75,325.22,0.4793,0
542,33952,34932,84,Self-employed,Own,0.5789227297138718,4,2829.33,544.46,0.7714,0
327,122185,27016,120,Employed,Own,0.1533321868917037,3,10182.08,327.78,0.1855,0
431,185701,45246,24,Unemployed,Rent,0.3612540075850574,0,15475.08,2046.35,0.4935,0
550,127327,2746,120,Unemployed,Own,0.1679373631569194,3,10610.58,33.32,0.1711,0
301,156693,48171,84,Self-employed,Mortgage,0.3920778687020663,4,13057.75,750.8,0.4496,0
350,35598,39456,12,Employed,Mortgage,0.0672392769554866,2,2966.5,3432.22,1.2242,0
797,68056,36002,84,Employed,Rent,0.2062340127180966,5,5671.33,561.13,0.3052,1
740,81944,24278,84,Unemployed,Own,0.3048386911993592,0,6828.67,378.4,0.3603,1
342,120671,11818,24,Employed,Rent,0.5409628326706151,0,10055.92,534.5,0.5941,0
611,103863,46708,36,Employed,Rent,0.0294170498466043,4,8655.25,1463.66,0.1985,0
566,37630,16044,12,Self-employed,Rent,0.2173325768956171,5,3135.83,1395.64,0.6624,0
654,136102,3197,12,Employed,Own,0.2275490655545685,2,11341.83,278.1,0.2521,1
474,75953,31174,36,Employed,Rent,0.2244271954351445,1,6329.42,976.88,0.3788,0
386,121945,42796,24,Self-employed,Rent,0.0596509271088432,0,10162.08,1935.55,0.2501,0
364,87957,11679,60,Employed,Mortgage,0.0202197042372582,0,7329.75,236.81,0.0525,0
630,30465,41490,120,Employed,Own,0.0835812484693907,0,2538.75,503.39,0.2819,0
367,29758,10798,60,Self-employed,Own,0.5995440933168543,5,2479.83,218.94,0.6878,0
778,56950,38344,12,Employed,Mortgage,0.0044131512097563,4,4745.83,3335.48,0.7072,0
401,103350,18562,24,Employed,Rent,0.3042614775253127,4,8612.5,839.51,0.4017,0
790,54770,4629,120,Employed,Rent,0.1306662372537729,1,4564.17,56.16,0.143,1
733,173504,46176,24,Self-employed,Mortgage,0.2376130105088908,5,14458.67,2088.42,0.3821,1
398,194037,4667,120,Employed,Rent,0.4630815738409045,1,16169.75,56.62,0.4666,0
375,167821,25137,120,Employed,Mortgage,0.3111899135002575,1,13985.08,304.98,0.333,0
412,127950,15341,12,Employed,Rent,0.0026944822577904,2,10662.5,1334.49,0.1279,0
333,105954,48119,24,Employed,Rent,0.1588201264104579,5,8829.5,2176.29,0.4053,0
537,79627,46323,60,Self-employed,Mortgage,0.0299734784552084,2,6635.58,939.26,0.1715,0
591,103029,16779,120,Employed,Mortgage,0.2941242934240406,3,8585.75,203.58,0.3178,0
545,159185,26560,36,Retired,Rent,0.0488249172508288,1,13265.42,832.29,0.1116,0
509,57127,31486,36,Employed,Rent,0.1714040394597276,5,4760.58,986.66,0.3787,0
582,41857,39089,12,Employed,Mortgage,0.3477486411885876,0,3488.08,3400.29,1.3226,0
587,153379,25839,36,Retired,Mortgage,0.5541028181312037,3,12781.58,809.7,0.6175,0
464,26953,33877,60,Self-employed,Rent,0.5559735537868028,1,2246.08,686.9,0.8618,0
540,187945,48319,120,Employed,Rent,0.3679543640557688,4,15662.08,586.24,0.4054,0
372,153021,21474,60,Employed,Rent,0.505321151427917,2,12751.75,435.42,0.5395,0
643,36362,25674,84,Employed,Rent,0.2281626104503434,2,3030.17,400.16,0.3602,0
828,120487,28834,12,Employed,Own,0.5449968734216823,0,10040.58,2508.22,0.7948,0
710,110549,39683,60,Self-employed,Rent,0.5780477773486133,4,9212.42,804.63,0.6654,0
315,36923,8430,24,Self-employed,Rent,0.4379747068966517,2,3076.92,381.27,0.5619,0
543,122729,6448,24,Employed,Mortgage,0.0993517660093937,2,10227.42,291.63,0.1279,0
349,49359,7050,36,Self-employed,Own,0.0459207837369041,2,4113.25,220.92,0.0996,0
383,167161,25966,12,Unemployed,Rent,0.5105115776863908,1,13930.08,2258.74,0.6727,0
446,53191,5922,60,Self-employed,Mortgage,0.3290232136772345,1,4432.58,120.08,0.3561,0
709,198165,21338,60,Self-employed,Own,0.5562929806513227,4,16513.75,432.66,0.5825,1
592,98832,5166,120,Employed,Own,0.3985050929517409,1,8236.0,62.68,0.4061,0
772,113630,3042,36,Self-employed,Rent,0.0930360538053885,3,9469.17,95.33,0.1031,1
431,96356,27871,24,Self-employed,Own,0.35572685767213,5,8029.67,1260.53,0.5127,0
378,185092,43242,84,Employed,Rent,0.304161736427954,4,15424.33,673.98,0.3479,0
514,29554,4208,120,Unemployed,Own,0.5473504406835732,5,2462.83,51.05,0.5681,0
771,94711,10487,36,Unemployed,Mortgage,0.3672450524684201,5,7892.58,328.62,0.4089,1
513,79649,8656,60,Employed,Mortgage,0.3743636362726898,5,6637.42,175.51,0.4008,0
656,164745,18075,24,Self-employed,Own,0.4337726389454439,5,13728.75,817.48,0.4933,1
846,156867,30134,60,Self-employed,Own,0.4842110253137633,1,13072.25,611.01,0.531,1
322,119200,36364,84,Retired,Own,0.3233501825488801,0,9933.33,566.78,0.3804,0
633,122132,4488,84,Unemployed,Rent,0.1757633905415956,5,10177.67,69.95,0.1826,0
551,35207,22583,24,Employed,Rent,0.4271298397656211,2,2933.92,1021.37,0.7753,0
612,78482,31970,120,Employed,Rent,0.2543537230866753,5,6540.17,387.88,0.3137,0
802,191994,47207,120,Employed,Mortgage,0.5389246722174345,4,15999.5,572.75,0.5747,1
408,119242,41455,60,Employed,Own,0.5714115292210062,1,9936.83,840.56,0.656,0
480,83802,15577,84,Employed,Own,0.4119655643230112,1,6983.5,242.79,0.4467,0
749,49818,38640,36,Employed,Mortgage,0.3311749187597329,5,4151.5,1210.84,0.6228,0
731,20295,7991,84,Employed,Rent,0.1391554430079786,3,1691.25,124.55,0.2128,0
535,80044,15797,84,Employed,Own,0.3378448008875341,0,6670.33,246.22,0.3748,0
351,104253,48688,36,Employed,Mortgage,0.3847409237573666,3,8687.75,1525.7,0.5604,0
392,130157,33675,36,Employed,Mortgage,0.3576402210473369,5,10846.42,1055.25,0.4549,0
311,145817,30383,12,Retired,Mortgage,0.583278232491966,3,12151.42,2642.97,0.8008,0
713,170396,40469,60,Unemployed,Mortgage,0.4031730829725151,5,14199.67,820.57,0.461,1
475,185801,11692,12,Employed,Own,0.2133016597962176,0,15483.42,1017.07,0.279,0
647,45309,39760,60,Retired,Own,0.0501426745142582,1,3775.75,806.19,0.2637,0
394,167403,25224,36,Self-employed,Rent,0.0084921855856579,0,13950.25,790.43,0.0652,0
707,150921,33948,60,Employed,Mortgage,0.2278133734524298,0,12576.75,688.34,0.2825,1
677,60763,17793,12,Self-employed,Mortgage,0.0241951569209966,5,5063.58,1547.79,0.3299,1
640,177159,46497,24,Self-employed,Own,0.5984863460508133,0,14763.25,2102.93,0.7409,0
457,36198,45798,60,Employed,Rent,0.3017066701638107,2,3016.5,928.62,0.6096,0
402,180519,9545,12,Self-employed,Rent,0.1849186572266475,2,15043.25,830.3,0.2401,0
445,161339,9786,36,Employed,Mortgage,0.1598157752457465,3,13444.92,306.66,0.1826,0
484,91037,5708,60,Employed,Rent,0.5599749860240589,1,7586.42,115.74,0.5752,0
690,97041,19822,84,Self-employed,Own,0.2521804074249366,2,8086.75,308.95,0.2904,1
635,30842,30869,60,Retired,Rent,0.4364523694935336,1,2570.17,625.91,0.68,0
344,69537,34454,12,Employed,Own,0.1829573043004594,1,5794.75,2997.1,0.7002,0
795,74822,26707,36,Self-employed,Mortgage,0.1869376252137949,5,6235.17,836.9,0.3212,1
314,195582,48452,120,Employed,Rent,0.2223395948308801,4,16298.5,587.86,0.2584,0
850,78611,26433,24,Employed,Own,0.0962423004411135,2,6550.92,1195.49,0.2787,1
694,183741,21185,84,Self-employed,Own,0.5596666480875071,0,15311.75,330.19,0.5812,1
381,22932,4098,60,Unemployed,Mortgage,0.0303176371986552,5,1911.0,83.09,0.0738,0
570,192353,11525,36,Unemployed,Mortgage,0.4725631165540986,3,16029.42,361.15,0.4951,0
696,185264,26395,12,Self-employed,Mortgage,0.4030856305634046,5,15438.67,2296.06,0.5518,1
497,36593,29200,84,Employed,Mortgage,0.2415146142773899,5,3049.42,455.12,0.3908,0
841,57342,30993,120,Unemployed,Mortgage,0.2438050704291302,0,4778.5,376.03,0.3225,1
374,21126,11238,84,Retired,Rent,0.0270247538727709,0,1760.5,175.16,0.1265,0
551,76241,33723,60,Self-employed,Rent,0.5930070892780499,5,6353.42,683.78,0.7006,0
606,92859,14909,120,Unemployed,Mortgage,0.431357260680084,2,7738.25,180.89,0.4547,0
641,129447,3892,60,Self-employed,Mortgage,0.163286648932372,3,10787.25,78.92,0.1706,0
554,133545,35926,12,Employed,Own,0.3305684554650557,0,11128.75,3125.15,0.6114,0
552,107848,46101,12,Unemployed,Rent,0.1694588231677666,0,8987.33,4010.25,0.6157,0
383,154568,29509,24,Self-employed,Own,0.5081378416216189,1,12880.67,1334.61,0.6118,0
365,193128,39249,24,Employed,Mortgage,0.3880681981003223,5,16094.0,1775.13,0.4984,0
301,35027,39696,36,Employed,Own,0.5054315876876211,1,2918.92,1243.93,0.9316,0
843,100806,1420,120,Self-employed,Own,0.5688467731563446,3,8400.5,17.23,0.5709,1
522,119191,17198,84,Retired,Rent,0.5165164843775636,3,9932.58,268.05,0.5435,0
308,37525,26304,60,Unemployed,Mortgage,0.1386847644519652,0,3127.08,533.35,0.3092,0
492,82926,20709,84,Employed,Rent,0.1467023263394176,0,6910.5,322.77,0.1934,0
638,115144,31740,60,Self-employed,Rent,0.5792050312917939,0,9595.33,643.57,0.6463,0
815,136751,5458,120,Employed,Mortgage,0.2645549936681314,2,11395.92,66.22,0.2704,1
434,161667,28421,84,Employed,Rent,0.060398915862971,5,13472.25,442.98,0.0933,0
425,31329,49435,24,Self-employed,Rent,0.197962321712149,4,2610.75,2235.81,1.0543,0
333,154350,30783,60,Retired,Rent,0.0863705484352162,3,12862.5,624.17,0.1349,0
798,91582,34714,84,Employed,Rent,0.0337208057002865,0,7631.83,541.06,0.1046,1
631,53032,34955,84,Unemployed,Mortgage,0.1810401763676207,5,4419.33,544.82,0.3043,0
631,75310,22680,84,Employed,Own,0.3484311986305103,5,6275.83,353.5,0.4048,0
507,62580,35905,84,Employed,Own,0.2686641927076558,1,5215.0,559.62,0.376,0
401,44533,31002,84,Employed,Mortgage,0.0469634693421918,5,3711.08,483.2,0.1772,0
568,52727,39957,120,Self-employed,Rent,0.28868075639213,1,4393.92,484.79,0.399,0
514,54979,42805,12,Employed,Own,0.1903593755619373,3,4581.58,3723.54,1.0031,0
721,84764,38709,24,Self-employed,Rent,0.4291885151873979,0,7063.67,1750.7,0.677,0
617,113459,46405,24,Employed,Mortgage,0.0343907805701015,1,9454.92,2098.77,0.2564,0
655,182308,46354,120,Employed,Rent,0.5030848684105587,2,15192.33,562.4,0.5401,1
775,103512,19805,84,Employed,Rent,0.5772995892442913,2,8626.0,308.68,0.6131,0
780,156088,17873,36,Self-employed,Mortgage,0.0842754242878669,1,13007.33,560.07,0.1273,1
573,178014,49010,12,Employed,Mortgage,0.4433753341427709,5,14834.5,4263.3,0.7308,0
330,53026,38968,60,Employed,Mortgage,0.4934800466801374,4,4418.83,790.13,0.6723,0
494,114689,44255,120,Retired,Mortgage,0.3622072422543155,5,9557.42,536.94,0.4184,0
763,105650,16934,60,Unemployed,Mortgage,0.425629764181925,3,8804.17,343.36,0.4646,1
374,136646,22432,84,Employed,Own,0.5099775265815224,3,11387.17,349.63,0.5407,0
574,123132,45053,36,Employed,Own,0.5169976940914479,2,10261.0,1411.8,0.6546,0
353,26055,37143,36,Employed,Rent,0.0210565029272427,2,2171.25,1163.93,0.5571,0
458,161119,26731,60,Employed,Rent,0.2276385816327298,1,13426.58,542.01,0.268,0
440,155565,24016,24,Employed,Mortgage,0.425083240738316,5,12963.75,1086.18,0.5089,0
355,171252,22318,84,Employed,Own,0.2896189547695371,2,14271.0,347.85,0.314,0
462,117303,7309,12,Employed,Own,0.2443784063728183,0,9775.25,635.8,0.3094,0
502,96729,45034,24,Employed,Rent,0.2193763306459684,1,8060.75,2036.77,0.4721,0
410,91884,16233,120,Employed,Rent,0.3163010920868762,1,7657.0,196.95,0.342,0
592,129924,30958,24,Retired,Rent,0.5549989901846933,2,10827.0,1400.15,0.6843,0
429,44782,29947,60,Retired,Own,0.0452391333506035,3,3731.83,607.22,0.208,0
488,156332,4159,84,Employed,Rent,0.3202049172809788,2,13027.67,64.82,0.3252,0
485,84381,48841,120,Employed,Mortgage,0.5749950033491583,5,7031.75,592.58,0.6593,0
581,101513,39498,24,Self-employed,Rent,0.129612132614416,4,8459.42,1786.39,0.3408,0
757,167308,43265,60,Self-employed,Own,0.5728990090714957,3,13942.33,877.26,0.6358,0
616,87652,31856,12,Employed,Mortgage,0.4414482428283027,2,7304.33,2771.1,0.8208,0
410,196847,45380,36,Retired,Own,0.1306110307740068,5,16403.92,1422.04,0.2173,0
569,102158,41017,24,Employed,Mortgage,0.4976670142408782,1,8513.17,1855.09,0.7156,0
611,177025,13296,24,Employed,Rent,0.2535627125888589,0,14752.08,601.34,0.2943,0
785,158317,12257,84,Employed,Rent,0.0409406449157893,5,13193.08,191.04,0.0554,1
389,123017,45396,84,Employed,Mortgage,0.157230758257734,2,10251.42,707.55,0.2263,0
343,24645,45403,24,Employed,Rent,0.5171610786916376,2,2053.75,2053.45,1.517,0
825,64883,11599,24,Retired,Mortgage,0.3553185025250179,0,5406.92,524.59,0.4523,1
755,85631,13036,12,Employed,Mortgage,0.4731477638484133,0,7135.92,1133.98,0.6321,0
420,156915,41325,84,Self-employed,Own,0.4914812194759617,0,13076.25,644.1,0.5407,0
581,163836,23716,120,Employed,Rent,0.5133767135943741,4,13653.0,287.74,0.5345,0
713,59767,35593,12,Employed,Rent,0.322703494137617,2,4980.58,3096.18,0.9444,0
653,156299,27501,120,Employed,Own,0.3966385352917702,1,13024.92,333.66,0.4223,1
776,197677,44487,36,Unemployed,Rent,0.1777692326908249,5,16473.08,1394.06,0.2624,1
740,25472,11956,84,Employed,Mortgage,0.4328358733740237,2,2122.67,186.35,0.5206,0
731,185825,44230,36,Self-employed,Rent,0.5532151683632334,3,15485.42,1386.01,0.6427,0
617,96505,26775,12,Employed,Rent,0.2547484879532211,5,8042.08,2329.12,0.5444,0
424,100483,18016,24,Employed,Mortgage,0.1249618577794973,3,8373.58,814.81,0.2223,0
822,170570,2583,60,Employed,Rent,0.0422547890917584,0,14214.17,52.37,0.0459,1
632,90951,3697,120,Employed,Rent,0.2265344880698432,5,7579.25,44.85,0.2325,0
833,124495,40256,60,Unemployed,Mortgage,0.1049404398388445,5,10374.58,816.25,0.1836,1
755,80865,20268,12,Self-employed,Mortgage,0.4328221138595612,5,6738.75,1763.08,0.6945,0
612,164436,33381,12,Employed,Rent,0.2872835535391495,4,13703.0,2903.76,0.4992,0
805,146702,25396,36,Employed,Rent,0.0602301049426541,4,12225.17,795.82,0.1253,1
639,171771,18648,84,Unemployed,Own,0.0363333358012474,2,14314.25,290.65,0.0566,0
799,157039,19089,12,Employed,Rent,0.4565157368505843,3,13086.58,1660.52,0.5834,1
390,33899,6309,84,Self-employed,Mortgage,0.071180955665726,2,2824.92,98.33,0.106,0
688,172336,27598,36,Employed,Rent,0.0742201238231969,5,14361.33,864.82,0.1344,1
485,84853,43712,60,Employed,Mortgage,0.3387023066850984,4,7071.08,886.32,0.464,0
440,114676,37949,24,Unemployed,Mortgage,0.4798359439077961,3,9556.33,1716.33,0.6594,0
664,163072,15352,84,Employed,Own,0.3329253916783524,5,13589.33,239.28,0.3505,1
654,137036,46300,36,Employed,Rent,0.300749638965565,5,11419.67,1450.87,0.4278,1
417,88454,35399,36,Employed,Rent,0.2154699026855306,2,7371.17,1109.28,0.366,0
597,139960,28494,36,Retired,Mortgage,0.0581719586690049,0,11663.33,892.9,0.1347,0
824,155318,40298,120,Employed,Mortgage,0.4913352066100385,5,12943.17,488.93,0.5291,1
721,186802,39448,60,Self-employed,Own,0.302739632332276,2,15566.83,799.86,0.3541,1
383,118112,7394,84,Employed,Mortgage,0.0903997468848577,2,9842.67,115.24,0.1021,0
485,193236,48277,60,Employed,Rent,0.2256697364145785,3,16103.0,978.88,0.2865,0
849,183391,33447,120,Employed,Own,0.51276715344177,1,15282.58,405.8,0.5393,1
415,45991,48805,12,Self-employed,Own,0.0097304022126912,1,3832.58,4245.47,1.1175,0
618,181631,2256,36,Employed,Own,0.3569637237842898,2,15135.92,70.69,0.3616,0
444,102996,28742,60,Employed,Mortgage,0.2954700004605022,4,8583.0,582.78,0.3634,0
468,119968,13705,12,Unemployed,Rent,0.0662837938639479,4,9997.33,1192.18,0.1855,0
720,52271,43319,120,Employed,Rent,0.2570322043709566,4,4355.92,525.58,0.3777,1
467,68145,26473,36,Employed,Mortgage,0.4910681537476591,0,5678.75,829.57,0.6372,0
459,142171,49333,84,Unemployed,Own,0.2930225830599598,1,11847.58,768.91,0.3579,0
407,188448,6599,36,Employed,Rent,0.0449969305194769,3,15704.0,206.79,0.0582,0
462,191922,2204,60,Employed,Own,0.424475105442295,5,15993.5,44.69,0.4273,0
565,91553,17132,12,Self-employed,Mortgage,0.4449094484443802,0,7629.42,1490.29,0.6402,0
652,158969,13225,84,Employed,Rent,0.1534933684016436,2,13247.42,206.13,0.1691,1
621,142359,37252,12,Employed,Rent,0.3927641058390863,0,11863.25,3240.49,0.6659,0
500,193706,19614,12,Unemployed,Rent,0.5320359710829816,4,16142.17,1706.19,0.6377,0
717,29336,32731,24,Unemployed,Mortgage,0.0425874954107007,2,2444.67,1480.33,0.6481,0
506,65512,23496,60,Self-employed,Mortgage,0.0344894098967494,3,5459.33,476.41,0.1218,0
780,183359,9326,60,Employed,Own,0.2572501145589056,2,15279.92,189.1,0.2696,1
470,179279,36740,24,Employed,Rent,0.2489818751240703,4,14939.92,1661.65,0.3602,0
697,70129,31466,120,Employed,Rent,0.4545365164784138,3,5844.08,381.77,0.5199,1
662,29973,42107,36,Retired,Rent,0.3852595717965525,5,2497.75,1319.48,0.9135,0
304,28506,2011,36,Unemployed,Own,0.32480777836497,3,2375.5,63.02,0.3513,0
562,79581,37096,84,Retired,Rent,0.4589143648209692,2,6631.75,578.19,0.5461,0
542,56348,3159,120,Employed,Mortgage,0.1683565062765623,4,4695.67,38.33,0.1765,0
695,195792,13693,120,Employed,Mortgage,0.1050162737986141,0,16316.0,166.13,0.1152,1
722,120215,22903,12,Employed,Rent,0.2846530813134104,4,10017.92,1992.3,0.4835,1
745,80822,5431,24,Self-employed,Rent,0.3493650719404044,5,6735.17,245.63,0.3858,1
505,116580,11416,84,Employed,Rent,0.0204664910563578,5,9715.0,177.93,0.0388,0
740,84362,42965,120,Unemployed,Rent,0.3714003950034398,0,7030.17,521.28,0.4455,1
516,80209,16990,84,Self-employed,Rent,0.2714336726566397,5,6684.08,264.81,0.3111,0
486,129592,6511,24,Employed,Rent,0.1799107522671618,4,10799.33,294.47,0.2072,0
575,54396,21643,60,Unemployed,Mortgage,0.5598634490518631,4,4533.0,438.84,0.6567,0
516,55680,31332,24,Employed,Mortgage,0.2419568540974893,2,4640.0,1417.06,0.5474,0
764,103017,42680,12,Retired,Mortgage,0.4049221090588801,2,8584.75,3712.67,0.8374,0
830,198328,5235,24,Employed,Rent,0.0319657071647542,1,16527.33,236.76,0.0463,1
552,114540,10516,120,Self-employed,Mortgage,0.3326390586564006,4,9545.0,127.59,0.346,0
693,46992,27871,24,Self-employed,Rent,0.5666502352435692,1,3916.0,1260.53,0.8885,0
452,155542,28742,84,Unemployed,Own,0.3453511024396442,0,12961.83,447.98,0.3799,0
606,197913,7519,120,Self-employed,Mortgage,0.2757554392282935,0,16492.75,91.23,0.2813,0
470,106960,3333,12,Unemployed,Rent,0.0550591396656253,3,8913.33,289.93,0.0876,0
827,174424,35990,24,Retired,Own,0.336465010408126,1,14535.33,1627.73,0.4484,1
609,41180,40973,120,Employed,Rent,0.4750180148180398,2,3431.67,497.12,0.6199,0
789,159572,9037,36,Self-employed,Rent,0.1142205536890593,0,13297.67,283.19,0.1355,1
773,84508,41229,12,Employed,Rent,0.441707802163128,3,7042.33,3586.45,0.951,0
388,177213,26473,84,Retired,Rent,0.3163757339300562,2,14767.75,412.61,0.3443,0
659,30827,23543,84,Employed,Rent,0.0338445682121178,4,2568.92,366.95,0.1767,0
721,116358,34821,24,Employed,Mortgage,0.2976755581973078,5,9696.5,1574.86,0.4601,1
762,124877,14779,24,Employed,Own,0.5288086575647252,3,10406.42,668.41,0.593,1
535,78929,10623,60,Employed,Rent,0.029499399566147,0,6577.42,215.4,0.0622,0
715,111889,17076,120,Employed,Mortgage,0.5278639517597317,4,9324.08,207.18,0.5501,1
791,124064,3019,12,Retired,Rent,0.4436279112433438,1,10338.67,262.62,0.469,1
407,47150,23997,12,Self-employed,Own,0.2359081425709927,3,3929.17,2087.46,0.7672,0
320,180386,24258,60,Employed,Rent,0.50063833449263,1,15032.17,491.86,0.5334,0
350,184634,29345,84,Employed,Mortgage,0.3754224543604068,3,15386.17,457.38,0.4051,0
550,85064,3666,84,Unemployed,Own,0.2703008018538523,1,7088.67,57.14,0.2784,0
435,130958,10325,84,Employed,Mortgage,0.3905961188159186,3,10913.17,160.93,0.4053,0
435,88547,47877,84,Employed,Rent,0.1321285593651507,0,7378.92,746.22,0.2333,0
643,194649,3142,24,Employed,Own,0.2512236445913979,0,16220.75,142.1,0.26,0
328,90794,8234,120,Employed,Mortgage,0.4727221027436939,3,7566.17,99.9,0.4859,0
306,138815,8226,60,Employed,Own,0.2632371425876926,3,11567.92,166.79,0.2777,0
577,27573,23620,36,Employed,Own,0.1453313335175908,3,2297.75,740.16,0.4675,0
336,25189,32783,12,Employed,Rent,0.3225377705357127,0,2099.08,2851.74,1.6811,0
477,92428,7609,36,Employed,Rent,0.2170553988539298,2,7702.33,238.44,0.248,0
361,81188,49558,36,Employed,Mortgage,0.4893410097760635,3,6765.67,1552.97,0.7189,0
349,179312,9436,60,Employed,Rent,0.408170763616286,1,14942.67,191.33,0.421,0
475,188768,48315,24,Unemployed,Rent,0.4444093815761767,2,15730.67,2185.16,0.5833,0
726,185091,20312,12,Self-employed,Rent,0.4638917172379065,1,15424.25,1766.91,0.5784,1
553,122776,2878,24,Employed,Rent,0.5337262924374364,2,10231.33,130.16,0.5464,0
543,168375,24361,24,Retired,Mortgage,0.5873267723405783,0,14031.25,1101.78,0.6659,0
383,132673,47028,84,Self-employed,Own,0.2862777250958676,2,11056.08,732.99,0.3526,0
392,177355,2314,24,Employed,Rent,0.1309685429137124,0,14779.58,104.66,0.138,0
324,107965,32264,120,Employed,Rent,0.5206498790278989,3,8997.08,391.45,0.5642,0
801,142523,8284,120,Employed,Mortgage,0.4124553242682851,1,11876.92,100.51,0.4209,1
437,165267,39959,12,Self-employed,Own,0.1984531548165283,1,13772.25,3475.97,0.4508,0
624,108082,16926,120,Employed,Rent,0.4227551022996049,3,9006.83,205.36,0.4456,0
808,198965,35356,120,Employed,Own,0.5167705428700213,5,16580.42,428.97,0.5426,1
397,96561,47214,120,Employed,Own,0.4561267468388525,2,8046.75,572.84,0.5273,0
432,88071,15999,12,Employed,Own,0.1094516430907126,2,7339.25,1391.73,0.2991,0
615,115733,19468,24,Employed,Mortgage,0.5645578804011917,3,9644.42,880.48,0.6559,0
498,192521,46443,24,Employed,Own,0.2888603075210057,1,16043.42,2100.49,0.4198,0
718,106797,14291,60,Employed,Mortgage,0.5282264176942489,3,8899.75,289.77,0.5608,1
302,118043,23800,84,Employed,Own,0.0328653331986119,4,9836.92,370.95,0.0706,0
543,99710,7778,120,Employed,Own,0.0963390124939432,0,8309.17,94.37,0.1077,0
740,92162,7560,12,Self-employed,Rent,0.0039675083572997,3,7680.17,657.63,0.0896,1
746,47156,14739,36,Unemployed,Own,0.4973909407408473,4,3929.67,461.87,0.6149,0
801,127619,11647,12,Employed,Mortgage,0.2532082669701629,5,10634.92,1013.15,0.3485,1
456,134224,49684,120,Employed,Mortgage,0.2924781183656039,4,11185.33,602.8,0.3464,0
651,117382,2412,120,Employed,Own,0.5568883959992563,5,9781.83,29.26,0.5599,1
709,85847,14052,120,Employed,Rent,0.5418738897462074,2,7153.92,170.49,0.5657,1
370,164955,18671,12,Employed,Rent,0.583825173835822,0,13746.25,1624.16,0.702,0
464,71859,28245,120,Self-employed,Own,0.3895405877662904,4,5988.25,342.69,0.4468,0
650,198897,3232,36,Employed,Own,0.3766013468164719,5,16574.75,101.28,0.3827,1
301,161171,25653,120,Employed,Rent,0.0472979839702321,2,13430.92,311.24,0.0705,0
594,48634,33536,84,Employed,Mortgage,0.3127154836866893,4,4052.83,522.7,0.4417,0
817,105221,44068,120,Self-employed,Rent,0.2574537127553354,0,8768.42,534.67,0.3184,1
770,50546,7350,120,Employed,Mortgage,0.4584494369703614,2,4212.17,89.18,0.4796,1
310,47934,11770,36,Self-employed,Mortgage,0.4422302170787971,1,3994.5,368.83,0.5346,0
730,183719,5103,36,Employed,Own,0.4426437175019134,4,15309.92,159.91,0.4531,1
770,199484,41322,120,Employed,Mortgage,0.0298454274628018,5,16623.67,501.35,0.06,1
557,177615,46826,120,Self-employed,Mortgage,0.0898956523425805,3,14801.25,568.13,0.1283,0
643,110414,43683,120,Employed,Mortgage,0.5580468916132876,1,9201.17,530.0,0.6156,0
800,79572,10171,60,Employed,Own,0.3871341119071244,4,6631.0,206.23,0.4182,1
664,95237,49759,12,Employed,Mortgage,0.4237830475558629,2,7936.42,4328.46,0.9692,0
334,166294,11697,60,Employed,Own,0.2208103507057379,1,13857.83,237.17,0.2379,0
695,69292,48241,60,Self-employed,Own,0.3299183879037223,4,5774.33,978.15,0.4993,1
791,199085,31400,84,Employed,Mortgage,0.2058389574822246,2,16590.42,489.41,0.2353,1
334,163300,21773,60,Unemployed,Mortgage,0.0452003446747589,3,13608.33,441.48,0.0776,0
761,183715,35828,84,Unemployed,Rent,0.148603474575608,2,15309.58,558.42,0.1851,1
823,123540,9588,60,Self-employed,Own,0.141348713589515,2,10295.0,194.41,0.1602,1
444,108036,36115,36,Employed,Rent,0.1254987931759656,0,9003.0,1131.71,0.2512,0
448,57845,25064,12,Employed,Mortgage,0.5122310073954011,4,4820.42,2180.28,0.9645,0
498,165635,23226,24,Employed,Rent,0.2568993711380437,3,13802.92,1050.45,0.333,0
355,106384,3006,12,Employed,Mortgage,0.4266580753478807,0,8865.33,261.49,0.4562,0
520,53974,21196,36,Employed,Rent,0.5052622660044063,4,4497.83,664.21,0.6529,0
797,76493,20068,12,Employed,Own,0.4525235741883071,1,6374.42,1745.68,0.7264,0
701,165879,18725,84,Employed,Mortgage,0.4880041182970104,1,13823.25,291.85,0.5091,1
604,77727,6902,120,Unemployed,Own,0.148502182827161,4,6477.25,83.74,0.1614,0
634,138957,19949,60,Unemployed,Rent,0.1722262550573277,5,11579.75,404.49,0.2072,0
420,58234,39866,36,Employed,Rent,0.5904883797471662,1,4852.83,1249.26,0.8479,0
547,28570,31218,120,Employed,Own,0.1707695119610422,5,2380.83,378.76,0.3299,0
417,173367,19066,120,Employed,Mortgage,0.2222753608872117,3,14447.25,231.32,0.2383,0
672,90853,25011,24,Employed,Mortgage,0.0715276201314828,4,7571.08,1131.18,0.2209,1
419,179286,45557,36,Employed,Rent,0.5911199995265194,4,14940.5,1427.59,0.6867,0
712,165900,7440,36,Self-employed,Own,0.4880612191466185,5,13825.0,233.14,0.5049,1
534,21543,6306,24,Employed,Rent,0.1379060812003597,3,1795.25,285.2,0.2968,0
688,176545,4742,12,Employed,Rent,0.4933075897174659,3,14712.08,412.5,0.5213,1
504,77920,27796,84,Employed,Mortgage,0.4616229398039602,5,6493.33,433.23,0.5283,0
471,186214,16482,12,Self-employed,Mortgage,0.0905254705776511,3,15517.83,1433.74,0.1829,0
835,118749,33067,60,Unemployed,Mortgage,0.5507753620652456,3,9895.75,670.48,0.6185,0
381,80766,1011,60,Employed,Mortgage,0.4253497939658071,2,6730.5,20.5,0.4284,0
308,198916,3732,60,Employed,Rent,0.0710869221457966,5,16576.33,75.67,0.0757,0
709,166931,48358,60,Retired,Mortgage,0.3066565677673118,5,13910.92,980.53,0.3771,1
476,29617,37541,24,Employed,Rent,0.1300572987799814,4,2468.08,1697.88,0.818,0
670,153290,20007,36,Employed,Rent,0.1126747647007383,2,12774.17,626.95,0.1618,1
390,59453,13156,36,Employed,Own,0.3943841829629807,4,4954.42,412.26,0.4776,0
611,164945,8105,12,Employed,Mortgage,0.4109139069422488,0,13745.42,705.04,0.4622,0
664,169415,3171,120,Employed,Own,0.3746414377505417,3,14117.92,38.47,0.3774,1
606,69619,15737,12,Employed,Own,0.480206972782018,1,5801.58,1368.94,0.7162,0
710,197338,16646,60,Employed,Mortgage,0.1184390565281694,0,16444.83,337.52,0.139,1
814,56667,47931,36,Retired,Own,0.2712325818504089,0,4722.25,1501.98,0.5893,1
513,73929,41286,36,Unemployed,Rent,0.2011403606584151,3,6160.75,1293.75,0.4111,0
365,23301,23059,120,Self-employed,Mortgage,0.1758700613428582,0,1941.75,279.77,0.32,0
835,35165,17659,36,Employed,Own,0.28732801069746,3,2930.42,553.37,0.4762,0
637,148354,36366,120,Employed,Mortgage,0.1314595888339456,5,12362.83,441.22,0.1671,0
489,47271,6526,84,Employed,Mortgage,0.049494201568184,0,3939.25,101.72,0.0753,0
571,75472,3922,24,Employed,Rent,0.4225311002828947,4,6289.33,177.38,0.4507,0
435,159765,36097,12,Retired,Own,0.4215117839348096,1,13313.75,3140.02,0.6574,0
637,172667,23250,60,Employed,Rent,0.1567383586579266,0,14388.92,471.43,0.1895,0
767,113701,29826,120,Self-employed,Own,0.3549424363318774,5,9475.08,361.87,0.3931,1
627,186552,38509,84,Employed,Rent,0.4248695703696123,5,15546.0,600.21,0.4635,0
340,192745,13336,120,Employed,Rent,0.4083716746607269,5,16062.08,161.8,0.4184,0
736,41583,23756,36,Employed,Mortgage,0.055003187192305,5,3465.25,744.43,0.2698,0
318,24152,38865,84,Employed,Rent,0.3764333538013597,4,2012.67,605.76,0.6774,0
607,133694,22443,36,Employed,Mortgage,0.0137144158693613,2,11141.17,703.28,0.0768,0
452,54639,5108,24,Employed,Rent,0.2189272094032526,4,4553.25,231.02,0.2697,0
352,74505,27629,120,Self-employed,Rent,0.163673320184942,5,6208.75,335.22,0.2177,0
725,92640,40383,120,Self-employed,Own,0.4770146208588562,3,7720.0,489.96,0.5405,1
460,135983,36432,24,Unemployed,Own,0.4473598830649081,4,11331.92,1647.72,0.5928,0
684,95495,13951,120,Retired,Own,0.0866249466910094,2,7957.92,169.26,0.1079,1
690,192725,49705,24,Employed,Rent,0.4369206530541128,5,16060.42,2248.02,0.5769,1
750,37240,2462,120,Employed,Rent,0.5184295283229712,2,3103.33,29.87,0.5281,0
636,68560,22170,24,Unemployed,Mortgage,0.1123085883437597,0,5713.33,1002.69,0.2878,0
549,52649,29993,120,Unemployed,Own,0.4487537376827265,3,4387.42,363.9,0.5317,0
404,24024,24792,84,Unemployed,Own,0.3647696676384946,5,2002.0,386.41,0.5578,0
840,24234,32268,120,Employed,Own,0.4878779939262468,5,2019.5,391.5,0.6817,0
813,48008,21850,120,Employed,Rent,0.2582433327604304,0,4000.67,265.1,0.3245,0
349,31109,31647,84,Self-employed,Own,0.1808229801149681,5,2592.42,493.26,0.3711,0
379,27938,33813,24,Employed,Own,0.3102528448369744,2,2328.17,1529.27,0.9671,0
376,73818,30385,60,Employed,Rent,0.152777504153412,0,6151.5,616.1,0.2529,0
376,64613,40095,12,Employed,Own,0.3230776284411036,1,5384.42,3487.8,0.9708,0
683,105150,45338,60,Retired,Mortgage,0.5823262442955947,4,8762.5,919.29,0.6872,0
435,41422,31527,12,Employed,Rent,0.2556730735083617,4,3451.83,2742.48,1.0502,0
850,135936,12161,84,Employed,Own,0.0144687490275887,1,11328.0,189.54,0.0312,1
798,173070,25586,84,Employed,Own,0.4009857867893139,0,14422.5,398.79,0.4286,1
705,21486,43455,12,Self-employed,Rent,0.1143060282794535,4,1790.5,3780.08,2.2255,0
438,188707,29732,24,Self-employed,Rent,0.582444396877572,2,15725.58,1344.7,0.668,0
529,125281,41661,84,Employed,Own,0.5401257090495314,3,10440.08,649.34,0.6023,0
527,24306,19188,24,Employed,Rent,0.5403787011985981,0,2025.5,867.82,0.9688,0
431,82547,11048,12,Employed,Rent,0.3715182826886485,3,6878.92,961.05,0.5112,0
307,133693,35180,84,Employed,Rent,0.3889407158722099,2,11141.08,548.32,0.4382,0
790,90936,11398,24,Employed,Mortgage,0.1548447927667224,2,7578.0,515.5,0.2229,1
705,45114,2875,12,Self-employed,Own,0.0342153376451786,1,3759.5,250.09,0.1007,0
327,21571,29772,84,Employed,Mortgage,0.1595164955663495,4,1797.58,464.03,0.4177,0
582,23412,31617,120,Employed,Mortgage,0.445208123859301,5,1951.0,383.6,0.6418,0
704,68225,43729,120,Employed,Own,0.0469489196465053,2,5685.42,530.55,0.1403,1
635,168729,46876,36,Self-employed,Mortgage,0.3415867038434442,1,14060.75,1468.92,0.4461,0
814,80420,16317,24,Self-employed,Own,0.1119327879160418,5,6701.67,737.97,0.2221,1
799,64596,49460,120,Employed,Rent,0.1914473764133235,2,5383.0,600.09,0.3029,1
526,50125,2914,24,Employed,Mortgage,0.0397807475783261,0,4177.08,131.79,0.0713,0
750,20195,43998,24,Unemployed,Rent,0.3660297932594048,1,1682.92,1989.91,1.5484,0
348,44791,47741,24,Employed,Mortgage,0.4140128659355871,1,3732.58,2159.2,0.9925,0
712,189791,49100,12,Self-employed,Rent,0.1690355243253871,4,15815.92,4271.13,0.4391,1
828,192030,8174,84,Self-employed,Own,0.0647744040872908,1,16002.5,127.4,0.0727,1
742,174088,48944,60,Employed,Own,0.3016638223846264,2,14507.33,992.41,0.3701,1
412,141133,29828,84,Employed,Rent,0.2731985119599853,4,11761.08,464.91,0.3127,0
405,195983,38003,12,Employed,Mortgage,0.2899814795974125,3,16331.92,3305.82,0.4924,0
556,100879,39853,12,Self-employed,Own,0.1403771617112507,2,8406.58,3466.75,0.5528,0
552,179695,43793,84,Employed,Own,0.2816249968961548,0,14974.58,682.57,0.3272,0
652,198455,22552,84,Self-employed,Rent,0.0564461500915543,2,16537.92,351.5,0.0777,1
703,133702,26736,36,Employed,Own,0.2860225186665917,0,11141.83,837.81,0.3612,1
588,146761,21386,24,Employed,Own,0.3326487340037629,0,12230.08,967.23,0.4117,0
316,93974,10057,60,Employed,Own,0.4828651543628213,2,7831.17,203.92,0.5089,0
538,178271,11948,60,Self-employed,Mortgage,0.1901728632077513,3,14855.92,242.26,0.2065,0
368,146341,27995,24,Self-employed,Own,0.007184180882215,1,12195.08,1266.14,0.111,0
687,99021,22365,24,Employed,Rent,0.2237011399441069,4,8251.75,1011.51,0.3463,1
340,192199,4951,120,Employed,Mortgage,0.4856365896218724,1,16016.58,60.07,0.4894,0
608,104321,39565,36,Employed,Mortgage,0.0037769208698676,5,8693.42,1239.82,0.1464,0
596,107436,47003,120,Employed,Mortgage,0.0019358998427767,5,8953.0,570.28,0.0656,0
769,59313,47558,36,Retired,Mortgage,0.0665313946338749,2,4942.75,1490.29,0.368,1
662,149317,17308,24,Employed,Rent,0.1931420002478376,0,12443.08,782.79,0.2561,1
682,75400,7090,120,Employed,Rent,0.1553757483287093,3,6283.33,86.02,0.1691,1
322,174401,38323,120,Employed,Mortgage,0.5941110297100838,3,14533.42,464.96,0.6261,0
723,34566,43765,12,Retired,Rent,0.3309672660406861,2,2880.5,3807.05,1.6526,0
424,79526,36647,84,Employed,Own,0.2236622897287791,5,6627.17,571.19,0.3099,0
850,197032,4838,60,Employed,Rent,0.4756618382939187,3,16419.33,98.1,0.4816,1
664,169562,4931,24,Unemployed,Rent,0.096987233668376,1,14130.17,223.02,0.1128,1
411,66063,1102,36,Employed,Own,0.0464594082303296,1,5505.25,34.53,0.0527,0
600,174986,45426,12,Self-employed,Rent,0.5698726765612547,3,14582.17,3951.54,0.8409,0
440,88099,20029,36,Employed,Own,0.5119937965172887,4,7341.58,627.64,0.5975,0
606,148033,11070,120,Employed,Rent,0.3726407480420912,2,12336.08,134.31,0.3835,0
454,51099,41348,120,Employed,Rent,0.3100933515700275,0,4258.25,501.67,0.4279,0
650,141215,42618,12,Self-employed,Own,0.5256871128486502,3,11767.92,3707.27,0.8407,0
826,108543,27767,12,Unemployed,Mortgage,0.0373285444989228,5,9045.25,2415.41,0.3044,1
655,159018,49811,12,Employed,Rent,0.4086568581584196,0,13251.5,4332.98,0.7356,0
746,106089,44441,84,Employed,Mortgage,0.5241664984654506,3,8840.75,692.67,0.6025,0
683,156168,49297,36,Employed,Rent,0.5332129078551128,5,13014.0,1544.79,0.6519,0
752,105221,21833,36,Employed,Rent,0.2814564284644105,3,8768.42,684.17,0.3595,1
724,72760,26563,36,Employed,Mortgage,0.3820744392648624,1,6063.33,832.39,0.5194,1
310,112201,15483,36,Employed,Own,0.2167039441773135,1,9350.08,485.18,0.2686,0
407,60659,24542,12,Employed,Rent,0.2106941554965324,5,5054.92,2134.87,0.633,0
806,46501,5812,24,Self-employed,Rent,0.4744092200728729,0,3875.08,262.86,0.5422,0
695,41400,12961,36,Employed,Own,0.1155019840941747,0,3450.0,406.15,0.2332,0
315,104328,17486,12,Employed,Mortgage,0.3210465573938988,5,8694.0,1521.08,0.496,0
608,75016,47000,120,Unemployed,Own,0.440544880019343,0,6251.33,570.24,0.5318,0
653,157536,15327,120,Employed,Own,0.2131980317032098,0,13128.0,185.96,0.2274,1
624,177092,31733,36,Employed,Own,0.2153576717885452,0,14757.67,994.4,0.2827,0
589,152144,19997,84,Employed,Mortgage,0.0146818431361578,5,12678.67,311.68,0.0393,0
834,61308,38165,36,Employed,Mortgage,0.0978414116494125,0,5109.0,1195.95,0.3319,1
783,190133,32807,84,Employed,Mortgage,0.1827530444512385,0,15844.42,511.34,0.215,1
768,162453,25506,24,Self-employed,Own,0.0295589031105717,4,13537.75,1153.57,0.1148,1
478,127533,29969,36,Retired,Mortgage,0.262980714430691,2,10627.75,939.12,0.3513,0
574,26606,11204,60,Retired,Rent,0.5878219102299088,4,2217.17,227.18,0.6903,0
725,60534,10859,60,Employed,Own,0.141660416394585,5,5044.5,220.18,0.1853,1
453,58295,13112,12,Employed,Rent,0.1489027822289965,3,4857.92,1140.59,0.3837,0
653,133372,49260,60,Unemployed,Mortgage,0.1026766225629449,0,11114.33,998.82,0.1925,1
461,44216,24924,60,Self-employed,Rent,0.2786313784653145,1,3684.67,505.37,0.4158,0
420,65513,41104,36,Employed,Mortgage,0.3577080002665682,5,5459.42,1288.05,0.5936,0
593,199760,31988,84,Retired,Mortgage,0.1752507703158685,3,16646.67,498.57,0.2052,0
838,167363,12096,24,Unemployed,Mortgage,0.3580780556838338,0,13946.92,547.07,0.3973,1
646,188751,48187,84,Self-employed,Rent,0.2737780000720255,4,15729.25,751.05,0.3215,0
516,25876,1487,36,Employed,Rent,0.291717664204175,3,2156.33,46.6,0.3133,0
367,39552,40628,24,Unemployed,Rent,0.1431680709808563,3,3296.0,1837.49,0.7007,0
667,158505,18618,84,Unemployed,Mortgage,0.3499186081447729,4,13208.75,290.18,0.3719,1
761,147475,3852,60,Unemployed,Mortgage,0.1465162985495056,0,12289.58,78.1,0.1529,1
497,112534,12694,36,Self-employed,Mortgage,0.5195361039659924,1,9377.83,397.78,0.562,0
472,149782,35033,120,Employed,Mortgage,0.5988991464149707,5,12481.83,425.05,0.633,0
614,87616,4140,84,Retired,Rent,0.3346357874947709,3,7301.33,64.53,0.3435,0
456,22994,5192,36,Employed,Rent,0.3955014204994309,4,1916.17,162.7,0.4804,0
691,46263,12272,24,Employed,Own,0.562824827096844,5,3855.25,555.03,0.7068,0
582,175689,46708,36,Retired,Mortgage,0.4210483635620519,2,14640.75,1463.66,0.521,0
407,150647,12402,24,Employed,Mortgage,0.5445786269412053,2,12553.92,560.91,0.5893,0
737,166201,11682,24,Retired,Own,0.0745081704353749,1,13850.08,528.35,0.1127,1
453,87658,26771,120,Unemployed,Rent,0.1513171668967448,0,7304.83,324.81,0.1958,0
700,137968,36307,120,Self-employed,Rent,0.0884484886248446,4,11497.33,440.5,0.1268,1
356,49553,8560,120,Self-employed,Own,0.5189181215250585,5,4129.42,103.86,0.5441,0
518,58551,12399,84,Employed,Mortgage,0.5100777480347846,4,4879.25,193.25,0.5497,0
673,27045,36689,60,Employed,Own,0.185482586224797,1,2253.75,743.92,0.5156,0
420,137459,13821,36,Employed,Mortgage,0.0544878580968757,5,11454.92,433.1,0.0923,0
639,78593,30766,24,Employed,Rent,0.4212111472829798,4,6549.42,1391.46,0.6337,0
594,84650,26723,12,Employed,Own,0.419039345625779,1,7054.17,2324.59,0.7486,0
704,59183,2472,120,Employed,Rent,0.2956542675954671,0,4931.92,29.99,0.3017,1
351,173554,20749,60,Employed,Rent,0.1317322199938431,4,14462.83,420.71,0.1608,0
721,156039,48413,60,Self-employed,Rent,0.3867213716424624,0,13003.25,981.64,0.4622,1
647,135065,45861,36,Unemployed,Mortgage,0.1627992303716108,4,11255.42,1437.12,0.2905,0
600,92760,38452,120,Retired,Rent,0.2172503924438506,2,7730.0,466.53,0.2776,0
678,76320,30639,60,Self-employed,Own,0.3144529259213953,0,6360.0,621.25,0.4121,1
829,127797,6660,12,Employed,Own,0.5514054928576352,0,10649.75,579.34,0.6058,0
740,91164,41875,60,Retired,Mortgage,0.0197318617177182,3,7597.0,849.07,0.1315,1
309,116498,47879,120,Employed,Own,0.2008843793403999,5,9708.17,580.9,0.2607,0
691,76568,2420,84,Employed,Rent,0.3895676927499852,1,6380.67,37.72,0.3955,1
705,189412,37126,12,Employed,Rent,0.5949078448622576,2,15784.33,3229.53,0.7995,0
704,74660,4746,24,Self-employed,Rent,0.3592951006637355,4,6221.67,214.65,0.3938,1
522,155168,28605,120,Unemployed,Own,0.1303735261385543,4,12930.67,347.06,0.1572,0
825,164067,22344,120,Employed,Rent,0.504628082080574,4,13672.25,271.09,0.5245,1
382,59218,14513,12,Retired,Own,0.3316797622711488,1,4934.83,1262.46,0.5875,0
467,105302,5831,24,Retired,Rent,0.3383301812588068,5,8775.17,263.72,0.3684,0
616,48534,45351,12,Employed,Mortgage,0.5783834357570745,2,4044.5,3945.01,1.5538,0
734,144774,47711,60,Self-employed,Own,0.0323313929997583,5,12064.5,967.41,0.1125,1
506,80362,40950,60,Employed,Rent,0.5113759701568289,3,6696.83,830.32,0.6354,0
634,82831,27915,120,Employed,Own,0.2740388921653279,1,6902.58,338.69,0.3231,0
584,82221,11953,120,Employed,Rent,0.5748366643266158,2,6851.75,145.02,0.596,0
498,166595,9362,120,Self-employed,Rent,0.3322897025225371,0,13882.92,113.59,0.3405,0
337,114845,11087,120,Employed,Mortgage,0.1760331981610579,1,9570.42,134.52,0.1901,0
317,31679,37131,12,Employed,Rent,0.2846199380220054,4,2639.92,3229.97,1.5081,0
558,23809,29874,12,Employed,Own,0.0663838810545336,5,1984.08,2598.69,1.3762,0
353,198540,7068,84,Employed,Own,0.0012197052981107,4,16545.0,110.16,0.0079,0
443,41798,15467,84,Employed,Rent,0.1871932284384065,0,3483.17,241.07,0.2564,0
738,173559,29541,84,Employed,Rent,0.4471623765833492,3,14463.25,460.43,0.479,1
829,47621,13552,84,Self-employed,Own,0.3319338143570834,0,3968.42,211.22,0.3852,0
546,94456,12640,60,Employed,Mortgage,0.3358534581717138,2,7871.33,256.29,0.3684,0
693,114249,48359,36,Employed,Rent,0.1100772771660976,0,9520.75,1515.4,0.2692,1
705,159133,30453,12,Self-employed,Rent,0.3902873549357201,4,13261.08,2649.06,0.59,1
592,84806,11640,60,Employed,Own,0.3147422235202805,5,7067.17,236.02,0.3481,0
494,108115,16568,12,Employed,Rent,0.4042224971437215,2,9009.58,1441.22,0.5642,0
336,91500,47264,36,Employed,Rent,0.4722414792733881,5,7625.0,1481.08,0.6665,0
432,147364,40304,120,Employed,Rent,0.1680829880290744,0,12280.33,489.0,0.2079,0
409,189196,8435,24,Self-employed,Mortgage,0.4807176802817902,4,15766.33,381.49,0.5049,0
422,142783,6000,36,Employed,Rent,0.1238301283313664,3,11898.58,188.02,0.1396,0
783,162854,44130,12,Self-employed,Own,0.2624042397169279,4,13571.17,3838.8,0.5453,1
408,38441,15536,24,Employed,Mortgage,0.0122536674411377,3,3203.42,702.65,0.2316,0
423,40205,23658,84,Employed,Rent,0.2973472310207384,2,3350.42,368.74,0.4074,0
417,25675,9570,120,Self-employed,Own,0.1286581337079036,4,2139.58,116.11,0.1829,0
572,34290,47113,120,Employed,Mortgage,0.2126549248424911,3,2857.5,571.61,0.4127,0
620,149803,19612,36,Unemployed,Mortgage,0.2026834723512368,5,12483.58,614.57,0.2519,0
693,39811,29984,36,Employed,Own,0.2169824330495909,4,3317.58,939.59,0.5002,0
691,45782,48556,120,Retired,Mortgage,0.077864110451069,1,3815.17,589.12,0.2323,0
573,106608,38350,60,Employed,Mortgage,0.2725119866319274,5,8884.0,777.6,0.36,0
426,147642,22892,120,Unemployed,Rent,0.0086319074299028,0,12303.5,277.74,0.0312,0
465,154252,45073,120,Self-employed,Own,0.1869270822483727,0,12854.33,546.86,0.2295,0
655,108957,10244,24,Employed,Rent,0.5123271272177382,5,9079.75,463.31,0.5634,1
576,26784,43947,12,Employed,Rent,0.1536373205479148,2,2232.0,3822.88,1.8664,0
384,104322,19224,120,Unemployed,Own,0.4791706888171077,0,8693.5,233.24,0.506,0
375,84548,33193,24,Self-employed,Mortgage,0.1185274359479553,1,7045.67,1501.23,0.3316,0
325,39236,38857,60,Employed,Own,0.0274208599350893,1,3269.67,787.88,0.2684,0
495,29390,34087,36,Employed,Own,0.3349097271010741,2,2449.17,1068.16,0.771,0
544,165304,35806,120,Employed,Own,0.072599693670072,1,13775.33,434.43,0.1041,0
384,178778,40778,84,Employed,Rent,0.1480903681931526,0,14898.17,635.57,0.1908,0
811,88237,4594,84,Unemployed,Rent,0.2565412847606459,1,7353.08,71.6,0.2663,1
421,41598,5169,60,Employed,Rent,0.1298722143069656,3,3466.5,104.81,0.1601,0
593,192678,14481,12,Employed,Mortgage,0.5278986227272692,4,16056.5,1259.68,0.6064,0
761,30831,30721,36,Self-employed,Rent,0.4327296071351891,0,2569.25,962.68,0.8074,0
585,84343,30818,120,Employed,Own,0.5595760411856248,5,7028.58,373.91,0.6128,0
827,27758,47243,120,Employed,Rent,0.2308712088946911,5,2313.17,573.19,0.4787,0
796,98464,32809,120,Employed,Own,0.2244199023424612,2,8205.33,398.06,0.2729,1
767,155491,44643,12,Employed,Own,0.4429513556845885,1,12957.58,3883.42,0.7427,0
817,120850,1872,24,Employed,Rent,0.0721613280294244,2,10070.83,84.67,0.0806,1
717,103983,13088,36,Employed,Rent,0.2173300004860461,0,8665.25,410.13,0.2647,1
323,165821,30576,84,Employed,Rent,0.2756823510196228,2,13818.42,476.56,0.3102,0
442,175001,45248,12,Employed,Rent,0.1598483408973434,5,14583.42,3936.05,0.4297,0
317,188336,8621,60,Employed,Rent,0.2474016118716873,0,15694.67,174.8,0.2585,0
427,131395,10057,84,Employed,Mortgage,0.3615391319987434,1,10949.58,156.75,0.3759,0
716,103740,41372,60,Employed,Own,0.4164285841660501,0,8645.0,838.87,0.5135,1
760,146619,45391,60,Employed,Rent,0.4978636585988531,5,12218.25,920.37,0.5732,1
541,149971,25702,12,Employed,Rent,0.1745680300715827,5,12497.58,2235.78,0.3535,0
674,187376,43950,60,Retired,Rent,0.1877691503283869,3,15614.67,891.15,0.2448,1
452,108712,24266,24,Employed,Rent,0.3729047070614535,2,9059.33,1097.49,0.494,0
717,172219,28010,36,Employed,Mortgage,0.1437645065045246,5,14351.58,877.73,0.2049,1
389,159381,33089,60,Employed,Own,0.1660911976275063,0,13281.75,670.93,0.2166,0
807,57644,23964,60,Retired,Rent,0.5130965363614242,3,4803.67,485.9,0.6142,0
440,109215,16511,12,Employed,Mortgage,0.0438172218148658,2,9101.25,1436.27,0.2016,0
680,88838,4326,24,Employed,Mortgage,0.3903728941808632,1,7403.17,195.65,0.4168,1
847,132170,3538,84,Employed,Own,0.0332046543117066,4,11014.17,55.14,0.0382,1
459,139339,38094,12,Employed,Own,0.0186253195837616,5,11611.58,3313.74,0.304,0
781,156514,15536,36,Employed,Rent,0.5160889917675637,3,13042.83,486.84,0.5534,1
402,171934,9251,24,Employed,Own,0.1147297264641236,5,14327.83,418.4,0.1439,0
529,65536,25106,36,Employed,Mortgage,0.4118331177388329,2,5461.33,786.73,0.5559,0
453,146308,4765,84,Self-employed,Own,0.5285264992071084,5,12192.33,74.27,0.5346,0
492,196242,7977,84,Employed,Own,0.2986098687674337,3,16353.5,124.33,0.3062,0
517,46720,18710,60,Self-employed,Rent,0.0363489746571755,5,3893.33,379.37,0.1338,0
450,54691,3579,120,Unemployed,Own,0.0464633920397899,4,4557.58,43.42,0.056,0
628,67470,26084,60,Employed,Mortgage,0.5119548681978994,0,5622.5,528.89,0.606,0
514,198949,46879,24,Employed,Rent,0.1178756084555313,2,16579.08,2120.21,0.2458,0
679,44585,26606,36,Retired,Mortgage,0.1248991134630325,3,3715.42,833.74,0.3493,0
622,173909,31944,120,Employed,Mortgage,0.3775692980281991,1,14492.42,387.57,0.4043,0
558,95608,36584,24,Self-employed,Mortgage,0.2857897595655733,2,7967.33,1654.6,0.4935,0
842,23235,6595,84,Unemployed,Mortgage,0.2529661388255041,4,1936.25,102.79,0.3061,0
488,31449,26044,36,Employed,Mortgage,0.2666687743884143,1,2620.75,816.12,0.5781,0
576,120515,20681,24,Employed,Own,0.1682671642694023,5,10042.92,935.35,0.2614,0
670,165134,17479,120,Employed,Mortgage,0.5685985777474039,4,13761.17,212.07,0.584,1
500,161925,14234,60,Self-employed,Rent,0.5134671997968676,3,13493.75,288.61,0.5349,0
474,25220,49380,12,Self-employed,Own,0.485605585916525,3,2101.67,4295.49,2.5295,0
568,102928,4359,12,Employed,Mortgage,0.5619770566912492,2,8577.33,379.18,0.6062,0
588,126234,41216,84,Employed,Own,0.0744353550218976,1,10519.5,642.4,0.1355,0
801,122921,35273,60,Self-employed,Rent,0.1068875013663194,1,10243.42,715.21,0.1767,1
719,86406,33003,24,Retired,Mortgage,0.5191672900553282,0,7200.5,1492.64,0.7265,0
441,124218,25472,84,Employed,Mortgage,0.2260959634694958,0,10351.5,397.01,0.2644,0
505,77845,15733,12,Retired,Own,0.0678576469924856,2,6487.08,1368.59,0.2788,0
528,189619,32587,24,Self-employed,Own,0.2330072017002095,2,15801.58,1473.82,0.3263,0
499,28076,4607,60,Employed,Mortgage,0.243790100559776,0,2339.67,93.41,0.2837,0
603,144203,6465,12,Self-employed,Rent,0.4498723480597574,5,12016.92,562.38,0.4967,0
795,147210,8556,12,Employed,Rent,0.1700074928366797,1,12267.5,744.27,0.2307,1
313,134187,25374,24,Employed,Rent,0.21333190096945,0,11182.25,1147.6,0.316,0
468,127309,21420,36,Self-employed,Rent,0.2133612772681382,3,10609.08,671.22,0.2766,0
402,54277,17390,36,Self-employed,Rent,0.4467139411013968,0,4523.08,544.94,0.5672,0
811,67044,12001,24,Employed,Mortgage,0.3126058263352281,1,5587.0,542.77,0.4098,1
797,38462,10257,120,Employed,Rent,0.2716312592104634,3,3205.17,124.45,0.3105,0
761,120135,42721,60,Self-employed,Rent,0.5652621258628061,1,10011.25,866.23,0.6518,0
734,43156,37343,36,Retired,Rent,0.2482323641240036,3,3596.33,1170.19,0.5736,0
455,90247,17729,12,Employed,Mortgage,0.583537717968228,1,7520.58,1542.22,0.7886,0
382,89974,27576,36,Employed,Rent,0.4037310325699945,4,7497.83,864.13,0.519,0
728,133049,16743,84,Self-employed,Rent,0.2002492375728725,0,11087.42,260.96,0.2238,1
577,137504,33496,120,Retired,Own,0.320194043001519,4,11458.67,406.4,0.3557,0
360,21152,35899,12,Employed,Own,0.5602249007450477,1,1762.67,3122.8,2.3319,0
849,145558,12216,12,Employed,Mortgage,0.575798609324465,4,12129.83,1062.65,0.6634,0
539,69895,33178,36,Self-employed,Mortgage,0.0617549368725617,1,5824.58,1039.68,0.2403,0
451,175364,48890,120,Unemployed,Mortgage,0.0754253282049335,5,14613.67,593.17,0.116,0
709,167968,32774,24,Employed,Own,0.5117793345548629,1,13997.33,1482.28,0.6177,0
342,83315,38603,120,Employed,Own,0.4283176750689677,5,6942.92,468.36,0.4958,0
349,170090,23973,120,Employed,Rent,0.0089223771377864,3,14174.17,290.86,0.0294,0
408,131731,25419,36,Employed,Own,0.1522341894085991,3,10977.58,796.54,0.2248,0
411,177175,46416,60,Employed,Rent,0.3495134386206522,1,14764.58,941.15,0.4133,0
802,30567,46664,36,Employed,Mortgage,0.4513499436758654,3,2547.25,1462.28,1.0254,0
764,87602,40018,36,Self-employed,Own,0.4011665317868909,5,7300.17,1254.02,0.5729,1
717,125517,45919,60,Employed,Rent,0.5585576724841971,2,10459.75,931.07,0.6476,0
573,74063,2202,84,Employed,Mortgage,0.5783128112232491,5,6171.92,34.32,0.5839,0
769,186778,21072,12,Self-employed,Own,0.4298811732509367,4,15564.83,1833.02,0.5476,1
636,34864,11711,24,Self-employed,Mortgage,0.3352942284656892,1,2905.33,529.66,0.5176,0
560,126039,13230,24,Employed,Mortgage,0.5478660660912701,3,10503.25,598.36,0.6048,0
550,199283,4552,120,Employed,Rent,0.1083938825623009,2,16606.92,55.23,0.1117,0
332,165271,49017,12,Employed,Mortgage,0.2222637517387169,4,13772.58,4263.91,0.5319,0
487,20670,39996,84,Unemployed,Mortgage,0.1693659912134849,3,1722.5,623.39,0.5313,0
477,92532,21468,12,Employed,Mortgage,0.1731769155823245,5,7711.0,1867.47,0.4154,0
375,173926,49645,120,Employed,Rent,0.3101135400054663,4,14493.83,602.33,0.3517,0
556,191992,17328,120,Employed,Own,0.3224649691788143,1,15999.33,210.24,0.3356,0
314,173681,48983,120,Self-employed,Own,0.1573068490727528,1,14473.42,594.3,0.1984,0
509,147980,13939,24,Employed,Rent,0.4411230527934327,3,12331.67,630.42,0.4922,0
573,92704,14783,120,Employed,Rent,0.5965840116954676,3,7725.33,179.36,0.6198,0
657,106266,22215,60,Retired,Rent,0.1206807249210385,4,8855.5,450.44,0.1715,1
731,71219,17274,120,Retired,Rent,0.3098642590003794,1,5934.92,209.58,0.3452,1
303,86896,19980,120,Employed,Own,0.1796941160779706,1,7241.33,242.41,0.2132,0
726,105015,16794,84,Employed,Own,0.0725441527425138,4,8751.25,261.75,0.1025,1
471,139115,2918,120,Employed,Own,0.2137169700100782,2,11592.92,35.4,0.2168,0
599,41144,1440,120,Retired,Rent,0.2914086729992507,4,3428.67,17.47,0.2965,0
723,54640,48050,120,Employed,Rent,0.4873626173980786,5,4553.33,582.98,0.6154,0
581,159124,41154,12,Retired,Rent,0.0822731113255164,1,13260.33,3579.92,0.3522,0
699,116509,29415,12,Employed,Mortgage,0.3563475841872586,5,9709.08,2558.76,0.6199,0
562,191655,33853,84,Retired,Mortgage,0.3663276513397629,4,15971.25,527.64,0.3994,0
615,83747,39662,12,Employed,Mortgage,0.0944391766092558,4,6978.92,3450.14,0.5888,0
719,197420,23592,36,Employed,Own,0.1922881568779051,2,16451.67,739.29,0.2372,1
779,92037,32358,24,Employed,Own,0.0545909321425314,2,7669.75,1463.46,0.2454,1
838,176651,6530,120,Employed,Mortgage,0.1691465700742154,1,14720.92,79.23,0.1745,1
665,167216,18482,24,Employed,Own,0.3232575357787427,5,13934.67,835.89,0.3832,1
567,117541,17109,84,Employed,Rent,0.4154653036952691,2,9795.08,266.66,0.4427,0
778,27145,24507,36,Employed,Mortgage,0.3595528608479402,4,2262.08,767.96,0.699,0
452,154332,18035,84,Employed,Mortgage,0.4225974424732133,5,12861.0,281.1,0.4445,0
703,141950,46114,12,Employed,Mortgage,0.4485923928828051,5,11829.17,4011.38,0.7877,0
700,91726,24148,120,Employed,Mortgage,0.3856648809250623,0,7643.83,292.98,0.424,1
750,76482,6393,36,Employed,Rent,0.1536467535073446,4,6373.5,200.33,0.1851,1
847,176384,40584,84,Retired,Mortgage,0.0586651778812281,4,14698.67,632.55,0.1017,1
527,127088,6065,36,Employed,Mortgage,0.1075253024649266,4,10590.67,190.06,0.1255,0
441,186547,29248,60,Self-employed,Mortgage,0.2349130453259483,0,15545.58,593.04,0.2731,0
431,27369,5071,12,Employed,Own,0.513785519519769,4,2280.75,441.12,0.7072,0
601,56854,13132,120,Employed,Own,0.2348506515858864,3,4737.83,159.33,0.2685,0
701,53795,38225,36,Employed,Mortgage,0.3094881443621997,3,4482.92,1197.83,0.5767,1
548,159101,33234,36,Employed,Rent,0.1688069917501412,5,13258.42,1041.43,0.2474,0
394,45461,4064,24,Employed,Rent,0.3584143867758721,2,3788.42,183.8,0.4069,0
630,50351,43837,12,Retired,Mortgage,0.1859508207065053,4,4195.92,3813.31,1.0948,0
581,133915,29592,60,Self-employed,Own,0.3398132810912837,3,11159.58,600.02,0.3936,0
648,91506,21540,84,Retired,Own,0.3982587538178826,1,7625.5,335.73,0.4423,0
531,124707,39294,36,Retired,Mortgage,0.0431029898462258,4,10392.25,1231.33,0.1616,0
618,140386,24828,60,Employed,Rent,0.3336256593679404,4,11698.83,503.42,0.3767,0
657,52994,37821,36,Unemployed,Rent,0.370942191950846,1,4416.17,1185.17,0.6393,0
377,104178,47069,12,Self-employed,Mortgage,0.3280183729943751,5,8681.5,4094.46,0.7996,0
504,75247,31332,60,Retired,Mortgage,0.3907717277503139,4,6270.58,635.3,0.4921,0
496,126553,5860,60,Employed,Own,0.0672821609109419,2,10546.08,118.82,0.0785,0
369,72373,6030,36,Self-employed,Own,0.2849673586487201,5,6031.08,188.96,0.3163,0
771,118737,41067,120,Employed,Rent,0.0010400761996095,0,9894.75,498.26,0.0514,1
314,197472,30131,84,Employed,Mortgage,0.0318462334894912,1,16456.0,469.63,0.0604,0
781,46035,29409,120,Self-employed,Rent,0.57141291683861,2,3836.25,356.81,0.6644,0
563,137771,26270,84,Employed,Own,0.4352797849960756,1,11480.92,409.45,0.4709,0
533,176749,33659,24,Employed,Rent,0.2588113195369262,0,14729.08,1522.31,0.3622,0
763,64165,48892,12,Employed,Own,0.4586267005200397,1,5347.08,4253.04,1.254,0
772,96236,21012,120,Self-employed,Rent,0.288396632156534,4,8019.67,254.93,0.3202,1
630,26143,33522,120,Employed,Own,0.2846719026996755,5,2178.58,406.71,0.4714,0
811,190853,6145,120,Unemployed,Rent,0.4939065879251174,5,15904.42,74.56,0.4986,1
739,93402,12563,84,Employed,Mortgage,0.4244674775759703,5,7783.5,195.81,0.4496,1
709,133511,5280,36,Unemployed,Own,0.0932496610512858,4,11125.92,165.46,0.1081,1
845,20595,41172,60,Self-employed,Mortgage,0.1720466674609789,4,1716.25,834.82,0.6585,0
454,137270,21291,36,Employed,Rent,0.3859156096453068,2,11439.17,667.18,0.4442,0
496,186181,39278,12,Employed,Mortgage,0.1581038193109031,5,15515.08,3416.73,0.3783,0
735,95561,21716,24,Employed,Own,0.4935074287868125,3,7963.42,982.16,0.6168,0
337,123649,1429,120,Self-employed,Rent,0.5619822347107639,2,10304.08,17.34,0.5637,0
780,103142,11191,12,Employed,Rent,0.2427057136652541,4,8595.17,973.49,0.356,1
418,119983,20666,24,Retired,Rent,0.0272317195105316,0,9998.58,934.67,0.1207,0
643,128906,41630,60,Self-employed,Own,0.3706883000674114,3,10742.17,844.11,0.4493,0
683,123375,46547,84,Employed,Rent,0.5448704064712288,4,10281.25,725.49,0.6154,0
663,38958,15827,60,Self-employed,Mortgage,0.2538956356186002,4,3246.5,320.91,0.3527,0
759,146064,46088,120,Retired,Rent,0.3779779533751629,4,12172.0,559.17,0.4239,1
583,170776,11902,60,Employed,Mortgage,0.2007409394862531,2,14231.33,241.33,0.2177,0
729,39821,24985,60,Self-employed,Mortgage,0.0008307643640956,3,3318.42,506.61,0.1535,0
677,97854,21716,36,Employed,Rent,0.2158097056628985,2,8154.5,680.5,0.2993,1
587,81975,4585,36,Employed,Rent,0.1282067202362533,1,6831.25,143.68,0.1492,0
483,157816,38558,120,Employed,Mortgage,0.0295996996122306,3,13151.33,467.81,0.0652,0
770,22348,1039,60,Employed,Rent,0.4757489745416138,0,1862.33,21.07,0.4871,0
614,126010,30340,12,Employed,Mortgage,0.5052273168942772,2,10500.83,2639.23,0.7566,0
331,49462,16924,36,Employed,Rent,0.2744783521521839,4,4121.83,530.34,0.4031,0
662,152906,35964,60,Self-employed,Rent,0.5141886580909656,1,12742.17,729.22,0.5714,1
550,87249,21067,120,Employed,Rent,0.3748252043212039,5,7270.75,255.6,0.41,0
636,95805,39588,24,Employed,Rent,0.0346998064573008,1,7983.75,1790.46,0.259,0
803,46458,12368,36,Self-employed,Rent,0.4193320027711503,5,3871.5,387.57,0.5194,0
595,84362,43592,36,Retired,Rent,0.231620728547432,2,7030.17,1366.01,0.4259,0
508,20565,22941,84,Self-employed,Own,0.2474445342347403,2,1713.75,357.56,0.4561,0
402,58652,35646,24,Employed,Own,0.064331130446825,3,4887.67,1612.17,0.3942,0
838,176072,4592,36,Employed,Own,0.1490177335987071,5,14672.67,143.9,0.1588,1
404,77809,14042,12,Employed,Own,0.2891873589885186,3,6484.08,1221.49,0.4776,0
816,55093,46461,120,Employed,Mortgage,0.4954036034553121,4,4591.08,563.7,0.6182,0
302,127983,41435,24,Self-employed,Rent,0.4479566226588113,0,10665.25,1873.99,0.6237,0
713,65247,28884,120,Employed,Mortgage,0.5686180709217935,1,5437.25,350.44,0.6331,0
324,38994,42562,84,Employed,Own,0.1039922999516687,1,3249.5,663.38,0.3081,0
586,182063,42115,120,Employed,Rent,0.2342973484615329,0,15171.92,510.97,0.268,0
431,46474,33848,12,Self-employed,Rent,0.3238680734472872,5,3872.83,2944.38,1.0841,0
796,84780,4942,120,Unemployed,Rent,0.0859712976225222,1,7065.0,59.96,0.0945,1
523,135754,38604,12,Employed,Rent,0.3484695800080631,4,11312.83,3358.1,0.6453,0
478,52003,45437,60,Employed,Own,0.1890286190081265,3,4333.58,921.3,0.4016,0
683,51266,4333,120,Employed,Rent,0.266992077854678,0,4272.17,52.57,0.2793,1
528,153674,1426,24,Employed,Own,0.1800667507934725,2,12806.17,64.49,0.1851,0
808,179602,49991,60,Employed,Mortgage,0.3353843355553517,5,14966.83,1013.64,0.4031,1
501,138670,24596,120,Employed,Mortgage,0.0562807250543765,4,11555.83,298.42,0.0821,0
725,109119,40649,84,Retired,Rent,0.2130653312266739,3,9093.25,633.56,0.2827,1
805,183432,35149,60,Employed,Rent,0.0128320291491705,3,15286.0,712.69,0.0595,1
705,198374,11876,24,Employed,Rent,0.0445520500209121,5,16531.17,537.12,0.077,1
809,175931,19237,36,Retired,Mortgage,0.2914817787519385,4,14660.92,602.82,0.3326,1
393,127025,25797,84,Employed,Mortgage,0.0627272240709332,5,10585.42,402.08,0.1007,0
506,156082,42248,84,Employed,Own,0.4947908632348713,1,13006.83,658.49,0.5454,0
469,70021,30674,36,Employed,Mortgage,0.3530807962922762,3,5835.08,961.21,0.5178,0
324,84964,43791,12,Employed,Rent,0.2805960618558554,3,7080.33,3809.31,0.8186,0
789,117209,38796,36,Employed,Rent,0.3477860884754461,0,9767.42,1215.73,0.4723,1
318,127241,49208,36,Self-employed,Mortgage,0.053619916103057,3,10603.42,1542.0,0.199,0
403,159020,40446,24,Employed,Mortgage,0.4083974162288553,0,13251.67,1829.26,0.5464,0
644,33683,18235,120,Employed,Rent,0.5396852579438949,4,2806.92,221.24,0.6185,0
490,28219,15569,36,Employed,Own,0.1120437129443006,0,2351.58,487.88,0.3195,0
788,124014,27017,24,Retired,Rent,0.3422362172553365,0,10334.5,1221.91,0.4605,1
404,170407,29970,84,Employed,Rent,0.0437290513104003,3,14200.58,467.12,0.0766,0
701,89416,8089,120,Unemployed,Rent,0.1484608388157235,3,7451.33,98.14,0.1616,1
700,25961,7931,120,Retired,Own,0.199225026194388,1,2163.42,96.22,0.2437,0
620,42858,31928,60,Employed,Mortgage,0.2713122129180899,0,3571.5,647.38,0.4526,0
434,162526,10983,60,Employed,Own,0.5435314236071651,1,13543.83,222.7,0.56,0
436,87031,32244,84,Employed,Rent,0.224409467418369,2,7252.58,502.56,0.2937,0
449,124231,5931,84,Employed,Mortgage,0.1053297530302791,0,10352.58,92.44,0.1143,0
593,57387,46152,36,Self-employed,Own,0.1228227137398278,4,4782.25,1446.24,0.4252,0
517,63233,43621,36,Employed,Own,0.2331464994090064,0,5269.42,1366.92,0.4926,0
377,59149,6917,120,Retired,Rent,0.5963117970391628,5,4929.08,83.92,0.6133,0
407,171354,45851,120,Employed,Rent,0.2252581838583682,5,14279.5,556.3,0.2642,0
634,158772,37838,60,Employed,Own,0.1850189337029734,0,13231.0,767.22,0.243,0
606,156492,21937,24,Employed,Own,0.2542647328910435,2,13041.0,992.15,0.3303,0
808,190024,48418,24,Unemployed,Mortgage,0.2226624818227028,4,15835.33,2189.81,0.3609,1
597,82478,36809,24,Retired,Mortgage,0.1359137787893352,3,6873.17,1664.77,0.3781,0
848,23904,13358,36,Employed,Own,0.0071205893180193,3,1992.0,418.59,0.2173,0
686,99953,44121,60,Employed,Own,0.0834819625026171,2,8329.42,894.61,0.1909,1
606,180376,32623,120,Self-employed,Own,0.4095955018750591,1,15031.33,395.81,0.4359,0
454,86422,27116,36,Retired,Own,0.2384558590386981,5,7201.83,849.72,0.3564,0
738,36388,25063,36,Unemployed,Rent,0.5102631685695102,2,3032.33,785.38,0.7693,0
413,44011,16698,36,Unemployed,Mortgage,0.2354241046437388,0,3667.58,523.25,0.3781,0
569,79144,42492,60,Employed,Own,0.2820924772264493,3,6595.33,861.58,0.4127,0
363,150359,4018,120,Employed,Own,0.440665686483401,1,12529.92,48.75,0.4446,0
407,196449,1268,36,Employed,Mortgage,0.2219079110250434,4,16370.75,39.73,0.2243,0
720,178699,24069,120,Unemployed,Mortgage,0.251465141588757,4,14891.58,292.02,0.2711,1
639,197574,32805,12,Employed,Rent,0.4689856841430365,2,16464.5,2853.66,0.6423,0
306,188222,24826,84,Unemployed,Mortgage,0.1537241164485076,0,15685.17,386.94,0.1784,0
744,197404,29855,36,Self-employed,Mortgage,0.4346865767849361,4,16450.33,935.55,0.4916,1
728,105891,4925,24,Employed,Mortgage,0.1197394273800965,3,8824.25,222.74,0.145,1
683,82660,1533,60,Employed,Mortgage,0.1284164134086512,3,6888.33,31.08,0.1329,1
529,105580,29518,60,Unemployed,Own,0.5376722554236848,0,8798.33,598.52,0.6057,0
665,72027,11341,24,Unemployed,Own,0.4677972715756731,5,6002.25,512.92,0.5533,1
320,67485,1364,24,Employed,Own,0.5194989234542656,2,5623.75,61.69,0.5305,0
844,187586,18966,36,Unemployed,Own,0.2261994523557182,3,15632.17,594.33,0.2642,1
678,29912,10240,84,Self-employed,Mortgage,0.3023393711845795,5,2492.67,159.6,0.3664,0
724,145637,21673,60,Employed,Own,0.4788158340006476,5,12136.42,439.45,0.515,1
669,62106,48046,84,Employed,Mortgage,0.5144048634773544,3,5175.5,748.86,0.6591,0
803,35524,43079,84,Employed,Rent,0.0795057274348135,1,2960.33,671.44,0.3063,0
749,88890,1368,36,Employed,Rent,0.47303841088774,1,7407.5,42.87,0.4788,1
770,56258,49739,60,Employed,Own,0.1722608760202801,1,4688.17,1008.53,0.3874,1
544,81781,12106,24,Retired,Own,0.4999067438680459,3,6815.08,547.52,0.5802,0
630,67017,7204,12,Employed,Mortgage,0.4839808065615968,4,5584.75,626.66,0.5962,0
783,153515,39372,24,Self-employed,Mortgage,0.5880333960027074,0,12792.92,1780.69,0.7272,0
675,35095,36712,12,Employed,Own,0.0977260596601569,0,2924.58,3193.52,1.1897,0
333,194049,27243,36,Self-employed,Own,0.1113080320170869,0,16170.75,853.7,0.1641,0
788,27578,10309,36,Employed,Mortgage,0.205733618230519,3,2298.17,323.05,0.3463,0
626,129762,21979,36,Employed,Rent,0.2300719942051415,2,10813.5,688.74,0.2938,0
563,179902,48566,120,Self-employed,Own,0.1054267948398727,1,14991.83,589.24,0.1447,0
814,20316,48719,120,Employed,Own,0.1271277834204756,0,1693.0,591.1,0.4763,0
769,103695,40387,84,Self-employed,Mortgage,0.0031167508389641,0,8641.25,629.48,0.076,1
464,132902,14184,36,Employed,Own,0.4225460513781287,4,11075.17,444.48,0.4627,0
575,170487,39263,12,Employed,Rent,0.1748003249851054,4,14207.25,3415.43,0.4152,0
475,83476,26473,84,Employed,Mortgage,0.387022419662174,4,6956.33,412.61,0.4463,0
377,75481,14726,36,Retired,Rent,0.3015088371343495,5,6290.08,461.46,0.3749,0
520,56024,9707,60,Employed,Rent,0.449866793192741,1,4668.67,196.82,0.492,0
735,167584,32065,60,Employed,Mortgage,0.2932821376368628,2,13965.33,650.16,0.3398,1
411,158093,26001,60,Unemployed,Mortgage,0.455729762363861,5,13174.42,527.21,0.4957,0
752,55808,12381,24,Employed,Own,0.2809273576612415,1,4650.67,559.96,0.4013,1
428,149576,25029,120,Self-employed,Rent,0.1285164574681178,0,12464.67,303.67,0.1529,0
600,107144,6442,84,Employed,Mortgage,0.1935176882042256,2,8928.67,100.41,0.2048,0
376,99075,35372,84,Employed,Mortgage,0.0407796460741905,4,8256.25,551.32,0.1076,0
517,45653,40310,120,Employed,Rent,0.5633226911794884,3,3804.42,489.07,0.6919,0
621,121845,2748,84,Employed,Mortgage,0.4612549278516792,3,10153.75,42.83,0.4655,0
834,149358,32629,12,Employed,Mortgage,0.3504440826287964,5,12446.5,2838.35,0.5785,1
549,99170,30135,36,Employed,Mortgage,0.038996286382761,0,8264.17,944.32,0.1533,0
367,184158,3305,120,Unemployed,Rent,0.0983180756248212,0,15346.5,40.1,0.1009,0
820,161923,17239,120,Unemployed,Rent,0.3543293990384256,0,13493.58,209.16,0.3698,1
624,145853,47658,24,Self-employed,Rent,0.3766510035829475,1,12154.42,2155.44,0.554,0
767,57619,2426,36,Self-employed,Mortgage,0.4855070929355189,4,4801.58,76.02,0.5013,1
572,138225,41974,120,Employed,Rent,0.4476915817855065,3,11518.75,509.26,0.4919,0
461,78003,31731,60,Employed,Mortgage,0.4854735195697666,5,6500.25,643.39,0.5845,0
787,162641,6166,36,Self-employed,Rent,0.3342444952929119,3,13553.42,193.22,0.3485,1
440,56451,16094,120,Employed,Own,0.257471884783293,0,4704.25,195.26,0.299,0
776,51659,24155,84,Employed,Own,0.1719746174668624,2,4304.92,376.49,0.2594,1
343,142352,17484,84,Self-employed,Rent,0.0381792588567611,1,11862.67,272.51,0.0612,0
507,178523,15164,84,Unemployed,Own,0.4122060834557347,1,14876.92,236.35,0.4281,0
595,185440,39718,84,Employed,Mortgage,0.2179496090368625,4,15453.33,619.05,0.258,0
776,73804,3109,60,Employed,Rent,0.2992411890702454,0,6150.33,63.04,0.3095,1
410,165625,27352,60,Employed,Rent,0.2794806277982665,5,13802.08,554.6,0.3197,0
363,180038,40814,12,Unemployed,Own,0.0946255072033504,3,15003.17,3550.35,0.3313,0
699,82810,8422,36,Employed,Rent,0.1417137044530179,0,6900.83,263.91,0.18,1
688,185703,14355,84,Employed,Rent,0.3672284244476184,3,15475.25,223.74,0.3817,1
672,45383,2560,12,Employed,Own,0.5775847659285489,0,3781.92,222.69,0.6365,0
325,96645,27378,24,Self-employed,Rent,0.5253766358357045,4,8053.75,1238.23,0.6791,0
687,151317,30182,60,Employed,Mortgage,0.2768231955547064,3,12609.75,611.98,0.3254,1
351,176069,4449,120,Self-employed,Own,0.1798339296543737,5,14672.42,53.98,0.1835,0
547,33669,45341,84,Employed,Rent,0.5216736711547685,3,2805.75,706.69,0.7735,0
786,60650,45153,12,Unemployed,Mortgage,0.5168416674583179,5,5054.17,3927.79,1.294,0
410,136342,23769,84,Self-employed,Mortgage,0.1452972809350647,3,11361.83,370.47,0.1779,0
816,112845,29833,84,Employed,Own,0.3126032622132811,2,9403.75,464.98,0.362,1
700,177913,39873,120,Employed,Rent,0.4007458003188647,2,14826.08,483.77,0.4334,1
833,23241,31222,24,Employed,Rent,0.2214015546357882,5,1936.75,1412.09,0.9505,0
819,110206,39561,84,Retired,Own,0.1996766660330864,0,9183.83,616.61,0.2668,1
791,111806,6520,12,Self-employed,Rent,0.3292471755036778,2,9317.17,567.16,0.3901,1
356,30228,30735,36,Employed,Own,0.5135805449296702,0,2519.0,963.12,0.8959,0
441,155672,47702,36,Employed,Own,0.2125235804096331,1,12972.67,1494.81,0.3278,0
705,85249,24346,120,Employed,Rent,0.1621362176901943,4,7104.08,295.38,0.2037,1
370,138569,13796,36,Employed,Rent,0.4522462589442022,2,11547.42,432.32,0.4897,0
723,98448,6887,120,Employed,Mortgage,0.1495697736014026,0,8204.0,83.56,0.1598,1
688,146256,10785,84,Employed,Rent,0.0159258979717652,2,12188.0,168.1,0.0297,1
593,136437,15301,60,Employed,Mortgage,0.2171811846773025,3,11369.75,310.25,0.2445,0
818,68997,31376,24,Employed,Rent,0.3107299190446654,3,5749.75,1419.05,0.5575,1
584,23994,23778,12,Unemployed,Own,0.2473263089029884,5,1999.5,2068.41,1.2818,0
824,173009,6991,120,Self-employed,Rent,0.2861219216982103,4,14417.42,84.82,0.292,1
593,186018,42637,36,Self-employed,Rent,0.117077297337764,2,15501.5,1336.09,0.2033,0
543,99915,6693,24,Employed,Own,0.3493869850843323,0,8326.25,302.71,0.3857,0
525,52618,32879,36,Employed,Rent,0.5871126236216758,4,4384.83,1030.31,0.8221,0
760,98255,41400,60,Self-employed,Own,0.4246558695717493,4,8187.92,839.44,0.5272,1
793,197909,7147,84,Employed,Rent,0.5045818418303455,2,16492.42,111.39,0.5113,1
815,145255,2291,12,Employed,Own,0.2102200814577842,1,12104.58,199.29,0.2267,1
843,110774,45877,24,Employed,Own,0.4643609181185721,5,9231.17,2074.89,0.6891,0
612,104190,49933,120,Employed,Rent,0.4907322714758447,1,8682.5,605.83,0.5605,0
397,68139,35166,120,Unemployed,Own,0.1373199722790858,0,5678.25,426.66,0.2125,0
531,73695,49399,36,Employed,Mortgage,0.30738708110303,3,6141.25,1547.99,0.5595,0
748,162085,3185,36,Self-employed,Rent,0.4318521432774279,5,13507.08,99.81,0.4392,1
364,134753,28401,84,Employed,Rent,0.3228337110898381,5,11229.42,442.66,0.3623,0
551,55287,32555,12,Retired,Mortgage,0.0084103802422305,2,4607.25,2831.91,0.6231,0
715,40932,9221,36,Employed,Mortgage,0.2665857201158085,1,3411.0,288.95,0.3513,0
441,97536,20280,12,Employed,Rent,0.585195628978915,3,8128.0,1764.13,0.8022,0
317,116851,16100,12,Employed,Mortgage,0.4264086346199158,2,9737.58,1400.51,0.5702,0
354,96926,23718,120,Employed,Rent,0.4614448445485744,0,8077.17,287.76,0.4971,0
564,119711,33833,12,Employed,Mortgage,0.0743657020384302,4,9975.92,2943.08,0.3694,0
641,42649,26965,36,Self-employed,Rent,0.0580737373926187,5,3554.08,844.99,0.2958,0
454,137483,12840,120,Retired,Rent,0.2543122297929268,5,11456.92,155.78,0.2679,0
768,180628,22205,12,Employed,Mortgage,0.183512806402949,5,15052.33,1931.58,0.3118,1
303,192658,47513,84,Unemployed,Rent,0.1127786358348977,0,16054.83,740.55,0.1589,0
567,69869,49436,24,Employed,Rent,0.260688983482188,1,5822.42,2235.86,0.6447,0
819,154072,28676,84,Retired,Rent,0.3286543149314462,5,12839.33,446.95,0.3635,1
576,188081,12360,84,Employed,Mortgage,0.5039268420087812,3,15673.42,192.65,0.5162,0
438,196747,21336,36,Retired,Rent,0.370998917354887,2,16395.58,668.59,0.4118,0
342,108169,35322,60,Retired,Rent,0.0147076010915029,1,9014.08,716.2,0.0942,0
313,115302,33246,36,Unemployed,Mortgage,0.4208514300786644,1,9608.5,1041.81,0.5293,0
549,21466,31445,60,Self-employed,Own,0.1520930052324216,2,1788.83,637.59,0.5085,0
348,77911,45472,84,Employed,Mortgage,0.1234878417005173,0,6492.58,708.74,0.2326,0
594,95824,14691,60,Employed,Rent,0.3896089806374473,5,7985.33,297.88,0.4269,0
470,190877,28661,12,Employed,Own,0.210431404530822,2,15906.42,2493.18,0.3672,0
556,25478,14888,24,Unemployed,Rent,0.2177526112168673,3,2123.17,673.34,0.5349,0
556,96005,35900,12,Self-employed,Own,0.4677286182375132,1,8000.42,3122.88,0.8581,0
371,171134,21089,120,Self-employed,Rent,0.0921411801712964,1,14261.17,255.87,0.1101,0
601,87167,45549,84,Employed,Own,0.261659790022729,4,7263.92,709.94,0.3594,0
433,76730,9054,24,Employed,Mortgage,0.1788187870725215,4,6394.17,409.49,0.2429,0
408,154330,7119,120,Employed,Rent,0.0565060289550238,5,12860.83,86.37,0.0632,0
778,108900,5038,24,Employed,Rent,0.0771833025030577,2,9075.0,227.86,0.1023,1
732,73403,16298,120,Retired,Mortgage,0.2801210219261156,1,6116.92,197.74,0.3124,1
638,88097,12904,36,Employed,Own,0.4172956734816731,3,7341.42,404.36,0.4724,0
570,122016,3106,120,Employed,Own,0.0001940348715434,2,10168.0,37.68,0.0039,0
837,76901,32769,60,Self-employed,Own,0.3422164495001871,1,6408.42,664.44,0.4459,1
712,140081,31664,12,Unemployed,Own,0.5205505898180274,2,11673.42,2754.4,0.7565,0
473,23218,49801,24,Self-employed,Mortgage,0.1770670445798402,1,1934.83,2252.36,1.3412,0
768,150097,37741,60,Employed,Mortgage,0.0631086171611195,5,12508.08,765.25,0.1243,1
345,196009,45817,84,Employed,Rent,0.4258102684764943,0,16334.08,714.11,0.4695,0
519,175804,23752,24,Self-employed,Own,0.3093644681278039,4,14650.33,1074.24,0.3827,0
481,125525,34091,12,Employed,Mortgage,0.4881774111591622,3,10460.42,2965.52,0.7717,0
417,107830,29739,12,Employed,Own,0.2238925170449563,1,8985.83,2586.95,0.5118,0
504,119832,38589,84,Employed,Mortgage,0.4947975487108139,5,9986.0,601.46,0.555,0
630,125024,47712,84,Self-employed,Mortgage,0.261704734576045,1,10418.67,743.65,0.3331,0
743,134405,15349,60,Self-employed,Rent,0.5888229955193022,3,11200.42,311.22,0.6166,0
302,62217,29332,12,Employed,Rent,0.373040539731921,3,5184.75,2551.54,0.8652,0
726,144491,25290,12,Unemployed,Mortgage,0.580134696281126,2,12040.92,2199.94,0.7628,0
617,137388,49249,60,Employed,Rent,0.1812144947589206,5,11449.0,998.59,0.2684,0
693,90734,38258,12,Employed,Mortgage,0.4398310540783851,1,7561.17,3328.0,0.88,0
685,112297,21488,84,Self-employed,Mortgage,0.4396838673121487,4,9358.08,334.92,0.4755,1
679,66038,22200,84,Self-employed,Rent,0.4024331354211886,4,5503.17,346.01,0.4653,1
565,119637,22652,24,Employed,Rent,0.339034385995943,4,9969.75,1024.49,0.4418,0
596,104891,42602,84,Employed,Rent,0.5527448160987667,2,8740.92,664.0,0.6287,0
808,125225,40897,60,Employed,Rent,0.0771888173290092,2,10435.42,829.24,0.1567,1
589,26793,49371,12,Employed,Own,0.1439452318296016,2,2232.75,4294.71,2.0675,0
822,63216,28859,120,Self-employed,Own,0.3252835974879562,0,5268.0,350.14,0.3917,1
491,191034,31408,120,Unemployed,Rent,0.0453646008647617,4,15919.5,381.07,0.0693,0
539,21282,9169,24,Self-employed,Own,0.4152481401174832,4,1773.5,414.69,0.6491,0
816,194189,23863,84,Employed,Mortgage,0.4715854400147781,0,16182.42,371.93,0.4946,1
774,189333,15331,84,Unemployed,Rent,0.2715075195993043,5,15777.75,238.95,0.2867,1
463,38675,2229,120,Employed,Mortgage,0.1778542235203489,2,3222.92,27.04,0.1862,0
467,64480,24031,120,Employed,Rent,0.3757350257123462,1,5373.33,291.56,0.43,0
660,195239,29692,120,Employed,Rent,0.3558410729099736,1,16269.92,360.25,0.378,1
739,28358,19337,60,Self-employed,Mortgage,0.3436650468953773,4,2363.17,392.08,0.5096,0
546,120526,3017,84,Employed,Mortgage,0.07820910223232,3,10043.83,47.02,0.0829,0
453,58790,29790,120,Employed,Own,0.4295156033746544,0,4899.17,361.43,0.5033,0
820,153673,49342,60,Self-employed,Rent,0.1060930779951711,1,12806.08,1000.48,0.1842,1
745,42624,39719,120,Employed,Own,0.5191056474986125,2,3552.0,481.9,0.6548,0
638,32708,36982,12,Employed,Mortgage,0.2351882208852823,4,2725.67,3217.01,1.4155,0
442,63411,42130,60,Employed,Mortgage,0.4729206322847628,5,5284.25,854.24,0.6346,0
781,144366,15144,84,Employed,Mortgage,0.3021483493117582,0,12030.5,236.04,0.3218,1
708,35485,10060,24,Self-employed,Rent,0.2774204450301716,3,2957.08,454.99,0.4313,0
784,159176,21456,60,Employed,Rent,0.5590830932360288,4,13264.67,435.05,0.5919,1
833,146105,40685,12,Self-employed,Mortgage,0.0300675596424024,0,12175.42,3539.12,0.3207,1
333,162190,12176,60,Self-employed,Own,0.3594373333890107,0,13515.83,246.89,0.3777,0
681,170537,46591,12,Employed,Own,0.5454151593053589,2,14211.42,4052.88,0.8306,0
490,44525,6749,120,Unemployed,Mortgage,0.4188488472005811,3,3710.42,81.88,0.4409,0
645,193695,30897,24,Employed,Rent,0.0509806841774431,4,16141.25,1397.39,0.1376,0
437,43391,48141,84,Employed,Own,0.3673338125964303,4,3615.92,750.34,0.5748,0
331,89677,27129,36,Employed,Mortgage,0.1733862825262296,0,7473.08,850.12,0.2871,0
668,24830,39233,24,Employed,Rent,0.2144434567258013,4,2069.17,1774.4,1.072,0
604,155362,32173,120,Employed,Own,0.1230163080337518,2,12946.83,390.35,0.1532,0
573,156644,8126,36,Unemployed,Rent,0.5022180079174903,5,13053.67,254.64,0.5217,0
630,119438,12120,24,Self-employed,Own,0.0743500683465103,3,9953.17,548.15,0.1294,0
472,109071,25207,120,Employed,Rent,0.3911941937040186,0,9089.25,305.83,0.4248,0
486,45268,13911,60,Employed,Mortgage,0.0793913126688814,2,3772.33,282.06,0.1542,0
762,120543,20714,12,Self-employed,Mortgage,0.0999540117405301,4,10045.25,1801.88,0.2793,1
489,64484,20753,84,Self-employed,Own,0.0166545787669177,4,5373.67,323.46,0.0768,0
673,35123,1999,84,Retired,Own,0.2243604946948331,5,2926.92,31.16,0.235,0
358,81015,44542,84,Employed,Mortgage,0.2722160637083015,1,6751.25,694.24,0.375,0
739,160516,22277,12,Employed,Own,0.348459234768844,4,13376.33,1937.84,0.4933,1
659,91358,21002,36,Self-employed,Mortgage,0.243381282891649,2,7613.17,658.13,0.3298,1
352,160694,49273,36,Unemployed,Mortgage,0.5168851357597379,0,13391.17,1544.04,0.6322,0
576,154675,46979,120,Employed,Rent,0.1351708876169918,0,12889.58,569.98,0.1794,0
615,144438,5062,60,Unemployed,Mortgage,0.5675693776828563,4,12036.5,102.64,0.5761,0
819,183311,46710,12,Employed,Mortgage,0.2214709718784879,3,15275.92,4063.23,0.4875,1
758,115169,3578,60,Employed,Rent,0.3261486011172145,2,9597.42,72.55,0.3337,1
741,131655,12036,24,Employed,Own,0.5813281604170522,0,10971.25,544.36,0.6309,0
337,135836,39232,120,Employed,Own,0.5939831738437622,4,11319.67,475.99,0.636,0
336,178401,23432,24,Retired,Own,0.4990368846512882,4,14866.75,1059.77,0.5703,0
347,154533,1377,84,Employed,Own,0.2639884537341017,3,12877.75,21.46,0.2657,0
345,75652,37074,24,Employed,Rent,0.024217243488809,5,6304.33,1676.76,0.2902,0
339,61951,49728,60,Employed,Rent,0.0982686499571959,3,5162.58,1008.3,0.2936,0
471,52600,47826,84,Employed,Mortgage,0.124609319208766,0,4383.33,745.43,0.2947,0
568,153886,37031,120,Employed,Rent,0.1082728685326388,5,12823.83,449.29,0.1433,0
749,81680,4529,12,Retired,Own,0.1488254930405443,5,6806.67,393.97,0.2067,1
567,48104,37083,120,Self-employed,Rent,0.0343127700895999,2,4008.67,449.92,0.1465,0
420,144178,37649,84,Employed,Own,0.3601667658364496,2,12014.83,586.81,0.409,0
364,158219,22959,12,Employed,Rent,0.3310593119091554,5,13184.92,1997.17,0.4825,0
773,132469,34883,84,Unemployed,Rent,0.4425713348821647,2,11039.08,543.69,0.4918,1
354,30613,34049,12,Employed,Mortgage,0.3050421439813728,5,2551.08,2961.87,1.4661,0
457,169997,25677,60,Employed,Own,0.3958098733624028,1,14166.42,520.64,0.4326,0
328,36016,37551,36,Self-employed,Rent,0.0806647865625548,3,3001.33,1176.71,0.4727,0
355,180705,5797,36,Self-employed,Rent,0.5600404073459218,2,15058.75,181.66,0.5721,0
821,170932,48646,12,Employed,Rent,0.3909580167111687,5,14244.33,4231.64,0.688,0
502,144413,46203,60,Employed,Own,0.1762717834319005,2,12034.42,936.83,0.2541,0
737,161957,38606,24,Employed,Mortgage,0.5581962247697636,1,13496.42,1746.04,0.6876,0
694,194870,46765,60,Employed,Own,0.4726827672411164,0,16239.17,948.23,0.5311,1
797,88946,47851,84,Unemployed,Rent,0.1117351858764365,3,7412.17,745.82,0.2124,1
462,193883,45790,120,Unemployed,Rent,0.1352095616282954,1,16156.92,555.56,0.1696,0
806,171152,44110,60,Employed,Mortgage,0.5080012467632226,4,14262.67,894.39,0.5707,1
833,98972,6798,120,Employed,Own,0.0716006717164654,3,8247.67,82.48,0.0816,1
651,95113,33836,60,Retired,Rent,0.1825317488290858,4,7926.08,686.07,0.2691,1
394,121665,7041,60,Employed,Rent,0.188730144962046,0,10138.75,142.77,0.2028,0
317,135558,26421,60,Retired,Own,0.1166234025802288,0,11296.5,535.72,0.164,0
470,52353,13960,12,Self-employed,Rent,0.472113584747752,4,4362.75,1214.36,0.7505,0
557,57498,4971,24,Retired,Rent,0.1030953302600702,3,4791.5,224.82,0.15,0
773,92619,48281,36,Employed,Rent,0.4823133024235686,5,7718.25,1512.95,0.6783,0
826,180619,40855,36,Unemployed,Own,0.2283558070483887,0,15051.58,1280.25,0.3134,1
703,68355,40730,36,Unemployed,Mortgage,0.4274660086245278,0,5696.25,1276.33,0.6515,0
721,86321,18989,84,Employed,Own,0.2069892707723265,3,7193.42,295.97,0.2481,1
322,170448,32912,36,Retired,Own,0.1316973069241254,4,14204.0,1031.34,0.2043,0
742,161567,40006,84,Employed,Own,0.1498949071605869,3,13463.92,623.54,0.1962,1
336,166666,6828,36,Employed,Rent,0.3202222489270359,2,13888.83,213.96,0.3356,0
755,155633,28136,84,Employed,Own,0.0863298739716483,1,12969.42,438.53,0.1201,1
303,31623,46599,36,Retired,Own,0.3688359261493507,5,2635.25,1460.24,0.923,0
578,98411,18279,60,Self-employed,Mortgage,0.3085914134987296,4,8200.92,370.63,0.3538,0
585,109314,9918,36,Unemployed,Rent,0.5776074219110208,4,9109.5,310.79,0.6117,0
407,115133,45319,120,Unemployed,Mortgage,0.2589387098234939,1,9594.42,549.84,0.3162,0
315,93630,3084,60,Employed,Rent,0.594949397278613,4,7802.5,62.53,0.603,0
623,96067,46949,36,Retired,Mortgage,0.5817241360508142,1,8005.58,1471.21,0.7655,0
491,85138,46759,12,Employed,Own,0.373681762284872,2,7094.83,4067.49,0.947,0
677,198876,46125,84,Employed,Mortgage,0.05047871306099,4,16573.0,718.91,0.0939,1
606,74461,46558,84,Self-employed,Rent,0.4712076812643444,3,6205.08,725.66,0.5882,0
618,109524,12157,120,Self-employed,Rent,0.4995416187239754,4,9127.0,147.5,0.5157,0
732,119923,8712,24,Employed,Rent,0.3082673826770148,3,9993.58,394.02,0.3477,1
850,70058,20241,24,Self-employed,Own,0.1036320694464142,0,5838.17,915.45,0.2604,1
654,98163,9382,84,Self-employed,Own,0.3004263971734834,3,8180.25,146.23,0.3183,1
501,53782,9822,60,Employed,Rent,0.0798921153802289,3,4481.83,199.15,0.1243,0
394,38344,15644,36,Employed,Rent,0.5889824494289067,3,3195.33,490.23,0.7424,0
484,161902,40711,84,Employed,Own,0.3023593454617374,1,13491.83,634.53,0.3494,0
532,197927,32220,36,Employed,Rent,0.099082800439675,3,16493.92,1009.66,0.1603,0
790,21719,29212,24,Employed,Own,0.3637426852894663,5,1809.92,1321.18,1.0937,0
720,44743,17858,24,Employed,Own,0.1307909497734698,2,3728.58,807.67,0.3474,0
835,174113,26911,60,Self-employed,Rent,0.0798521665360635,2,14509.42,545.66,0.1175,1
598,169581,40580,24,Employed,Own,0.3396518213381987,5,14131.75,1835.32,0.4695,0
336,177425,48298,12,Employed,Own,0.2377146029776949,4,14785.42,4201.37,0.5219,0
707,29403,3733,84,Employed,Own,0.5080987099099605,4,2450.25,58.18,0.5318,0
631,156759,2388,36,Employed,Own,0.566316328501338,0,13063.25,74.83,0.572,0
651,122569,14231,60,Self-employed,Own,0.0558261479707661,1,10214.08,288.55,0.0841,1
459,114481,30554,24,Employed,Rent,0.3985721191665941,5,9540.08,1381.87,0.5434,0
731,130359,33299,24,Employed,Mortgage,0.5916558387857812,4,10863.25,1506.02,0.7303,0
751,171299,35477,24,Employed,Rent,0.3063223852464674,4,14274.92,1604.53,0.4187,1
664,30546,3276,12,Unemployed,Mortgage,0.5184906358077388,2,2545.5,284.97,0.6304,0
469,60067,9562,24,Self-employed,Own,0.2030360482215616,2,5005.58,432.46,0.2894,0
435,133564,18335,12,Self-employed,Own,0.0261564367356249,5,11130.33,1594.93,0.1695,0
692,119612,41659,36,Unemployed,Rent,0.1717043384461812,3,9967.67,1305.44,0.3027,1
390,98952,38835,84,Employed,Own,0.3885072295235013,4,8246.0,605.29,0.4619,0
546,31103,13455,12,Employed,Rent,0.1525321523558023,3,2591.92,1170.43,0.6041,0
351,153854,14256,24,Employed,Rent,0.4391479108529929,3,12821.17,644.76,0.4894,0
325,21971,6706,60,Employed,Rent,0.3506588688794507,4,1830.92,135.97,0.4249,0
702,137365,3131,120,Retired,Own,0.3276444988685772,4,11447.08,37.99,0.331,1
438,187916,4415,12,Self-employed,Mortgage,0.4051559225547393,0,15659.67,384.05,0.4297,0
404,186869,23521,24,Employed,Mortgage,0.1258414425132659,3,15572.42,1063.79,0.1942,0
801,72296,18690,36,Self-employed,Rent,0.3981642380931485,5,6024.67,585.68,0.4954,1
346,44178,14810,24,Retired,Mortgage,0.5906945124244743,5,3681.5,669.82,0.7726,0
415,35432,14493,60,Employed,Mortgage,0.1552317436818934,1,2952.67,293.87,0.2548,0
781,187710,37559,60,Employed,Rent,0.5140624859924259,1,15642.5,761.56,0.5627,1
784,111190,27501,24,Employed,Mortgage,0.423766395910443,4,9265.83,1243.8,0.558,1
377,65207,36059,84,Employed,Own,0.3134060704616616,2,5433.92,562.02,0.4168,0
503,39642,46650,60,Employed,Mortgage,0.5217273296256643,1,3303.5,945.89,0.8081,0
662,146050,9858,84,Retired,Rent,0.5525064087426573,1,12170.83,153.65,0.5651,1
374,140872,49805,120,Self-employed,Rent,0.1634469976411496,5,11739.33,604.27,0.2149,0
359,137834,24391,12,Employed,Own,0.44781999836808,3,11486.17,2121.73,0.6325,0
321,66371,1967,84,Employed,Own,0.2793000003101402,3,5530.92,30.66,0.2848,0
584,130908,13198,24,Employed,Own,0.2310034114584047,0,10909.0,596.91,0.2857,0
580,154310,9279,36,Employed,Mortgage,0.4661068451564621,3,12859.17,290.77,0.4887,0
471,76602,22030,120,Employed,Rent,0.3859142765267224,4,6383.5,267.28,0.4278,0
412,161119,17433,24,Unemployed,Rent,0.2764065896727678,3,13426.58,788.45,0.3351,0
661,155490,11828,12,Employed,Own,0.577173800382128,3,12957.5,1028.9,0.6566,0
587,129706,10601,84,Retired,Rent,0.3368556681884099,3,10808.83,165.23,0.3521,0
729,29111,46553,120,Employed,Own,0.5730810377046606,3,2425.92,564.82,0.8059,0
359,98421,23997,120,Employed,Own,0.2356996218590797,5,8201.75,291.15,0.2712,0
482,110351,5151,120,Retired,Rent,0.3607027750008067,2,9195.92,62.5,0.3675,0
698,168550,14947,60,Employed,Rent,0.4743129086900679,3,14045.83,303.07,0.4959,1
560,197024,47747,60,Employed,Mortgage,0.5374022783490097,1,16418.67,968.14,0.5964,0
402,48467,11214,24,Self-employed,Rent,0.5369816488088661,2,4038.92,507.18,0.6626,0
458,97582,30088,12,Employed,Rent,0.296672270359354,2,8131.83,2617.31,0.6185,0
597,134460,25398,84,Unemployed,Rent,0.0291923486535007,3,11205.0,395.86,0.0645,0
433,88411,5761,24,Retired,Mortgage,0.1170908400916931,5,7367.58,260.55,0.1525,0
736,179738,44896,12,Employed,Rent,0.2165728930380202,2,14978.17,3905.43,0.4773,1
814,180617,35104,12,Employed,Mortgage,0.4815348207433189,5,15051.42,3053.64,0.6844,0
559,97074,19898,24,Employed,Mortgage,0.5336980111479298,1,8089.5,899.93,0.6449,0
426,161752,29867,120,Unemployed,Own,0.2832932016293138,2,13479.33,362.37,0.3102,0
437,134856,41312,12,Self-employed,Own,0.2484522204215325,0,11238.0,3593.67,0.5682,0
419,23673,34343,12,Self-employed,Rent,0.2064640907019754,3,1972.75,2987.44,1.7208,0
391,179807,48000,60,Employed,Mortgage,0.4681418937473158,5,14983.92,973.27,0.5331,0
606,66918,47874,12,Self-employed,Mortgage,0.1469125491589294,1,5576.5,4164.48,0.8937,0
322,142679,15981,84,Retired,Rent,0.1620779270265115,5,11889.92,249.08,0.183,0
729,152987,2666,60,Unemployed,Own,0.0251981875800738,4,12748.92,54.06,0.0294,1
534,134146,34950,84,Employed,Rent,0.3003919816360065,1,11178.83,544.74,0.3491,0
547,43522,42826,84,Employed,Own,0.0109730510658983,0,3626.83,667.5,0.195,0
334,79249,22402,84,Retired,Mortgage,0.3745744955753862,3,6604.08,349.16,0.4274,0
377,130803,9124,84,Employed,Mortgage,0.1287359642939109,2,10900.25,142.21,0.1418,0
643,51457,14929,24,Self-employed,Rent,0.0744449113575169,0,4288.08,675.2,0.2319,0
653,36539,1582,60,Employed,Mortgage,0.4029872793223291,4,3044.92,32.08,0.4135,0
752,160249,43749,84,Employed,Own,0.1275272842580769,0,13354.08,681.88,0.1786,1
700,93142,41199,120,Employed,Own,0.4471336500335579,0,7761.83,499.86,0.5115,1
530,152559,46454,120,Employed,Own,0.1966337674979765,1,12713.25,563.62,0.241,0
612,133526,11539,24,Employed,Own,0.1788526964284966,2,11127.17,521.88,0.2258,0
593,86578,44606,24,Retired,Rent,0.0797093125985336,3,7214.83,2017.41,0.3593,0
432,60827,2293,120,Employed,Own,0.0547739248387303,0,5068.92,27.82,0.0603,0
347,36589,35816,24,Employed,Rent,0.0241082045575145,4,3049.08,1619.86,0.5554,0
361,125337,2046,12,Employed,Mortgage,0.3515821848194393,3,10444.75,177.98,0.3686,0
353,44827,41351,120,Employed,Rent,0.2827106250613386,0,3735.58,501.7,0.417,0
827,109031,19145,84,Employed,Mortgage,0.0176568082381162,0,9085.92,298.4,0.0505,1
451,103122,18534,36,Employed,Own,0.5818908388990859,3,8593.5,580.79,0.6495,0
808,51883,8315,84,Employed,Own,0.1890146648354014,0,4323.58,129.6,0.219,1
763,53765,5437,12,Unemployed,Mortgage,0.1464119183277451,4,4480.42,472.96,0.252,1
559,41906,16702,60,Retired,Rent,0.4981083125996356,5,3492.17,338.66,0.5951,0
575,60320,42457,36,Employed,Rent,0.4087179332020254,0,5026.67,1330.45,0.6734,0
379,176655,40067,120,Self-employed,Own,0.5562518948461107,0,14721.25,486.12,0.5893,0
610,152316,19744,24,Self-employed,Rent,0.4743107505551966,2,12693.0,892.97,0.5447,0
392,108270,49652,120,Employed,Rent,0.541737680253271,5,9022.5,602.42,0.6085,0
725,22240,31488,36,Employed,Rent,0.5396421824329283,3,1853.33,986.72,1.072,0
710,53830,14437,84,Employed,Own,0.3815171420782845,1,4485.83,225.02,0.4317,1
655,199727,21920,12,Employed,Own,0.5600235857370156,0,16643.92,1906.79,0.6746,0
377,154482,5050,84,Self-employed,Rent,0.1696727247501939,2,12873.5,78.71,0.1758,0
360,76908,28469,84,Retired,Own,0.249017279757454,1,6409.0,443.72,0.3183,0
300,126561,19637,24,Employed,Mortgage,0.3036467729173013,2,10546.75,888.13,0.3879,0
515,119623,28456,24,Self-employed,Mortgage,0.0977197722381434,3,9968.58,1286.99,0.2268,0
551,131450,8340,12,Employed,Rent,0.0836330390538153,2,10954.17,725.48,0.1499,0
725,122265,37388,60,Self-employed,Own,0.4684146348597059,4,10188.75,758.09,0.5428,1
429,153105,25796,36,Employed,Own,0.1542412510755145,4,12758.75,808.35,0.2176,0
810,164861,21964,84,Unemployed,Rent,0.1403204111593481,3,13738.42,342.34,0.1652,1
567,78502,37296,12,Unemployed,Rent,0.4284469323141938,2,6541.83,3244.32,0.9244,0
402,88040,39273,84,Employed,Rent,0.1490942697861299,4,7336.67,612.12,0.2325,0
584,113344,26744,84,Employed,Own,0.5753515193576932,5,9445.33,416.84,0.6195,0
375,179632,36643,12,Employed,Rent,0.1826937908431524,5,14969.33,3187.52,0.3956,0
395,186146,28057,84,Employed,Rent,0.2108639044127615,2,15512.17,437.3,0.2391,0
433,38217,17852,60,Unemployed,Rent,0.4264871456030382,2,3184.75,361.97,0.5401,0
843,47192,4961,12,Self-employed,Rent,0.3010906854051112,4,3932.67,431.55,0.4108,0
362,66780,18294,36,Retired,Own,0.1024245249915217,4,5565.0,573.27,0.2054,0
572,197211,43635,12,Employed,Rent,0.3697498416592874,5,16434.25,3795.74,0.6007,0
534,57528,17552,12,Self-employed,Mortgage,0.1135382198656736,0,4794.0,1526.82,0.432,0
432,168468,32799,84,Employed,Mortgage,0.2078382022768103,0,14039.0,511.21,0.2443,0
760,97514,31863,60,Unemployed,Rent,0.0725171215700962,0,8126.17,646.07,0.152,1
738,178660,24833,24,Employed,Rent,0.2436117706385514,3,14888.33,1123.13,0.319,1
670,84537,31979,60,Employed,Mortgage,0.3622082734384592,0,7044.75,648.42,0.4543,1
815,40701,7440,120,Employed,Mortgage,0.2301495864232885,0,3391.75,90.27,0.2568,0
445,184587,10632,120,Self-employed,Mortgage,0.2155252015055891,2,15382.25,129.0,0.2239,0
613,54195,41632,84,Self-employed,Mortgage,0.5131024908776068,1,4516.25,648.89,0.6568,0
504,144269,15602,36,Retired,Rent,0.4762329010697229,4,12022.42,488.91,0.5169,0
785,61393,28185,24,Unemployed,Mortgage,0.0852021393690497,3,5116.08,1274.73,0.3344,1
399,199949,5856,84,Self-employed,Mortgage,0.3157894764157334,0,16662.42,91.27,0.3213,0
387,43419,47182,12,Employed,Rent,0.3778986372828871,4,3618.25,4104.29,1.5122,0
790,197065,41991,36,Employed,Rent,0.3017331190483476,2,16422.08,1315.85,0.3819,1
319,166699,33755,36,Self-employed,Rent,0.5466714314685229,1,13891.58,1057.76,0.6228,0
418,80675,14881,84,Self-employed,Own,0.0536782093464453,0,6722.92,231.94,0.0882,0
576,186946,34437,60,Unemployed,Mortgage,0.5923295112202605,4,15578.83,698.26,0.6372,0
710,160977,27343,84,Retired,Own,0.4504828202875016,3,13414.75,426.17,0.4823,1
618,124779,16321,60,Employed,Rent,0.597365546040945,5,10398.25,330.93,0.6292,0
654,127400,42489,84,Employed,Mortgage,0.5479277764713009,2,10616.67,662.24,0.6103,0
592,78511,24192,60,Unemployed,Own,0.4765953867867378,4,6542.58,490.53,0.5516,0
524,113910,14682,12,Employed,Own,0.4227813285684282,2,9492.5,1277.16,0.5573,0
716,154089,3125,24,Employed,Rent,0.5187125572868676,2,12840.75,141.34,0.5297,1
712,81140,7350,12,Employed,Rent,0.3862352353362528,4,6761.67,639.36,0.4808,1
566,66157,14571,60,Employed,Rent,0.1815832236287976,3,5513.08,295.45,0.2352,0
579,187736,4845,12,Retired,Rent,0.0517401074554219,2,15644.67,421.46,0.0787,0
806,145819,44420,84,Employed,Rent,0.2659172636907373,0,12151.58,692.34,0.3229,1
322,53665,17772,12,Employed,Own,0.3812837063761685,0,4472.08,1545.96,0.727,0
520,135311,24082,120,Employed,Rent,0.3583602645664216,5,11275.92,292.18,0.3843,0
684,61477,15840,36,Employed,Own,0.0094785780058116,2,5123.08,496.37,0.1064,1
725,170358,10194,12,Employed,Own,0.4430718487362535,2,14196.5,886.76,0.5055,1
354,155572,27278,24,Employed,Mortgage,0.2597467409080015,2,12964.33,1233.71,0.3549,0
755,160320,46830,36,Self-employed,Rent,0.5199068441501519,4,13360.0,1467.48,0.6297,0
506,112557,49915,60,Employed,Rent,0.0062326014514339,5,9379.75,1012.1,0.1141,0
401,184390,38593,60,Unemployed,Rent,0.1717346071707282,0,15365.83,782.53,0.2227,0
452,65108,2447,36,Unemployed,Mortgage,0.5909437350641744,1,5425.67,76.68,0.6051,0
748,107679,12901,84,Employed,Mortgage,0.5097552010688011,2,8973.25,201.08,0.5322,1
328,163983,18783,12,Employed,Own,0.2550056265531216,1,13665.25,1633.9,0.3746,0
500,148520,49804,24,Employed,Rent,0.5653789692691238,4,12376.67,2252.5,0.7474,0
787,176644,36632,84,Employed,Rent,0.569109407964236,1,14720.33,570.95,0.6079,0
766,109984,34482,36,Employed,Mortgage,0.4328343129171262,2,9165.33,1080.54,0.5507,1
617,127737,31334,84,Self-employed,Mortgage,0.3333840145730757,2,10644.75,488.38,0.3793,0
307,104692,48448,12,Employed,Mortgage,0.3199737929074164,3,8724.33,4214.42,0.803,0
480,116008,40949,60,Self-employed,Mortgage,0.1890243768611154,5,9667.33,830.3,0.2749,0
814,85685,46347,60,Employed,Mortgage,0.3523670083861481,0,7140.42,939.75,0.484,1
660,148449,16141,12,Employed,Mortgage,0.4762051148792112,5,12370.75,1404.08,0.5897,1
517,53668,9525,24,Employed,Mortgage,0.4425737313636652,3,4472.33,430.79,0.5389,0
689,84702,1258,36,Employed,Mortgage,0.1767589817831314,0,7058.5,39.42,0.1823,1
595,196447,44181,24,Self-employed,Mortgage,0.394277099246022,1,16370.58,1998.19,0.5163,0
634,187186,17807,84,Employed,Rent,0.5202664936608892,3,15598.83,277.54,0.5381,0
503,149339,37453,12,Self-employed,Rent,0.1078800023446794,5,12444.92,3257.98,0.3697,0
420,133392,8520,120,Self-employed,Mortgage,0.0340850886415804,1,11116.0,103.37,0.0434,0
554,121827,15931,24,Self-employed,Rent,0.208430548927963,3,10152.25,720.52,0.2794,0
589,72193,46339,36,Retired,Rent,0.59148231326231,5,6016.08,1452.1,0.8329,0
723,55022,47432,12,Unemployed,Mortgage,0.4187745662044868,1,4585.17,4126.04,1.3186,0
733,116659,48060,120,Employed,Rent,0.0125930920655879,1,9721.58,583.1,0.0726,1
736,146331,46723,36,Employed,Mortgage,0.0725477130915956,5,12194.25,1464.13,0.1926,1
735,158101,14408,60,Self-employed,Own,0.4751721017576888,1,13175.08,292.14,0.4973,1
336,89940,44678,36,Self-employed,Mortgage,0.2121431414521014,4,7495.0,1400.05,0.3989,0
463,195515,27015,120,Unemployed,Mortgage,0.1828439234541366,2,16292.92,327.77,0.203,0
397,20142,27251,84,Unemployed,Own,0.5985769320169189,5,1678.5,424.74,0.8516,0
343,136334,43854,60,Unemployed,Mortgage,0.2215680986981839,1,11361.17,889.2,0.2998,0
738,70657,20651,24,Self-employed,Mortgage,0.071907606963038,2,5888.08,933.99,0.2305,1
692,123021,14137,36,Employed,Mortgage,0.1831886988091861,4,10251.75,443.0,0.2264,1
696,196393,25453,84,Employed,Mortgage,0.4575453767907791,2,16366.08,396.72,0.4818,1
647,177754,44856,36,Unemployed,Own,0.0906380353211902,5,14812.83,1405.62,0.1855,0
750,59500,15861,60,Employed,Own,0.4518274851292263,4,4958.33,321.6,0.5167,1
780,119071,42843,24,Employed,Rent,0.356001007347098,1,9922.58,1937.67,0.5513,1
441,182561,1977,36,Employed,Rent,0.2286899327114483,4,15213.42,61.95,0.2328,0
342,74301,2685,12,Employed,Own,0.4709482123510267,4,6191.75,233.56,0.5087,0
762,68316,35594,120,Self-employed,Rent,0.2559415468564187,1,5693.0,431.85,0.3318,1
467,135183,5825,12,Employed,Mortgage,0.0820152557299243,0,11265.25,506.71,0.127,0
703,80866,45537,120,Employed,Mortgage,0.3816308803442696,1,6738.83,552.49,0.4636,1
365,198841,3290,120,Employed,Own,0.4093053173851996,5,16570.08,39.92,0.4117,0
820,191193,37550,24,Employed,Rent,0.2283481223759706,0,15932.75,1698.28,0.3349,1
646,180707,19232,12,Employed,Own,0.1008807057498719,5,15058.92,1672.96,0.212,0
456,180764,20008,24,Employed,Rent,0.2456009981278295,4,15063.67,904.91,0.3057,0
647,104975,8839,120,Employed,Own,0.466935745346229,1,8747.92,107.24,0.4792,0
408,159634,22514,36,Self-employed,Rent,0.2216330227716159,3,13302.83,705.51,0.2747,0
687,145592,29076,36,Employed,Own,0.0984053774188912,5,12132.67,911.14,0.1735,1
454,199842,30188,120,Retired,Own,0.16367840019342,4,16653.5,366.26,0.1857,0
821,78405,31900,36,Employed,Mortgage,0.4851729287472637,2,6533.75,999.63,0.6382,0
338,131708,43836,36,Employed,Own,0.3109037617989985,5,10975.67,1373.66,0.4361,0
589,106399,9004,24,Unemployed,Rent,0.5382633309035805,2,8866.58,407.23,0.5842,0
431,171840,5585,12,Self-employed,Rent,0.5905044093889485,4,14320.0,485.83,0.6244,0
793,189849,33171,12,Employed,Rent,0.0211922229463074,4,15820.75,2885.49,0.2036,1
563,160648,27825,84,Employed,Rent,0.1935812192224276,2,13387.33,433.69,0.226,0
699,84494,35045,120,Self-employed,Rent,0.3242979499817298,1,7041.17,425.19,0.3847,1
365,147721,43734,60,Retired,Mortgage,0.3602266986052642,0,12310.08,886.77,0.4323,0
454,178769,26131,84,Self-employed,Own,0.086459160054024,5,14897.42,407.28,0.1138,0
804,49426,10242,120,Employed,Mortgage,0.1990378700364213,0,4118.83,124.26,0.2292,0
545,174810,28341,12,Employed,Mortgage,0.0750564541172457,0,14567.5,2465.34,0.2443,0
493,55561,39107,12,Employed,Rent,0.5314577780429803,5,4630.08,3401.86,1.2662,0
815,147225,34696,24,Employed,Own,0.0692639144890488,2,12268.75,1569.21,0.1972,1
420,128156,1378,12,Employed,Mortgage,0.2141544383696886,3,10679.67,119.87,0.2254,0
308,60830,25777,120,Employed,Rent,0.2290325190460853,3,5069.17,312.75,0.2907,0
712,175120,1156,120,Self-employed,Rent,0.090517041854657,4,14593.33,14.03,0.0915,1
694,109180,46135,120,Employed,Own,0.0385484349458752,4,9098.33,559.74,0.1001,1
611,39318,46067,60,Employed,Mortgage,0.2109799716493972,1,3276.5,934.07,0.4961,0
802,181693,17347,24,Employed,Own,0.1526636247742343,2,15141.08,784.56,0.2045,1
493,51560,17731,84,Unemployed,Rent,0.0394881242028906,2,4296.67,276.36,0.1038,0
775,93234,10670,36,Employed,Mortgage,0.0265654249781756,3,7769.5,334.36,0.0696,1
362,106915,27589,120,Employed,Mortgage,0.0369309108876354,3,8909.58,334.73,0.0745,0
652,92173,20812,36,Employed,Own,0.041645290722458,4,7681.08,652.17,0.1266,1
677,74659,15907,84,Self-employed,Mortgage,0.1787882265509536,3,6221.58,247.93,0.2186,1
699,23263,30792,120,Employed,Mortgage,0.4646959020700754,3,1938.58,373.59,0.6574,0
357,142026,6829,12,Unemployed,Mortgage,0.3962782360784275,1,11835.5,594.04,0.4465,0
839,28534,38957,36,Employed,Rent,0.5475032522048299,0,2377.83,1220.77,1.0609,0
740,30322,40644,84,Employed,Rent,0.5056176700034396,2,2526.83,633.49,0.7563,0
754,77462,43469,60,Self-employed,Own,0.1832259053429597,5,6455.17,881.39,0.3198,1
807,37238,36655,24,Employed,Own,0.5820396804756316,4,3103.17,1657.81,1.1163,0
850,181069,16291,36,Self-employed,Own,0.0637403189726635,1,15089.08,510.5,0.0976,1
507,147014,39708,120,Employed,Mortgage,0.5911219349329698,1,12251.17,481.77,0.6304,0
473,195681,24734,36,Unemployed,Mortgage,0.3438718565931856,3,16306.75,775.07,0.3914,0
375,185083,5176,24,Unemployed,Own,0.1708279462504376,5,15423.58,234.1,0.186,0
776,182621,5242,120,Employed,Own,0.223332659664688,1,15218.42,63.6,0.2275,1
752,158259,18800,36,Self-employed,Mortgage,0.0297754130474763,5,13188.25,589.12,0.0744,1
371,170052,16346,60,Employed,Rent,0.4684025428801214,1,14171.0,331.44,0.4918,0
580,100596,37530,84,Self-employed,Own,0.1574668307409901,0,8383.0,584.95,0.2272,0
691,196400,46486,24,Employed,Own,0.2555296188604012,4,16366.67,2102.44,0.384,1
451,115743,35419,60,Employed,Rent,0.0750327143904909,2,9645.25,718.17,0.1495,0
348,47240,34693,84,Employed,Own,0.378422022414568,1,3936.67,540.73,0.5158,0
672,63930,8232,24,Self-employed,Own,0.5910676388978807,5,5327.5,372.31,0.661,0
712,55796,31813,12,Unemployed,Own,0.1222573901542284,3,4649.67,2767.36,0.7174,0
304,152430,48464,84,Employed,Own,0.5962329740298195,1,12702.5,755.37,0.6557,0
408,129134,31761,36,Unemployed,Rent,0.5138401745454058,1,10761.17,995.27,0.6063,0
338,37148,10375,60,Retired,Mortgage,0.1054363255574934,1,3095.67,210.37,0.1734,0
393,107175,14217,36,Employed,Own,0.4806570702870926,5,8931.25,445.51,0.5305,0
391,147349,44198,120,Employed,Mortgage,0.432346662484611,4,12279.08,536.24,0.476,0
766,199899,45020,36,Employed,Mortgage,0.3159979883896215,3,16658.25,1410.76,0.4007,1
622,149931,14117,12,Employed,Mortgage,0.3375956426864425,4,12494.25,1228.02,0.4359,0
778,101635,4641,36,Employed,Mortgage,0.074355315380496,1,8469.58,145.43,0.0915,1
778,96245,37782,36,Self-employed,Own,0.3777190091974531,1,8020.42,1183.95,0.5253,1
586,106349,23052,84,Employed,Own,0.2125564368740913,5,8862.42,359.29,0.2531,0
580,133913,17460,36,Self-employed,Mortgage,0.4305729133532224,5,11159.42,547.13,0.4796,0
591,158064,35166,84,Self-employed,Own,0.2475556046711778,4,13172.0,548.1,0.2892,0
698,94473,21571,84,Self-employed,Rent,0.3976942317867348,4,7872.75,336.21,0.4404,1
723,89449,30794,60,Employed,Own,0.4882074284960023,0,7454.08,624.39,0.572,1
743,163014,14398,120,Employed,Own,0.0632993341490986,2,13584.5,174.69,0.0762,1
732,111819,23667,120,Unemployed,Own,0.2618221522371284,5,9318.25,287.15,0.2926,1
384,154435,8969,36,Unemployed,Own,0.0740980582372475,0,12869.58,281.06,0.0959,0
775,79380,22383,24,Self-employed,Rent,0.1229728282369341,3,6615.0,1012.32,0.276,1
575,147093,30199,84,Employed,Own,0.5145399900533494,4,12257.75,470.69,0.5529,0
317,102232,43926,120,Employed,Mortgage,0.5762332408798052,4,8519.33,532.94,0.6388,0
801,89934,44460,60,Employed,Mortgage,0.0838264187690371,5,7494.5,901.49,0.2041,1
433,40024,46219,12,Unemployed,Rent,0.4067670380443027,0,3335.33,4020.52,1.6122,0
791,106108,47773,120,Employed,Rent,0.417510384859922,4,8842.33,579.62,0.4831,1
550,74916,44095,60,Self-employed,Own,0.3211979411024101,5,6243.0,894.09,0.4644,0
750,35957,13577,120,Self-employed,Rent,0.2711580660383667,1,2996.42,164.73,0.3261,0
697,74235,41512,60,Employed,Rent,0.2104226859810472,0,6186.25,841.71,0.3465,1
794,46775,3494,120,Unemployed,Mortgage,0.4412117897528876,5,3897.92,42.39,0.4521,0
708,90913,47469,36,Employed,Own,0.1889136640152696,0,7576.08,1487.51,0.3853,1
719,78097,18424,36,Self-employed,Mortgage,0.104667974932516,4,6508.08,577.34,0.1934,1
325,124680,11918,36,Retired,Rent,0.3669835671609988,2,10390.0,373.47,0.4029,0
513,89073,16783,120,Employed,Own,0.2981732776257417,2,7422.75,203.62,0.3256,0
543,60749,4210,84,Self-employed,Own,0.5205683851763326,0,5062.42,65.62,0.5335,0
517,117057,25630,12,Employed,Rent,0.1924093930695945,2,9754.75,2229.51,0.421,0
802,88291,43939,36,Unemployed,Mortgage,0.4934217381338933,5,7357.58,1376.89,0.6806,0
639,46182,31454,36,Self-employed,Rent,0.0433102792027748,0,3848.5,985.65,0.2994,0
529,147777,2085,60,Employed,Own,0.2658508907351254,2,12314.75,42.28,0.2693,0
809,103428,44530,120,Employed,Rent,0.1960235358051456,2,8619.0,540.27,0.2587,1
417,26552,18535,36,Employed,Rent,0.5903279869775664,0,2212.67,580.82,0.8528,0
374,169942,47836,12,Employed,Rent,0.4314114166130147,5,14161.83,4161.18,0.7252,0
789,140947,37721,12,Retired,Rent,0.4357798135031023,2,11745.58,3281.29,0.7151,0
525,169540,42909,12,Unemployed,Mortgage,0.400389505636717,1,14128.33,3732.59,0.6646,0
705,184414,26887,84,Employed,Mortgage,0.4532648905886189,4,15367.83,419.07,0.4805,1
636,125601,17619,24,Unemployed,Mortgage,0.2216002760939155,0,10466.75,796.86,0.2977,0
454,141722,16416,24,Employed,Mortgage,0.4538072503167414,3,11810.17,742.45,0.5167,0
703,108307,18739,36,Employed,Own,0.4447439911699934,4,9025.58,587.21,0.5098,1
814,161514,25811,60,Employed,Rent,0.3962433332589792,0,13459.5,523.35,0.4351,1
713,46615,43303,84,Employed,Own,0.5046159716422243,0,3884.58,674.93,0.6784,0
670,21679,49861,12,Employed,Own,0.452546597862861,4,1806.58,4337.33,2.8534,0
428,20940,7985,12,Employed,Own,0.4297495743998654,1,1745.0,694.6,0.8278,0
847,133033,47881,12,Employed,Own,0.3810843656194011,1,11086.08,4165.09,0.7568,0
639,112475,38454,84,Employed,Rent,0.5351220286095292,2,9372.92,599.35,0.5991,0
427,146919,31664,84,Self-employed,Mortgage,0.4245101350476379,3,12243.25,493.52,0.4648,0
633,191637,45291,24,Employed,Mortgage,0.1170212118565671,1,15969.75,2048.39,0.2453,0
307,194937,2930,120,Unemployed,Rent,0.084486379226992,2,16244.75,35.55,0.0867,0
454,193477,18237,12,Self-employed,Rent,0.0359315118164496,1,16123.08,1586.41,0.1343,0
355,74265,43725,24,Employed,Mortgage,0.1263129988507274,3,6188.75,1977.56,0.4459,0
847,109580,9911,60,Employed,Mortgage,0.2788512174357749,1,9131.67,200.96,0.3009,1
334,73899,3731,24,Retired,Mortgage,0.4061594331291816,2,6158.25,168.74,0.4336,0
724,67774,24019,120,Employed,Own,0.503426911407808,2,5647.83,291.42,0.555,1
578,82815,28974,84,Employed,Own,0.4631730931838437,5,6901.25,451.59,0.5286,0
539,191581,26419,24,Employed,Rent,0.183798691739805,0,15965.08,1194.86,0.2586,0
709,42100,29736,24,Self-employed,Rent,0.0141462833761434,0,3508.33,1344.88,0.3975,0
311,69551,49372,36,Employed,Own,0.1547337698277283,1,5795.92,1547.14,0.4217,0
447,146277,26131,120,Self-employed,Mortgage,0.3127299321187146,4,12189.75,317.04,0.3387,0
526,189464,24730,12,Employed,Own,0.4162253230760538,4,15788.67,2151.22,0.5525,0
486,169406,3019,84,Unemployed,Rent,0.1810881818785381,4,14117.17,47.05,0.1844,0
353,174811,11729,36,Unemployed,Own,0.039694910249749,3,14567.58,367.54,0.0649,0
304,169648,16187,60,Self-employed,Mortgage,0.596719240840927,4,14137.33,328.21,0.6199,0
447,66152,23596,84,Employed,Rent,0.2217460571260221,1,5512.67,367.77,0.2885,0
820,147412,36510,12,Self-employed,Rent,0.0157987018639294,3,12284.33,3175.95,0.2743,1
397,70351,17234,84,Unemployed,Rent,0.0263774764075927,0,5862.58,268.61,0.0722,0
649,111007,44428,12,Employed,Own,0.4664878501494687,0,9250.58,3864.72,0.8843,0
526,155375,17101,24,Employed,Own,0.5637167758900203,2,12947.92,773.43,0.6235,0
838,52301,39918,60,Self-employed,Mortgage,0.1391056147506432,1,4358.42,809.39,0.3248,1
788,106188,11032,36,Retired,Rent,0.2233761183424371,3,8849.0,345.7,0.2624,1
305,22522,3645,24,Employed,Rent,0.1723471895245752,1,1876.83,164.85,0.2602,0
846,125708,35612,24,Self-employed,Rent,0.20407513620554,3,10475.67,1610.63,0.3578,1
733,96317,23623,84,Employed,Rent,0.2424704134284019,5,8026.42,368.19,0.2883,1
790,199259,10095,120,Self-employed,Rent,0.2642076092987574,1,16604.92,122.48,0.2716,1
518,61346,21810,60,Unemployed,Mortgage,0.5562511298233641,5,5112.17,442.23,0.6428,0
425,188867,47299,60,Employed,Mortgage,0.1835620014213292,1,15738.92,959.05,0.2445,0
415,132205,28105,12,Unemployed,Mortgage,0.5586114550187294,1,11017.08,2444.81,0.7805,0
651,168241,44207,60,Employed,Rent,0.4435146750481798,3,14020.08,896.36,0.5074,1
401,192746,10294,84,Employed,Own,0.2090293552964438,2,16062.17,160.44,0.219,0
535,112079,19810,24,Employed,Mortgage,0.5382977571457026,4,9339.92,895.95,0.6342,0
449,114105,46382,120,Unemployed,Rent,0.5995610535472347,2,9508.75,562.74,0.6587,0
533,84162,16796,12,Retired,Rent,0.4873840414376854,5,7013.5,1461.06,0.6957,0
599,170329,8216,36,Unemployed,Rent,0.5592657207729261,2,14194.08,257.46,0.5774,0
621,62971,19199,12,Self-employed,Mortgage,0.356622405010544,2,5247.58,1670.09,0.6749,0
804,120413,13946,84,Employed,Mortgage,0.0087194460902616,2,10034.42,217.37,0.0304,1
489,195027,21749,60,Employed,Mortgage,0.3853816814810909,1,16252.25,440.99,0.4125,0
654,35908,49479,24,Unemployed,Rent,0.5135416559417285,1,2992.33,2237.8,1.2614,0
316,44902,22083,120,Employed,Own,0.4234963754194551,4,3741.83,267.93,0.4951,0
349,158928,43191,120,Unemployed,Own,0.1860946371156993,5,13244.0,524.03,0.2257,0
750,124190,39397,120,Self-employed,Mortgage,0.0641521631506097,0,10349.17,477.99,0.1103,1
379,75499,9854,12,Employed,Own,0.5642785051068069,0,6291.58,857.18,0.7005,0
625,30633,10355,120,Self-employed,Rent,0.3676322351566805,4,2552.75,125.63,0.4168,0
370,38801,34511,12,Employed,Own,0.3393287279284206,5,3233.42,3002.06,1.2678,0
455,103595,32221,60,Retired,Own,0.1966357263010635,0,8632.92,653.33,0.2723,0
637,86671,45912,60,Self-employed,Rent,0.2658654811714913,5,7222.58,930.93,0.3948,0
538,112993,24914,84,Employed,Own,0.4380414883648602,1,9416.08,388.31,0.4793,0
849,58711,21916,120,Unemployed,Own,0.4163264126762239,4,4892.58,265.9,0.4707,1
716,198639,18454,36,Employed,Own,0.203837351940522,3,16553.25,578.28,0.2388,1
472,194760,34933,120,Employed,Rent,0.4290110028959411,5,16230.0,423.83,0.4551,0
738,111140,24693,36,Self-employed,Own,0.3215275304649211,0,9261.67,773.79,0.4051,1
580,46590,13298,84,Unemployed,Own,0.1765848887158032,5,3882.5,207.27,0.23,0
413,129314,40311,24,Self-employed,Own,0.2827873904129726,0,10776.17,1823.16,0.452,0
595,81744,27209,84,Employed,Rent,0.3688510436445167,0,6812.0,424.09,0.4311,0
768,180457,42989,84,Unemployed,Rent,0.1692292940306708,3,15038.08,670.04,0.2138,1
469,196229,43523,12,Retired,Mortgage,0.4332164113451432,1,16352.42,3786.0,0.6647,0
317,179543,2185,36,Self-employed,Mortgage,0.0991259334920836,1,14961.92,68.47,0.1037,0
837,191621,38769,24,Unemployed,Rent,0.5539928549349363,4,15968.42,1753.42,0.6638,0
633,122702,3041,12,Retired,Rent,0.2342137177442716,3,10225.17,264.53,0.2601,0
691,163526,3496,36,Employed,Rent,0.3387540966342309,0,13627.17,109.55,0.3468,1
786,55828,7758,84,Employed,Rent,0.0113395459997441,0,4652.33,120.92,0.0373,1
830,53900,17153,24,Employed,Mortgage,0.373587539952655,3,4491.67,775.78,0.5463,1
768,58408,24150,60,Self-employed,Own,0.2786182387790163,3,4867.33,489.67,0.3792,1
674,63684,26198,36,Unemployed,Own,0.2134358451386401,3,5307.0,820.95,0.3681,1
821,143402,31675,24,Employed,Mortgage,0.382716234907746,0,11950.17,1432.57,0.5026,1
724,72352,39783,120,Employed,Own,0.0404874469089401,1,6029.33,482.68,0.1205,1
444,178154,9921,120,Employed,Mortgage,0.3843670092902538,3,14846.17,120.37,0.3925,0
480,88739,33917,24,Employed,Mortgage,0.0199896389090249,3,7394.92,1533.97,0.2274,0
709,137995,46627,24,Employed,Mortgage,0.3073112153645405,5,11499.58,2108.81,0.4907,1
606,190324,45914,60,Employed,Rent,0.425570274125862,2,15860.33,930.97,0.4843,0
520,143596,40539,12,Employed,Mortgage,0.5944335110811984,2,11966.33,3526.42,0.8891,0
587,55595,4109,12,Employed,Mortgage,0.3434434002097626,2,4632.92,357.44,0.4206,0
733,105020,48912,60,Employed,Mortgage,0.1905438281132936,3,8751.67,991.76,0.3039,1
622,197119,42375,12,Employed,Rent,0.2935694049129198,5,16426.58,3686.13,0.518,0
747,60029,2709,24,Employed,Mortgage,0.4418396417938328,0,5002.42,122.52,0.4663,1
559,175445,9939,60,Employed,Mortgage,0.0801929989102742,3,14620.42,201.53,0.094,0
574,20610,44123,12,Employed,Rent,0.1075654620804744,5,1717.5,3838.19,2.3423,0
591,192662,24180,120,Unemployed,Rent,0.5483773115519237,0,16055.17,293.37,0.5666,0
340,194932,36363,120,Employed,Rent,0.301059103230702,3,16244.33,441.18,0.3282,0
439,107130,47349,84,Employed,Own,0.0394128782225037,0,8927.5,737.99,0.1221,0
448,141053,5538,120,Retired,Mortgage,0.2146252085083518,4,11754.42,67.19,0.2203,0
460,45613,43956,24,Employed,Rent,0.3226946558890576,5,3801.08,1988.01,0.8457,0
568,181933,39512,24,Self-employed,Mortgage,0.0167396649638317,5,15161.08,1787.02,0.1346,0
753,170417,22979,36,Employed,Rent,0.0134769320508501,1,14201.42,720.08,0.0642,1
372,188629,13078,60,Self-employed,Mortgage,0.4390896132562862,4,15719.08,265.17,0.456,0
661,168387,10894,24,Self-employed,Own,0.0164382810249932,1,14032.25,492.71,0.0516,1
809,177418,10292,36,Employed,Mortgage,0.5478240218892703,5,14784.83,322.51,0.5696,1
620,99925,49474,36,Employed,Own,0.5801674122737123,1,8327.08,1550.34,0.7663,0
497,126342,36071,84,Employed,Own,0.04170443206709,1,10528.5,562.21,0.0951,0
516,84225,19989,36,Employed,Own,0.19378464199799,2,7018.75,626.38,0.283,0
600,103023,25973,12,Self-employed,Mortgage,0.2880188900503562,5,8585.25,2259.35,0.5512,0
539,109390,44589,84,Employed,Mortgage,0.3934103983538813,0,9115.83,694.97,0.4696,0
373,164251,32153,24,Retired,Rent,0.3101849174626944,1,13687.58,1454.19,0.4164,0
846,165119,11937,84,Employed,Rent,0.1715128552295245,0,13759.92,186.05,0.185,1
454,104367,34613,60,Employed,Own,0.1077275760777091,1,8697.25,701.83,0.1884,0
711,194377,16222,120,Employed,Own,0.2253924541788627,5,16198.08,196.82,0.2375,1
843,199460,19070,24,Employed,Mortgage,0.4993441676769219,3,16621.67,862.48,0.5512,1
811,56906,20653,84,Employed,Mortgage,0.1715082062507557,1,4742.17,321.9,0.2394,1
802,77705,39638,12,Retired,Rent,0.3069147827686621,2,6475.42,3448.05,0.8394,0
365,192832,6328,84,Self-employed,Own,0.3269802896137858,5,16069.33,98.63,0.3331,0
842,54508,4504,84,Employed,Rent,0.1922231147529495,3,4542.33,70.2,0.2077,1
640,71852,27578,84,Employed,Rent,0.1412102102391977,2,5987.67,429.84,0.213,0
760,167224,29706,36,Employed,Rent,0.5977038620233988,1,13935.33,930.88,0.6645,0
401,87188,2775,12,Employed,Own,0.0628913050426027,1,7265.67,241.39,0.0961,0
678,172540,15057,36,Employed,Own,0.3071758362963226,1,14378.33,471.83,0.34,1
671,81421,45137,84,Employed,Rent,0.2903262182704557,0,6785.08,703.51,0.394,1
683,68998,48883,12,Employed,Rent,0.1398940694282393,5,5749.83,4252.26,0.8794,0
411,71780,26954,12,Employed,Mortgage,0.1341039658555126,4,5981.67,2344.69,0.5261,0
701,41328,19922,24,Self-employed,Rent,0.5443168564054427,0,3444.0,901.02,0.8059,0
345,185060,27390,12,Employed,Own,0.4346656151367862,4,15421.67,2382.61,0.5892,0
636,49326,1618,24,Self-employed,Own,0.168220294423963,3,4110.5,73.18,0.186,0
832,102786,45713,84,Retired,Mortgage,0.0314418253554444,4,8565.5,712.49,0.1146,1
661,176360,12718,24,Self-employed,Rent,0.3372407540720019,1,14696.67,575.2,0.3764,1
348,71754,14213,60,Employed,Rent,0.5213740264063926,4,5979.5,288.19,0.5696,0
787,170013,15787,84,Employed,Mortgage,0.1085647033946643,5,14167.75,246.06,0.1259,1
643,65788,4885,60,Unemployed,Rent,0.5902002316590624,0,5482.33,99.05,0.6083,0
395,75289,48129,120,Unemployed,Mortgage,0.3623745626739356,3,6274.08,583.94,0.4554,0
302,34234,49897,36,Unemployed,Own,0.2987231796393653,0,2852.83,1563.59,0.8468,0
497,132768,46193,120,Self-employed,Mortgage,0.355138113452411,3,11064.0,560.45,0.4058,0
593,33194,35065,84,Unemployed,Mortgage,0.528365603474006,5,2766.17,546.53,0.7259,0
737,40169,12419,12,Self-employed,Own,0.5697275720679139,4,3347.42,1080.31,0.8925,0
377,24715,43168,24,Self-employed,Own,0.576809414166847,1,2059.58,1952.37,1.5248,0
702,27760,26640,36,Retired,Rent,0.4533200449512596,4,2313.33,834.8,0.8142,0
795,44725,4006,24,Self-employed,Own,0.4170436147067302,4,3727.08,181.18,0.4657,0
850,127238,1941,36,Self-employed,Rent,0.3144480986716626,2,10603.17,60.82,0.3202,1
694,87858,19902,84,Employed,Mortgage,0.3724286605567379,3,7321.5,310.2,0.4148,1
580,120728,42878,12,Unemployed,Mortgage,0.2463710909102761,0,10060.67,3729.89,0.6171,0
819,62933,30322,36,Employed,Rent,0.4699269542281251,4,5244.42,950.18,0.6511,0
471,85123,3344,24,Employed,Own,0.5507993624573363,4,7093.58,151.24,0.5721,0
736,32232,5782,120,Employed,Mortgage,0.3683342092704212,4,2686.0,70.15,0.3945,0
595,144842,18087,120,Self-employed,Own,0.0920234490768691,1,12070.17,219.45,0.1102,0
813,96723,11910,12,Employed,Rent,0.1800786468454435,5,8060.25,1036.03,0.3086,1
678,148998,18073,24,Employed,Own,0.5059060972963529,0,12416.5,817.39,0.5717,1
403,159352,30646,60,Self-employed,Mortgage,0.079177576200932,5,13279.33,621.39,0.126,0
838,136716,20258,36,Employed,Mortgage,0.274258038603985,0,11393.0,634.81,0.33,1
708,46149,22405,12,Employed,Own,0.4152057970182723,1,3845.75,1948.98,0.922,0
699,124388,16815,84,Employed,Own,0.2719137877367596,3,10365.67,262.08,0.2972,1
585,31504,34179,12,Unemployed,Mortgage,0.2041123584708786,3,2625.33,2973.18,1.3366,0
541,41505,10918,12,Retired,Rent,0.358910744687074,4,3458.75,949.74,0.6335,0
620,179844,22320,36,Employed,Rent,0.0965435293253332,0,14987.0,699.43,0.1432,0
330,50490,9920,60,Retired,Own,0.4848616680224978,5,4207.5,201.14,0.5327,0
309,158464,25351,12,Unemployed,Own,0.3636674010767728,3,13205.33,2205.24,0.5307,0
371,130801,16469,84,Self-employed,Rent,0.1072904118666662,4,10900.08,256.69,0.1308,0
626,154192,32375,60,Self-employed,Mortgage,0.4583232951807223,3,12849.33,656.45,0.5094,0
534,148208,22919,24,Retired,Rent,0.3119759438162334,1,12350.67,1036.56,0.3959,0
480,41934,40236,60,Self-employed,Rent,0.5638146539567891,2,3494.5,815.84,0.7973,0
476,130014,28681,36,Employed,Rent,0.3193830817314108,1,10834.5,898.76,0.4023,0
659,53244,13955,84,Employed,Rent,0.5669407660932659,3,4437.0,217.51,0.616,0
669,54200,40244,36,Retired,Own,0.5626150527507171,5,4516.67,1261.1,0.8418,0
480,36075,27993,84,Self-employed,Rent,0.424909902995532,4,3006.25,436.3,0.57,0
793,168862,43436,36,Self-employed,Own,0.053700575259071,3,14071.83,1361.13,0.1504,1
563,118077,46482,24,Employed,Own,0.3526212170236315,4,9839.75,2102.25,0.5663,0
398,189623,31067,84,Retired,Own,0.3222913490537456,5,15801.92,484.22,0.3529,0
760,193399,23404,24,Retired,Mortgage,0.3110208973692152,5,16116.58,1058.5,0.3767,1
423,26218,8156,60,Employed,Rent,0.0620666476976603,0,2184.83,165.37,0.1378,0
530,156895,10928,60,Self-employed,Rent,0.5863499612356132,0,13074.58,221.58,0.6033,0
764,150863,37418,24,Employed,Rent,0.27866795379099,3,12571.92,1692.31,0.4133,1
820,112691,46505,120,Employed,Own,0.1397324629780804,5,9390.92,564.23,0.1998,1
763,182167,47966,36,Self-employed,Own,0.0405702055423566,5,15180.58,1503.08,0.1396,1
487,48019,16838,60,Employed,Own,0.524816506713324,2,4001.58,341.41,0.6101,0
472,191781,7786,12,Retired,Mortgage,0.0036671510378198,1,15981.75,677.29,0.046,0
821,85072,27735,120,Employed,Own,0.4700739531182302,5,7089.33,336.5,0.5175,1
304,22247,13029,36,Employed,Own,0.2838721306604491,4,1853.92,408.28,0.5041,0
726,131071,12051,12,Retired,Mortgage,0.4195541739728055,5,10922.58,1048.3,0.5155,1
322,41578,29116,120,Self-employed,Rent,0.2213511970754568,4,3464.83,353.26,0.3233,0
704,93689,1953,84,Employed,Rent,0.3701828879943224,0,7807.42,30.44,0.3741,1
639,156666,36322,36,Employed,Own,0.3854795856686982,2,13055.5,1138.2,0.4727,0
810,158915,2684,84,Unemployed,Own,0.4362151862320805,4,13242.92,41.83,0.4394,1
536,140639,10759,36,Employed,Rent,0.1171962196002309,2,11719.92,337.15,0.146,0
774,90686,39853,36,Employed,Rent,0.1597631901329248,1,7557.17,1248.85,0.325,1
743,123070,3870,12,Self-employed,Own,0.4083323972832571,0,10255.83,336.65,0.4412,1
763,132969,17407,24,Employed,Own,0.1795652311227198,3,11080.75,787.27,0.2506,1
791,73065,40363,60,Employed,Rent,0.3442469819298064,1,6088.75,818.42,0.4787,1
839,146050,24095,84,Self-employed,Rent,0.5458504579504884,5,12170.83,375.55,0.5767,1
551,164471,49273,12,Unemployed,Own,0.3076260462762987,5,13705.92,4286.18,0.6204,0
780,179086,18526,24,Employed,Rent,0.0599257228034832,3,14923.83,837.88,0.1161,1
420,148311,31987,120,Unemployed,Rent,0.1935021618253236,2,12359.25,388.09,0.2249,0
849,191256,1277,12,Unemployed,Own,0.5007456549521843,3,15938.0,111.08,0.5077,1
667,53633,23090,120,Employed,Own,0.1782949199881623,4,4469.42,280.15,0.241,1
703,35851,49532,60,Self-employed,Own,0.2229394684699484,0,2987.58,1004.33,0.5591,0
597,105072,22809,12,Employed,Rent,0.0076354370145306,5,8756.0,1984.12,0.2342,0
441,154240,28172,60,Employed,Own,0.1721740543118304,1,12853.33,571.23,0.2166,0
474,198545,7489,60,Employed,Own,0.0968252254182879,0,16545.42,151.85,0.106,0
620,100670,20260,84,Employed,Mortgage,0.4134184722697449,2,8389.17,315.78,0.4511,0
825,127051,35845,24,Employed,Rent,0.4313593542621961,4,10587.58,1621.17,0.5845,1
789,152537,22102,60,Employed,Own,0.5150996970105578,1,12711.42,448.15,0.5504,1
622,193228,25061,60,Employed,Own,0.2241370352528937,4,16102.33,508.15,0.2557,0
711,105483,4520,24,Self-employed,Rent,0.0885431377785163,4,8790.25,204.43,0.1118,1
410,88553,12803,60,Employed,Mortgage,0.2772087499720067,1,7379.42,259.6,0.3124,0
848,158981,23462,60,Employed,Mortgage,0.2690491020477216,5,13248.42,475.72,0.305,1
668,101407,39840,12,Employed,Rent,0.1959119207749484,2,8450.58,3465.62,0.606,0
724,65689,23575,24,Self-employed,Mortgage,0.4011102607190608,5,5474.08,1066.23,0.5959,1
670,80516,23331,60,Employed,Rent,0.2704733388015856,0,6709.67,473.07,0.341,1
462,171024,40098,36,Employed,Mortgage,0.0918312135145959,3,14252.0,1256.53,0.18,0
397,43304,8922,60,Employed,Mortgage,0.1095021867357262,2,3608.67,180.91,0.1596,0
812,143597,18738,12,Employed,Rent,0.3390751037531923,0,11966.42,1629.99,0.4753,1
463,98187,1342,84,Employed,Own,0.4051831974696347,1,8182.25,20.92,0.4077,0
613,150625,9342,60,Employed,Rent,0.2060048884637161,2,12552.08,189.42,0.2211,0
469,75895,5690,24,Employed,Mortgage,0.3786013450414656,4,6324.58,257.34,0.4193,0
353,38509,13110,36,Employed,Mortgage,0.5292093742133189,0,3209.08,410.82,0.6572,0
365,109603,8577,24,Retired,Mortgage,0.3148805693629179,4,9133.58,387.91,0.3574,0
707,92786,47147,84,Unemployed,Rent,0.4199941202181353,5,7732.17,734.84,0.515,1
641,47626,10463,84,Employed,Rent,0.1292015348331848,2,3968.83,163.08,0.1703,0
427,169103,1862,36,Employed,Rent,0.0739540855648877,3,14091.92,58.35,0.0781,0
847,120610,7636,12,Unemployed,Rent,0.4470634191393238,1,10050.83,664.24,0.5132,1
832,136622,5673,24,Self-employed,Rent,0.5675522812584526,4,11385.17,256.57,0.5901,1
587,135539,45271,84,Unemployed,Rent,0.5464954202181573,3,11294.92,705.6,0.609,0
380,113374,46992,24,Employed,Rent,0.2206266011110714,4,9447.83,2125.32,0.4456,0
660,191201,4078,84,Self-employed,Rent,0.5267920984017705,3,15933.42,63.56,0.5308,1
417,101655,42649,12,Employed,Rent,0.0975270008519695,3,8471.25,3709.97,0.5355,0
814,62279,16267,84,Employed,Own,0.2751379573968965,4,5189.92,253.54,0.324,1
501,187664,24434,84,Employed,Mortgage,0.2192373560918837,5,15638.67,380.83,0.2436,0
381,190952,6227,60,Employed,Mortgage,0.5023238713457704,2,15912.67,126.26,0.5103,0
467,144226,5916,120,Employed,Mortgage,0.3742423677970787,4,12018.83,71.78,0.3802,0
451,176327,1678,120,Employed,Mortgage,0.0988243559433404,1,14693.92,20.36,0.1002,0
612,58098,49373,60,Employed,Rent,0.4206682008615331,1,4841.5,1001.11,0.6274,0
535,69812,46898,24,Employed,Rent,0.0121968680474833,0,5817.67,2121.07,0.3768,0
476,55960,37327,36,Employed,Rent,0.0583426520289815,1,4663.33,1169.69,0.3092,0
434,111007,7673,36,Employed,Rent,0.097109490623602,3,9250.58,240.44,0.1231,0
360,30309,35626,24,Self-employed,Rent,0.0627746417745229,3,2525.75,1611.27,0.7007,0
719,124711,37817,36,Employed,Mortgage,0.5185943711170253,0,10392.58,1185.05,0.6326,0
737,35246,38046,36,Unemployed,Own,0.0536044908475352,2,2937.17,1192.22,0.4595,0
564,190064,41792,84,Employed,Own,0.1106388655458256,0,15838.67,651.38,0.1518,0
443,180511,42014,120,Unemployed,Rent,0.0489627887178729,5,15042.58,509.75,0.0828,0
835,27982,23446,60,Employed,Rent,0.1934358715890697,2,2331.83,475.4,0.3973,0
386,75175,28207,24,Retired,Own,0.0374504325470651,0,6264.58,1275.73,0.2411,0
687,45561,28288,36,Retired,Rent,0.1576735330962321,0,3796.75,886.44,0.3911,0
850,106456,17288,60,Retired,Rent,0.5792451608532706,4,8871.33,350.54,0.6188,0
465,106541,40083,36,Self-employed,Own,0.3489518420548076,3,8878.42,1256.06,0.4904,0
730,46018,12694,36,Employed,Rent,0.0232902038844213,4,3834.83,397.78,0.127,0
540,121895,19560,36,Self-employed,Rent,0.0357210446551768,0,10157.92,612.94,0.0961,0
317,38829,8494,12,Employed,Rent,0.1957779745732696,0,3235.75,738.88,0.4241,0
518,22678,38715,12,Employed,Rent,0.1988095684766258,1,1889.83,3367.76,1.9809,0
691,56944,24741,120,Employed,Rent,0.4572145729357174,4,4745.33,300.18,0.5205,1
356,58123,9548,60,Employed,Rent,0.0679152816242172,4,4843.58,193.6,0.1079,0
769,149439,13078,84,Employed,Own,0.3058194988731733,3,12453.25,203.84,0.3222,1
579,91419,28125,84,Employed,Mortgage,0.1250597180417907,2,7618.25,438.36,0.1826,0
355,87768,45824,84,Employed,Mortgage,0.0566338803828988,2,7314.0,714.22,0.1543,0
399,163630,41303,60,Unemployed,Own,0.2225187823596871,2,13635.83,837.48,0.2839,0
607,149938,28525,12,Employed,Mortgage,0.0407446397190621,2,12494.83,2481.34,0.2393,0
795,120470,32703,60,Employed,Mortgage,0.5014339285343724,1,10039.17,663.1,0.5675,1
828,101179,4327,24,Employed,Mortgage,0.0491826126203569,5,8431.58,195.7,0.0724,1
340,191192,22164,24,Employed,Own,0.3328044491461703,3,15932.67,1002.42,0.3957,0
667,192585,43033,36,Unemployed,Mortgage,0.2337588248843845,1,16048.75,1348.5,0.3178,1
769,50397,12500,12,Employed,Own,0.5874154323167221,3,4199.75,1087.36,0.8463,0
541,148019,28335,60,Employed,Rent,0.2089739888212369,0,12334.92,574.53,0.2556,0
755,103440,12982,60,Self-employed,Mortgage,0.4436334121919081,1,8620.0,263.23,0.4742,1
320,149061,38901,24,Employed,Mortgage,0.4891316935249314,1,12421.75,1759.39,0.6308,0
747,48642,6881,60,Employed,Rent,0.0266667619303223,5,4053.5,139.52,0.0611,0
767,29343,43678,12,Unemployed,Own,0.2932567382340916,5,2445.25,3799.48,1.8471,0
394,199030,7588,120,Employed,Rent,0.5502410124499207,0,16585.83,92.06,0.5558,0
816,148057,35003,24,Self-employed,Own,0.1547344736711067,1,12338.08,1583.09,0.283,1
478,134218,40960,60,Employed,Mortgage,0.2838112917759801,1,11184.83,830.52,0.3581,0
598,62080,34665,12,Self-employed,Rent,0.0851977989645158,0,5173.33,3015.45,0.6681,0
720,120151,14980,24,Employed,Own,0.4905266263364746,3,10012.58,677.5,0.5582,1
314,149241,33779,36,Self-employed,Rent,0.3347503526287133,3,12436.75,1058.51,0.4199,0
476,142028,11647,120,Employed,Rent,0.4629892336501086,4,11835.67,141.31,0.4749,0
430,130816,21618,60,Employed,Rent,0.1504474790111343,3,10901.33,438.34,0.1907,0
412,185859,10079,36,Employed,Own,0.3692354012756603,4,15488.25,315.84,0.3896,0
534,144611,34928,24,Unemployed,Mortgage,0.4603456249796084,2,12050.92,1579.7,0.5914,0
638,152322,34839,120,Self-employed,Mortgage,0.5546958153815841,0,12693.5,422.69,0.588,0
523,164422,28402,36,Unemployed,Rent,0.545902200025149,0,13701.83,890.02,0.6109,0
380,127879,33688,60,Self-employed,Own,0.399952373550196,2,10656.58,683.07,0.4641,0
761,106540,27894,36,Employed,Own,0.2072404616889062,4,8878.33,874.1,0.3057,1
442,95329,2049,12,Retired,Rent,0.5833269816894624,2,7944.08,178.24,0.6058,0
592,94559,4935,60,Self-employed,Rent,0.1619790354945461,0,7879.92,100.06,0.1747,0
360,40915,25151,84,Unemployed,Mortgage,0.2422638529811799,5,3409.58,392.01,0.3572,0
359,113394,25058,60,Self-employed,Own,0.5711510802521743,5,9449.5,508.09,0.6249,0
515,43461,43811,12,Employed,Own,0.2599472299613747,3,3621.75,3811.05,1.3122,0
698,128690,49732,36,Retired,Own,0.2150164028320911,3,10724.17,1558.42,0.3603,1
756,140436,31605,12,Employed,Mortgage,0.5096791182979082,0,11703.0,2749.27,0.7446,0
532,176461,18475,24,Employed,Mortgage,0.068998965570101,2,14705.08,835.57,0.1258,0
647,167413,2548,60,Employed,Own,0.0307593704677104,5,13951.08,51.66,0.0345,0
353,73651,4153,36,Unemployed,Rent,0.2475429993119994,0,6137.58,130.14,0.2687,0
481,94495,16782,36,Employed,Rent,0.5654941854750419,5,7874.58,525.89,0.6323,0
503,126505,35185,120,Self-employed,Own,0.1802255687525225,3,10542.08,426.89,0.2207,0
760,132352,48985,60,Self-employed,Own,0.2590779545218368,4,11029.33,993.24,0.3491,1
390,59612,10397,60,Self-employed,Rent,0.0238944113475582,5,4967.67,210.81,0.0663,0
490,186850,22343,12,Self-employed,Mortgage,0.3627965507791904,2,15570.83,1943.58,0.4876,0
350,117497,35725,84,Unemployed,Rent,0.1394849880872616,4,9791.42,556.82,0.1964,0
483,99416,13085,36,Employed,Mortgage,0.1404435081616864,0,8284.67,410.04,0.1899,0
621,103647,40289,84,Employed,Mortgage,0.0300066412595224,2,8637.25,627.95,0.1027,0
339,155350,36086,12,Unemployed,Mortgage,0.2079549248391736,0,12945.83,3139.06,0.4504,0
759,71959,31475,60,Employed,Rent,0.4411505198505547,1,5996.58,638.2,0.5476,1
824,82665,21955,24,Employed,Rent,0.0524852742144941,1,6888.75,992.97,0.1966,1
691,103115,42784,120,Employed,Own,0.5207294033209786,1,8592.92,519.09,0.5811,1
474,47043,11132,120,Employed,Own,0.0264375971274298,0,3920.25,135.06,0.0609,0
448,153923,1363,60,Self-employed,Rent,0.4477893424535359,5,12826.92,27.64,0.4499,0
434,72264,23207,24,Employed,Own,0.2458746524347162,0,6022.0,1049.59,0.4202,0
407,105417,27217,60,Employed,Rent,0.3868932968223335,2,8784.75,551.86,0.4497,0
490,127186,15274,60,Retired,Rent,0.5405171981118727,0,10598.83,309.7,0.5697,0
736,96317,10620,84,Employed,Mortgage,0.1286765743756443,2,8026.42,165.53,0.1493,1
579,46592,48410,60,Employed,Mortgage,0.4189276678039552,5,3882.67,981.58,0.6717,0
783,46202,38248,120,Employed,Rent,0.0952914957145244,4,3850.17,464.05,0.2158,0
394,160808,23001,12,Employed,Mortgage,0.0573262918830126,3,13400.67,2000.82,0.2066,0
457,20850,19459,84,Self-employed,Own,0.5237795490042736,5,1737.5,303.29,0.6983,0
618,26723,43635,24,Unemployed,Rent,0.5474190576504869,0,2226.92,1973.49,1.4336,0
567,136503,33039,84,Self-employed,Own,0.1246900357731824,1,11375.25,514.95,0.17,0
414,105341,13453,12,Unemployed,Own,0.2978638185415593,1,8778.42,1170.26,0.4312,0
757,44167,1819,24,Employed,Mortgage,0.2887238953661062,0,3680.58,82.27,0.3111,0
739,45188,4128,24,Self-employed,Rent,0.5298873744118313,5,3765.67,186.7,0.5795,0
322,188204,34121,60,Employed,Mortgage,0.4674092705931807,4,15683.67,691.85,0.5115,0
829,189667,1606,60,Employed,Mortgage,0.0299843727924824,1,15805.58,32.56,0.032,1
416,94231,11451,60,Employed,Mortgage,0.4869100651517485,5,7852.58,232.18,0.5165,0
569,81368,15277,84,Employed,Rent,0.2816679530282177,1,6780.67,238.11,0.3168,0
593,53934,29315,24,Employed,Rent,0.3248829857400543,5,4494.5,1325.84,0.6199,0
497,105597,27515,24,Employed,Rent,0.3050499169648867,3,8799.75,1244.43,0.4465,0
463,42606,23178,84,Employed,Own,0.544840081837456,4,3550.5,361.26,0.6466,0
676,23639,13771,12,Employed,Rent,0.1588540627389872,4,1969.92,1197.92,0.767,0
306,181019,6210,84,Retired,Mortgage,0.409556556070598,3,15084.92,96.79,0.416,0
585,157663,38936,24,Employed,Mortgage,0.2068550387688246,2,13138.58,1760.97,0.3409,0
595,110807,14319,36,Self-employed,Mortgage,0.1051893991632011,3,9233.92,448.71,0.1538,0
722,46235,34122,12,Employed,Rent,0.2178448840213831,0,3852.92,2968.22,0.9882,0
501,179492,42164,12,Employed,Rent,0.1772367735614828,3,14957.67,3667.78,0.4224,0
387,176497,12540,36,Employed,Rent,0.5725050288627195,0,14708.08,392.96,0.5992,0
622,103737,49997,60,Employed,Mortgage,0.4484487864958734,2,8644.75,1013.76,0.5657,0
330,104800,30814,120,Self-employed,Own,0.3376492449142206,0,8733.33,373.86,0.3805,0
638,158245,20847,60,Self-employed,Own,0.257251936358464,0,13187.08,422.7,0.2893,0
360,104055,4742,36,Employed,Own,0.1998840521511973,5,8671.25,148.6,0.217,0
806,47058,46103,60,Retired,Own,0.5750008279719047,4,3921.5,934.8,0.8134,0
573,29715,43728,120,Self-employed,Rent,0.2391265316847112,5,2476.25,530.54,0.4534,0
490,143147,35964,60,Employed,Mortgage,0.3581352871341377,4,11928.92,729.22,0.4193,0
604,101834,15520,36,Employed,Mortgage,0.0382248230679129,0,8486.17,486.34,0.0955,0
585,89100,18839,12,Employed,Mortgage,0.122440265001947,3,7425.0,1638.78,0.3432,0
698,193645,8208,12,Employed,Rent,0.0018787600505665,4,16137.08,714.0,0.0461,1
400,103895,43291,12,Self-employed,Own,0.5632435902340879,5,8657.92,3765.82,0.9982,0
449,163030,18438,60,Employed,Mortgage,0.4592176479123745,1,13585.83,373.86,0.4867,0
838,182210,14054,60,Employed,Mortgage,0.3768169711658904,3,15184.17,284.96,0.3956,1
839,34725,20967,60,Self-employed,Rent,0.198067267421008,1,2893.75,425.14,0.345,0
551,193493,35832,24,Self-employed,Own,0.0365526857331236,5,16124.42,1620.58,0.1371,0
363,183389,11532,120,Employed,Rent,0.4648499477520585,5,15282.42,139.91,0.474,0
716,150193,17598,120,Employed,Mortgage,0.4479699767640909,3,12516.08,213.51,0.465,1
644,194980,41031,36,Employed,Mortgage,0.1763688179776959,4,16248.33,1285.76,0.2555,0
625,24283,46056,12,Employed,Own,0.4535459714315909,2,2023.58,4006.34,2.4334,0
846,119293,10632,12,Self-employed,Own,0.4676690050056277,4,9941.08,924.86,0.5607,1
502,189645,28298,120,Employed,Mortgage,0.59205017645572,0,15803.75,343.33,0.6138,0
790,23773,44144,12,Employed,Mortgage,0.2859099231325063,3,1981.08,3840.02,2.2243,0
371,106115,7927,60,Employed,Own,0.1293219832571309,2,8842.92,160.73,0.1475,0
509,59555,24015,84,Employed,Own,0.2309968551926835,1,4962.92,374.3,0.3064,0
603,62717,15066,12,Employed,Own,0.1927318814932143,5,5226.42,1310.57,0.4435,0
569,31315,46223,84,Employed,Rent,0.4034466678899587,1,2609.58,720.44,0.6795,0
661,140963,47310,84,Self-employed,Mortgage,0.3232607273232599,0,11746.92,737.38,0.386,1
572,181521,29562,84,Employed,Own,0.1118755307380274,3,15126.75,460.76,0.1423,0
618,88829,35825,12,Self-employed,Rent,0.0433192193198826,5,7402.42,3116.36,0.4643,0
629,23354,21843,24,Employed,Rent,0.0731666779060633,4,1946.17,987.9,0.5808,0
396,20339,40046,36,Employed,Own,0.4849816651284194,1,1694.92,1254.9,1.2254,0
394,75706,26604,24,Self-employed,Own,0.2673342641288332,2,6308.83,1203.23,0.4581,0
337,61809,16350,84,Self-employed,Rent,0.595961462458822,4,5150.75,254.83,0.6454,0
393,54871,37738,120,Employed,Rent,0.5423450826236812,4,4572.58,457.87,0.6425,0
424,178328,45760,36,Employed,Rent,0.0693302945318049,4,14860.67,1433.95,0.1658,0
699,180728,31706,36,Employed,Mortgage,0.3448787774768385,4,15060.67,993.55,0.4108,1
479,35229,8007,24,Self-employed,Rent,0.1248905087791363,3,2935.75,362.13,0.2482,0
674,139114,36261,120,Self-employed,Own,0.4272904953825611,2,11592.83,439.95,0.4652,1
433,130996,11061,60,Employed,Own,0.2175266990406617,5,10916.33,224.28,0.2381,0
322,160980,34548,24,Unemployed,Mortgage,0.4100049775304199,4,13415.0,1562.51,0.5265,0
660,190437,44774,84,Unemployed,Rent,0.3049363355915425,0,15869.75,697.86,0.3489,1
453,175494,6000,120,Employed,Mortgage,0.226388599559531,0,14624.5,72.8,0.2314,0
843,185976,27905,12,Self-employed,Rent,0.4138041951801131,0,15498.0,2427.41,0.5704,1
719,76119,1895,12,Retired,Rent,0.5440331929246432,0,6343.25,164.84,0.57,1
825,56116,2039,24,Unemployed,Mortgage,0.1990367419107415,1,4676.33,92.22,0.2188,1
822,140503,18330,84,Employed,Own,0.2329915544677173,5,11708.58,285.7,0.2574,1
734,174780,32718,36,Employed,Rent,0.0411980007355106,5,14565.0,1025.26,0.1116,1
350,39552,31282,12,Unemployed,Own,0.5388088117852615,0,3296.0,2721.17,1.3644,0
591,185409,43006,24,Employed,Mortgage,0.1809364528289139,4,15450.75,1945.04,0.3068,0
345,125904,20165,24,Unemployed,Own,0.2489383130658838,2,10492.0,912.01,0.3359,0
769,85710,31594,24,Self-employed,Mortgage,0.3364865069373904,3,7142.5,1428.91,0.5365,1
569,126421,27011,60,Retired,Own,0.1915045958018471,0,10535.08,547.69,0.2435,0
324,196146,24686,84,Employed,Rent,0.196287196294067,4,16345.5,384.76,0.2198,0
532,25249,7154,60,Self-employed,Rent,0.1368812019149345,4,2104.08,145.06,0.2058,0
436,186242,23954,12,Self-employed,Mortgage,0.2729297736316608,0,15520.17,2083.72,0.4072,0
526,135943,17104,36,Retired,Own,0.4318392557138219,3,11328.58,535.98,0.4792,0
714,28083,22910,24,Employed,Mortgage,0.5630251452057624,1,2340.25,1036.16,1.0058,0
711,32736,45361,24,Employed,Rent,0.3094385549677982,0,2728.0,2051.56,1.0615,0
825,92216,25078,12,Self-employed,Rent,0.4596783126760586,2,7684.67,2181.5,0.7436,0
692,172038,28762,12,Employed,Own,0.5938035132644979,3,14336.5,2501.96,0.7683,0
613,40929,32724,84,Unemployed,Mortgage,0.4442797105201446,2,3410.75,510.04,0.5938,0
714,64454,47484,12,Employed,Own,0.0270881686506675,0,5371.17,4130.56,0.7961,0
655,162222,17842,60,Employed,Rent,0.2895558503941594,3,13518.5,361.77,0.3163,1
564,193428,31157,120,Employed,Own,0.5883791898607498,4,16119.0,378.02,0.6118,0
842,49142,26313,24,Retired,Own,0.038778984535124,2,4095.17,1190.07,0.3294,0
525,183534,23956,60,Retired,Own,0.5344778946300526,0,15294.5,485.74,0.5662,0
348,48402,38757,84,Employed,Rent,0.472559021283548,4,4033.5,604.07,0.6223,0
568,117928,9018,84,Self-employed,Rent,0.1699219228630226,0,9827.33,140.56,0.1842,0
508,74962,37593,12,Self-employed,Mortgage,0.3479595678819901,4,6246.83,3270.16,0.8715,0
697,66502,3364,36,Employed,Own,0.2352115795388519,0,5541.83,105.42,0.2542,1
575,57267,19034,36,Employed,Mortgage,0.4665085302579809,3,4772.25,596.46,0.5915,0
640,167863,46058,12,Employed,Own,0.0751828016179425,0,13988.58,4006.51,0.3616,0
623,73703,6170,24,Self-employed,Rent,0.4658782791096338,4,6141.92,279.05,0.5113,0
801,76437,12914,12,Retired,Own,0.0899393848548369,5,6369.75,1123.37,0.2663,1
759,77090,35495,120,Self-employed,Own,0.5215454161613325,4,6424.17,430.65,0.5886,1
345,196647,9154,36,Self-employed,Mortgage,0.1865189773913903,0,16387.25,286.85,0.204,0
759,119988,31402,60,Employed,Rent,0.2157638969963007,4,9999.0,636.72,0.2794,1
627,69641,2911,60,Employed,Own,0.1804416272193827,3,5803.42,59.02,0.1906,0
666,89777,34198,36,Self-employed,Rent,0.0659715694528196,1,7481.42,1071.64,0.2092,1
314,70577,14657,84,Self-employed,Mortgage,0.443887563187939,3,5881.42,228.45,0.4827,0
680,134231,34100,12,Employed,Own,0.4311769321421235,4,11185.92,2966.31,0.6964,0
358,99925,2389,36,Retired,Own,0.0624212765000335,3,8327.08,74.86,0.0714,0
664,124685,14813,84,Unemployed,Mortgage,0.0708767552397269,4,10390.42,230.88,0.0931,1
479,118160,46441,84,Unemployed,Rent,0.3162148137411033,3,9846.67,723.84,0.3897,0
800,29669,8367,120,Employed,Mortgage,0.5017146712501808,0,2472.42,101.51,0.5428,0
520,186814,37044,12,Self-employed,Mortgage,0.1315639025077447,3,15567.83,3222.4,0.3386,0
493,193259,22268,12,Unemployed,Mortgage,0.5609363302423916,4,16104.92,1937.06,0.6812,0
537,152413,5764,24,Retired,Mortgage,0.3641437510097046,2,12701.08,260.69,0.3847,0
487,169883,11008,24,Employed,Own,0.1836387571863039,1,14156.92,497.86,0.2188,0
450,171699,38706,60,Employed,Rent,0.1635089002452303,2,14308.25,784.82,0.2184,0
330,120733,39994,120,Employed,Rent,0.0709516379234894,3,10061.08,485.24,0.1192,0
751,69398,46895,24,Employed,Mortgage,0.4239968767034925,3,5783.17,2120.93,0.7907,0
417,187249,9055,120,Employed,Own,0.5892808667702122,0,15604.08,109.86,0.5963,0
716,160514,8110,24,Self-employed,Rent,0.3633135683350646,2,13376.17,366.79,0.3907,1
405,35789,18119,60,Self-employed,Own,0.4677081891614766,5,2982.42,367.39,0.5909,0
315,88352,23800,84,Employed,Rent,0.195135807794167,3,7362.67,370.95,0.2455,0
367,36132,37534,24,Employed,Mortgage,0.1246866975822459,2,3011.0,1697.56,0.6885,0
561,25859,13882,36,Retired,Mortgage,0.284106228168797,3,2154.92,435.01,0.486,0
766,191010,14516,120,Self-employed,Rent,0.4375477520747403,0,15917.5,176.12,0.4486,1
678,97515,4297,84,Employed,Own,0.0575713795928014,0,8126.25,66.97,0.0658,1
587,160520,3331,12,Employed,Rent,0.3379185847164981,0,13376.67,289.76,0.3596,0
820,127464,31328,120,Self-employed,Rent,0.201424794227028,5,10622.0,380.1,0.2372,1
486,110466,1541,120,Employed,Mortgage,0.4127725314078136,1,9205.5,18.7,0.4148,0
545,52253,27783,12,Unemployed,Own,0.3894313809195688,2,4354.42,2416.8,0.9445,0
446,143857,11584,84,Employed,Mortgage,0.2823229781997932,2,11988.08,180.55,0.2974,0
666,147570,13705,120,Employed,Rent,0.5331195242062791,3,12297.5,166.28,0.5466,1
523,173154,30434,12,Self-employed,Mortgage,0.053681760431142,5,14429.5,2647.41,0.2372,0
577,178658,9798,12,Employed,Own,0.2168199446536217,2,14888.17,852.31,0.2741,0
792,58580,15570,24,Employed,Rent,0.0599839083447842,1,4881.67,704.19,0.2042,1
415,127272,31123,60,Self-employed,Rent,0.2365512861986309,1,10606.0,631.06,0.2961,0
721,159746,7405,24,Employed,Mortgage,0.2485585559188442,2,13312.17,334.91,0.2737,1
522,171941,11051,36,Self-employed,Own,0.16911516203924,5,14328.42,346.3,0.1933,0
530,38522,46741,12,Employed,Rent,0.5164640323504606,3,3210.17,4065.93,1.783,0
734,61371,15305,84,Employed,Mortgage,0.0729014590953176,2,5114.25,238.55,0.1195,1
407,160950,17491,24,Employed,Rent,0.0195280496040024,0,13412.5,791.07,0.0785,0
747,117970,30091,36,Employed,Mortgage,0.493768854759005,4,9830.83,942.94,0.5897,1
772,90167,12609,36,Unemployed,Own,0.2146774798838447,4,7513.92,395.12,0.2673,1
465,75467,6151,60,Self-employed,Own,0.2020141523873421,5,6288.92,124.72,0.2218,0
349,27381,14647,84,Employed,Mortgage,0.1407903469582458,5,2281.75,228.29,0.2408,0
327,21309,43329,120,Employed,Own,0.599170903861559,4,1775.75,525.7,0.8952,0
617,182305,24638,84,Employed,Mortgage,0.5002202775322359,2,15192.08,384.01,0.5255,0
521,66306,49536,24,Employed,Mortgage,0.0352842825489052,1,5525.5,2240.38,0.4407,0
582,20644,33734,12,Unemployed,Rent,0.4540711755835956,2,1720.33,2934.47,2.1598,0
440,90431,19427,120,Employed,Rent,0.234722930052841,4,7535.92,235.7,0.266,0
792,51428,11700,60,Self-employed,Mortgage,0.021047041826696,0,4285.67,237.23,0.0764,1
638,131469,27513,84,Unemployed,Own,0.0403114156999554,5,10955.75,428.82,0.0795,0
813,79663,5185,12,Unemployed,Own,0.4958758539222886,2,6638.58,451.04,0.5638,1
338,45748,29226,36,Self-employed,Rent,0.3292649442903455,1,3812.33,915.84,0.5695,0
749,183148,11733,60,Employed,Own,0.2549233544678986,2,15262.33,237.9,0.2705,1
726,92300,48419,84,Employed,Rent,0.4582871868058358,0,7691.67,754.67,0.5564,1
689,154740,10679,84,Employed,Mortgage,0.3636631927256794,0,12895.0,166.45,0.3766,1
361,181554,40191,84,Employed,Rent,0.3341843687134861,1,15129.5,626.43,0.3756,0
758,93422,26693,120,Retired,Own,0.3255555388272976,5,7785.17,323.86,0.3672,1
330,89345,16445,120,Self-employed,Mortgage,0.5212672447812537,3,7445.42,199.52,0.5481,0
795,184322,17129,84,Employed,Rent,0.4283201361648916,3,15360.17,266.98,0.4457,1
776,93114,25953,120,Unemployed,Rent,0.5722880001048987,2,7759.5,314.88,0.6129,0
741,112018,35288,60,Employed,Own,0.0423960188407567,0,9334.83,715.51,0.119,1
646,163969,3417,84,Employed,Mortgage,0.2878901658249456,4,13664.08,53.26,0.2918,0
491,101472,17828,24,Employed,Own,0.4685014120109101,2,8456.0,806.31,0.5639,0
634,40929,13092,84,Employed,Rent,0.0026569491239175,2,3410.75,204.05,0.0625,0
373,168494,27830,36,Employed,Own,0.4590508853001913,1,14041.17,872.09,0.5212,0
441,57612,46295,24,Self-employed,Own,0.0243398814526753,0,4801.0,2093.8,0.4605,0
489,96456,25129,120,Self-employed,Own,0.1046933493100393,2,8038.0,304.88,0.1426,0
648,148249,20188,36,Retired,Own,0.141430329771042,2,12354.08,632.62,0.1926,0
636,115005,48477,12,Self-employed,Rent,0.5099867792265145,2,9583.75,4216.94,0.95,0
624,27814,18303,24,Employed,Rent,0.1595829317954303,4,2317.83,827.8,0.5167,0
566,144549,45820,84,Unemployed,Rent,0.207449319887192,3,12045.75,714.16,0.2667,0
798,131327,36144,12,Employed,Own,0.1215101187915936,5,10943.92,3144.11,0.4088,1
692,56331,32345,36,Employed,Mortgage,0.5860879905285243,2,4694.25,1013.57,0.802,0
444,36274,8798,60,Employed,Rent,0.122810377372165,5,3022.83,178.39,0.1818,0
565,158438,18113,120,Employed,Rent,0.181878730200985,2,13203.17,219.76,0.1985,0
745,155874,5090,24,Employed,Own,0.0562551513250917,1,12989.5,230.21,0.074,1
360,109709,1128,24,Employed,Rent,0.4345040748359342,5,9142.42,51.02,0.4401,0
754,119028,49967,60,Employed,Rent,0.1709870757261197,5,9919.0,1013.15,0.2731,1
432,119370,48035,84,Unemployed,Rent,0.1568511185116909,5,9947.5,748.68,0.2321,0
597,21615,9120,12,Employed,Mortgage,0.3572394960981686,3,1801.25,793.33,0.7977,0
406,186130,20827,12,Employed,Mortgage,0.4874256749799857,4,15510.83,1811.71,0.6042,0
561,25634,24509,24,Employed,Rent,0.4451676381146839,0,2136.17,1108.48,0.9641,0
342,75839,13015,24,Self-employed,Own,0.2540447047220297,3,6319.92,588.63,0.3472,0
377,34866,4832,12,Employed,Own,0.0715444978328712,2,2905.5,420.33,0.2162,0
806,52951,38839,84,Employed,Own,0.1314693999816159,3,4412.58,605.35,0.2687,1
507,67178,49860,36,Retired,Rent,0.1768009247305528,1,5598.17,1562.43,0.4559,0
563,118714,5033,36,Employed,Mortgage,0.4965666621213008,3,9892.83,157.72,0.5125,0
849,102932,41281,12,Unemployed,Rent,0.3365247061526761,4,8577.67,3590.97,0.7552,0
450,149124,40976,84,Retired,Mortgage,0.2648775088977129,4,12427.0,638.66,0.3163,0
711,117809,17350,36,Self-employed,Rent,0.0611978736780334,1,9817.42,543.69,0.1166,1
526,165262,13074,84,Unemployed,Rent,0.4157242927102177,1,13771.83,203.77,0.4305,0
392,122327,15989,120,Employed,Own,0.206298970008742,1,10193.92,193.99,0.2253,0
722,156461,11279,60,Self-employed,Rent,0.4557365586524292,2,13038.42,228.7,0.4733,1
797,59241,7551,84,Employed,Rent,0.1362288253916459,2,4936.75,117.69,0.1601,1
410,41379,47757,36,Employed,Mortgage,0.335651165319013,1,3448.25,1496.53,0.7696,0
649,76389,39619,84,Employed,Own,0.1015683824570983,3,6365.75,617.51,0.1986,0
836,85909,29616,12,Employed,Rent,0.4197225689987302,4,7159.08,2576.25,0.7796,0
474,56824,25769,120,Retired,Own,0.2611619596794194,5,4735.33,312.65,0.3272,0
727,23888,48002,84,Unemployed,Rent,0.4230063954450432,2,1990.67,748.17,0.7988,0
450,48283,20584,84,Employed,Own,0.0802110454812813,0,4023.58,320.83,0.1599,0
822,143756,18859,12,Employed,Rent,0.5557295438803496,3,11979.67,1640.51,0.6927,0
621,106424,1176,24,Retired,Own,0.330892148358305,5,8868.67,53.19,0.3369,0
687,127406,7052,60,Employed,Rent,0.4074049606000079,0,10617.17,142.99,0.4209,1
791,140971,36199,24,Unemployed,Rent,0.3054269049173916,5,11747.58,1637.18,0.4448,1
758,22542,10296,84,Employed,Mortgage,0.2999058254857364,5,1878.5,160.48,0.3853,0
331,184387,18909,24,Employed,Mortgage,0.488771634990112,1,15365.58,855.2,0.5444,0
583,172083,39744,36,Retired,Rent,0.3611784440011821,0,14340.25,1245.43,0.448,0
330,135202,48242,120,Self-employed,Mortgage,0.1800286004584458,0,11266.83,585.31,0.232,0
712,93806,18550,120,Employed,Mortgage,0.5883482696099279,0,7817.17,225.06,0.6171,0
439,106134,22608,84,Retired,Rent,0.3824410885840365,1,8844.5,352.37,0.4223,0
496,114028,10923,36,Unemployed,Own,0.4361125072504627,1,9502.33,342.29,0.4721,0
631,91116,15779,60,Self-employed,Own,0.3208654839314977,4,7593.0,319.94,0.363,0
541,64937,25019,24,Retired,Rent,0.3369826612716188,0,5411.42,1131.54,0.5461,0
752,113467,19341,120,Employed,Mortgage,0.580760397590862,1,9455.58,234.66,0.6056,0
641,199751,45994,12,Unemployed,Mortgage,0.0734164933131383,4,16645.92,4000.95,0.3138,0
561,192797,2577,84,Employed,Mortgage,0.4265149789776977,3,16066.42,40.17,0.429,0
594,93708,5889,84,Employed,Own,0.4773311067439041,5,7809.0,91.79,0.4891,0
651,151764,24896,120,Self-employed,Mortgage,0.0427460486959191,0,12647.0,302.06,0.0666,1
604,89734,33155,120,Employed,Rent,0.3675705883453097,3,7477.83,402.26,0.4214,0
319,59133,21755,84,Employed,Rent,0.4703558844942103,0,4927.75,339.08,0.5392,0
806,123656,24500,84,Self-employed,Own,0.4158336007813488,5,10304.67,381.86,0.4529,1
431,55038,36935,24,Employed,Own,0.1206739748650308,1,4586.5,1670.47,0.4849,0
451,43876,4823,12,Self-employed,Rent,0.5394044472958787,4,3656.33,419.55,0.6542,0
766,141328,11937,36,Employed,Own,0.2029988483526776,2,11777.33,374.06,0.2348,1
767,21907,46456,36,Self-employed,Own,0.5745331767700421,0,1825.58,1455.76,1.372,0
350,164661,4039,24,Employed,Rent,0.3454335516891277,4,13721.75,182.67,0.3587,0
300,48542,12795,24,Employed,Mortgage,0.3992306429274025,0,4045.17,578.68,0.5423,0
410,42074,26526,24,Employed,Mortgage,0.0278813572633181,2,3506.17,1199.7,0.37,0
737,126437,38792,84,Employed,Mortgage,0.3437338940729594,2,10536.42,604.62,0.4011,1
695,42597,37882,60,Employed,Own,0.3310028304841957,1,3549.75,768.11,0.5474,0
721,54212,41720,120,Employed,Mortgage,0.5172239814552193,3,4517.67,506.18,0.6293,0
615,197002,42719,84,Retired,Rent,0.157115682155173,4,16416.83,665.83,0.1977,0
340,171681,24965,12,Self-employed,Rent,0.334479831318115,1,14306.75,2171.67,0.4863,0
482,96710,19876,60,Retired,Rent,0.0894306224363471,1,8059.17,403.01,0.1394,0
695,27173,20773,84,Unemployed,Rent,0.3176866371671289,2,2264.42,323.77,0.4607,0
622,58885,27590,60,Unemployed,Mortgage,0.2887684219527165,5,4907.08,559.43,0.4028,0
580,25169,2849,36,Employed,Own,0.2824245355185584,1,2097.42,89.28,0.325,0
507,97367,12914,84,Employed,Own,0.1716851431847999,4,8113.92,201.28,0.1965,0
672,148138,21601,120,Unemployed,Rent,0.2637947066788426,5,12344.83,262.08,0.285,1
808,37621,31610,60,Retired,Mortgage,0.1402888899691778,0,3135.08,640.94,0.3447,0
543,87143,42850,84,Employed,Own,0.3583076930089356,1,7261.92,667.87,0.4503,0
413,151761,8840,60,Employed,Rent,0.5069968703856318,5,12646.75,179.24,0.5212,0
455,29819,22084,36,Self-employed,Rent,0.5986890709265817,1,2484.92,692.03,0.8772,0
748,65581,12146,36,Employed,Mortgage,0.046577795795607,2,5465.08,380.61,0.1162,1
540,155076,5411,60,Retired,Mortgage,0.1509051971501689,4,12923.0,109.72,0.1594,0
847,124285,29885,84,Retired,Mortgage,0.3500447159633033,4,10357.08,465.79,0.395,1
821,114644,36252,36,Unemployed,Rent,0.1671169178602393,1,9553.67,1136.01,0.286,1
588,116510,38573,84,Employed,Own,0.5354829916973642,5,9709.17,601.21,0.5974,0
691,165885,27078,60,Employed,Own,0.1794628444105384,5,13823.75,549.04,0.2192,1
426,186466,5226,12,Employed,Rent,0.4912447428488513,3,15538.83,454.6,0.5205,0
543,178385,40647,84,Employed,Rent,0.1453701918696408,2,14865.42,633.53,0.188,0
541,188264,47847,84,Employed,Rent,0.1611493055670411,1,15688.67,745.75,0.2087,0
836,133755,38128,84,Unemployed,Mortgage,0.4328040398969006,1,11146.25,594.27,0.4861,1
725,61847,32305,120,Self-employed,Mortgage,0.1069972623933503,1,5153.92,391.95,0.183,1
693,154758,1410,12,Employed,Own,0.2057737716263881,2,12896.5,122.65,0.2153,1
731,116593,16982,84,Employed,Mortgage,0.2619343750702617,1,9716.08,264.69,0.2892,1
587,109928,36434,12,Employed,Mortgage,0.0616997841405971,1,9160.67,3169.34,0.4077,0
740,59514,27382,84,Employed,Own,0.4648295390451509,4,4959.5,426.78,0.5509,1
513,55309,17166,84,Employed,Mortgage,0.2506367455686606,2,4609.08,267.55,0.3087,0
830,52233,41144,36,Employed,Rent,0.5211987896793034,0,4352.75,1289.3,0.8174,0
498,106563,47696,120,Employed,Own,0.5383971803434143,2,8880.25,578.68,0.6036,0
773,177235,18385,36,Employed,Mortgage,0.2126923732314946,1,14769.58,576.12,0.2517,1
451,131896,14684,84,Employed,Rent,0.2382458377525752,2,10991.33,228.87,0.2591,0
599,89585,33438,12,Employed,Own,0.5051581665980228,5,7465.42,2908.72,0.8948,0
753,23673,47839,120,Employed,Mortgage,0.4832138309149714,0,1972.75,580.42,0.7774,0
494,27057,43512,24,Unemployed,Rent,0.4414531597613962,2,2254.75,1967.93,1.3142,0
570,93649,48069,60,Unemployed,Own,0.4378715772112684,3,7804.08,974.67,0.5628,0
848,36524,41981,12,Employed,Rent,0.0392221296017041,5,3043.67,3651.86,1.239,0
778,107984,1060,120,Retired,Rent,0.4788250628353132,5,8998.67,12.86,0.4803,1
709,62113,11970,12,Self-employed,Rent,0.1881753732104025,0,5176.08,1041.25,0.3893,1
533,82834,5305,84,Employed,Mortgage,0.4024931510170735,1,6902.83,82.68,0.4145,0
699,190752,18468,24,Self-employed,Rent,0.4001716682353718,1,15896.0,835.26,0.4527,1
336,99365,36886,84,Employed,Mortgage,0.3971320161125131,3,8280.42,574.91,0.4666,0
708,167738,29320,120,Self-employed,Mortgage,0.5676405105489405,2,13978.17,355.73,0.5931,1
592,46220,41255,84,Retired,Mortgage,0.1814711861749721,3,3851.67,643.01,0.3484,0
305,189916,22082,12,Employed,Rent,0.103285862866762,4,15826.33,1920.88,0.2247,0
544,189533,32520,120,Self-employed,Own,0.4030923597055798,4,15794.42,394.56,0.4281,0
832,57844,45603,12,Retired,Rent,0.3754031195168297,1,4820.33,3966.93,1.1984,0
489,76882,8028,36,Employed,Rent,0.2737901745192568,4,6406.83,251.57,0.3131,0
505,153026,22308,36,Employed,Mortgage,0.4666868365029289,2,12752.17,699.05,0.5215,0
810,36573,44380,12,Unemployed,Rent,0.1985779323161405,4,3047.75,3860.55,1.4653,0
349,143425,36726,36,Self-employed,Own,0.1342068573877625,0,11952.08,1150.86,0.2305,0
432,74779,31331,120,Employed,Mortgage,0.4850332380893103,2,6231.58,380.13,0.546,0
706,198824,25714,60,Employed,Rent,0.3078038647673635,4,16568.67,521.39,0.3393,1
838,96000,40418,36,Retired,Own,0.5096948820363054,2,8000.0,1266.55,0.668,0
779,47034,19370,84,Employed,Rent,0.4774283438600719,3,3919.5,301.9,0.5545,0
609,144093,32586,36,Employed,Mortgage,0.3727021645571065,0,12007.75,1021.13,0.4577,0
516,191468,47592,84,Employed,Own,0.5285478038855598,2,15955.67,741.78,0.575,0
764,84973,8287,24,Employed,Rent,0.3758704263574014,3,7081.08,374.8,0.4288,1
304,126198,33744,24,Self-employed,Own,0.2251083242630324,3,10516.5,1526.15,0.3702,0
429,127768,13676,120,Self-employed,Mortgage,0.1187798823763523,1,10647.33,165.93,0.1344,0
625,148952,31485,24,Employed,Mortgage,0.4767972022886116,3,12412.67,1423.98,0.5915,0
587,47749,27661,120,Employed,Rent,0.0925126743692342,5,3979.08,335.6,0.1769,0
415,112686,16001,12,Employed,Rent,0.3511353889091104,5,9390.5,1391.9,0.4994,0
394,30808,11948,84,Employed,Rent,0.0565183136831269,2,2567.33,186.22,0.1291,0
312,126793,15863,60,Employed,Mortgage,0.3354541445169737,4,10566.08,321.64,0.3659,0
653,79635,18088,12,Employed,Mortgage,0.0876905745842006,5,6636.25,1573.45,0.3248,1
346,112484,8382,36,Unemployed,Rent,0.0230935739849992,5,9373.67,262.66,0.0511,0
495,136056,18960,120,Employed,Rent,0.1852542273808934,1,11338.0,230.04,0.2055,0
426,167224,13008,120,Employed,Own,0.4374736398560353,2,13935.33,157.82,0.4488,0
709,62470,13131,12,Employed,Own,0.0840223049004064,0,5205.83,1142.25,0.3034,1
313,44526,4735,36,Unemployed,Mortgage,0.4591141801703931,4,3710.5,148.38,0.4991,0
355,198358,10867,12,Employed,Rent,0.1943605155714345,5,16529.83,945.3,0.2515,0
469,73905,49336,120,Self-employed,Mortgage,0.3772385245448171,0,6158.75,598.58,0.4744,0
840,107971,35645,24,Employed,Rent,0.4004673769542002,2,8997.58,1612.13,0.5796,1
836,79038,16583,12,Employed,Mortgage,0.3861059915395563,3,6586.5,1442.53,0.6051,0
823,174374,8282,60,Self-employed,Mortgage,0.1847626710537799,0,14531.17,167.93,0.1963,1
732,101894,16837,36,Self-employed,Rent,0.1253813833200211,0,8491.17,527.61,0.1875,1
713,150326,46980,84,Employed,Mortgage,0.3238760131168362,3,12527.17,732.24,0.3823,1
336,69778,33487,120,Employed,Mortgage,0.2794936787476706,2,5814.83,406.29,0.3494,0
313,126482,49938,84,Employed,Own,0.0342668113975998,5,10540.17,778.34,0.1081,0
532,67432,5990,60,Employed,Own,0.1434032693513987,2,5619.33,121.46,0.165,0
312,80930,7444,12,Employed,Rent,0.4797167001606758,0,6744.17,647.54,0.5757,0
568,141218,13645,36,Employed,Own,0.553974876904803,0,11768.17,427.58,0.5903,0
716,178817,11651,24,Unemployed,Mortgage,0.4060755976540587,0,14901.42,526.94,0.4414,1
572,158982,37585,120,Self-employed,Rent,0.3119062078171994,2,13248.5,456.01,0.3463,0
332,192267,14542,12,Employed,Rent,0.3121981627567355,4,16022.25,1264.99,0.3912,0
713,67649,30253,120,Employed,Mortgage,0.5185475469261016,4,5637.42,367.05,0.5837,1
479,27575,29717,84,Unemployed,Own,0.1257844375628014,0,2297.92,463.18,0.3273,0
594,132465,10955,60,Employed,Rent,0.2006031644987398,1,11038.75,222.13,0.2207,0
390,36256,18145,24,Retired,Mortgage,0.3604970716130736,5,3021.33,820.65,0.6321,0
331,182237,6110,24,Employed,Mortgage,0.350144437558622,0,15186.42,276.34,0.3683,0
587,71282,41400,24,Employed,Mortgage,0.4652663902023137,4,5940.17,1872.41,0.7805,0
377,132163,24312,36,Employed,Own,0.0656310111517504,2,11013.58,761.85,0.1348,0
703,163970,1494,120,Self-employed,Rent,0.3656894931068402,1,13664.17,18.13,0.367,1
740,37073,36617,84,Employed,Mortgage,0.2560891276218451,4,3089.42,570.72,0.4408,0
655,177885,21677,60,Employed,Own,0.0781842116465609,1,14823.75,439.53,0.1078,1
302,94754,11709,24,Employed,Rent,0.4999094062446297,3,7896.17,529.57,0.567,0
667,91658,44531,36,Employed,Rent,0.0866791844154843,3,7638.17,1395.44,0.2694,1
730,194975,11077,12,Employed,Mortgage,0.5492578594946973,0,16247.92,963.57,0.6086,0
689,109962,42637,36,Employed,Mortgage,0.5196300127113198,2,9163.5,1336.09,0.6654,0
694,120749,39874,60,Employed,Mortgage,0.4887383066521385,4,10062.42,808.5,0.5691,1
801,138618,44798,120,Retired,Rent,0.2404540746628516,0,11551.5,543.52,0.2875,1
381,166375,2039,24,Self-employed,Mortgage,0.2269319762575756,2,13864.58,92.22,0.2336,0
368,112713,38541,120,Self-employed,Own,0.5328367633071414,2,9392.75,467.61,0.5826,0
627,182482,28660,12,Unemployed,Rent,0.0551598417265033,1,15206.83,2493.09,0.2191,0
319,140030,25537,36,Unemployed,Rent,0.0407194516144944,4,11669.17,800.24,0.1093,0
368,177871,36850,120,Self-employed,Own,0.5806834833843139,1,14822.58,447.09,0.6108,0
512,104822,33803,60,Employed,Rent,0.3989229225496888,1,8735.17,685.4,0.4774,0
681,96113,34233,24,Self-employed,Own,0.3734345668850402,4,8009.42,1548.27,0.5667,1
562,26577,29635,24,Employed,Rent,0.1367159458355879,3,2214.75,1340.31,0.7419,0
715,87789,1418,120,Employed,Own,0.1148051124857576,1,7315.75,17.2,0.1172,1
624,89237,44553,12,Employed,Own,0.1646191384832224,2,7436.42,3875.6,0.6858,0
537,191656,1997,60,Employed,Own,0.0439240959166421,3,15971.33,40.49,0.0465,0
625,163823,6909,84,Employed,Rent,0.405019697248899,4,13651.92,107.69,0.4129,0
613,144467,49450,12,Employed,Own,0.570108179355409,5,12038.92,4301.58,0.9274,0
588,40770,40641,12,Retired,Rent,0.1999228168283111,3,3397.5,3535.3,1.2405,0
553,75537,24852,24,Self-employed,Own,0.5455289363317051,2,6294.75,1123.99,0.7241,0
717,167617,12504,24,Employed,Own,0.3049920369530084,3,13968.08,565.52,0.3455,1
354,72726,49424,84,Self-employed,Own,0.2122508890161074,0,6060.5,770.33,0.3394,0
695,91286,9330,84,Self-employed,Own,0.3694550540061893,3,7607.17,145.42,0.3886,1
834,132001,5919,60,Employed,Own,0.1229811205670017,1,11000.08,120.02,0.1339,1
658,24419,28065,120,Employed,Own,0.3985831078582256,2,2034.92,340.51,0.5659,0
595,76142,1192,84,Self-employed,Mortgage,0.0392168764957121,5,6345.17,18.58,0.0421,0
313,146873,37964,36,Self-employed,Own,0.322730302984246,0,12239.42,1189.65,0.4199,0
493,113544,1777,24,Employed,Mortgage,0.1952997241736489,1,9462.0,80.37,0.2038,0
668,184378,44989,12,Retired,Mortgage,0.4571195195367664,2,15364.83,3913.52,0.7118,0
843,106514,3171,12,Self-employed,Mortgage,0.0639857295896205,2,8876.17,275.84,0.0951,1
423,155926,2787,36,Employed,Own,0.4910095444425105,5,12993.83,87.33,0.4977,0
785,142832,18284,36,Self-employed,Mortgage,0.4002382976137544,0,11902.67,572.95,0.4484,1
764,78078,18440,60,Self-employed,Mortgage,0.4353527666473502,3,6506.5,373.9,0.4928,1
589,109056,11849,120,Employed,Mortgage,0.5537120899038953,1,9088.0,143.76,0.5695,0
844,69728,49176,60,Employed,Own,0.488514766837596,3,5810.67,997.11,0.6601,0
693,96144,27412,84,Self-employed,Rent,0.4372320622521859,4,8012.0,427.25,0.4906,1
706,66200,40836,12,Employed,Rent,0.1192818959753443,0,5516.67,3552.26,0.7632,0
802,113417,33124,120,Employed,Mortgage,0.524427586897373,0,9451.42,401.89,0.5669,1
400,100568,37022,36,Employed,Own,0.1012245654882968,3,8380.67,1160.13,0.2397,0
762,176095,8730,84,Employed,Mortgage,0.4862932413691889,0,14674.58,136.07,0.4956,1
809,45261,25182,24,Self-employed,Mortgage,0.5131966522327613,2,3771.75,1138.91,0.8152,0
508,171018,4781,120,Employed,Mortgage,0.4117989085887627,3,14251.5,58.01,0.4159,0
784,95437,43170,36,Employed,Rent,0.0170478665614559,4,7953.08,1352.79,0.1871,1
790,90210,11531,84,Employed,Own,0.0065146763187366,3,7517.5,179.72,0.0304,1
419,21868,16534,24,Self-employed,Rent,0.1970391492754772,0,1822.33,747.79,0.6074,0
827,38498,33108,24,Self-employed,Own,0.0519657159387372,3,3208.17,1497.39,0.5187,0
616,25369,43918,24,Self-employed,Mortgage,0.0286677103337153,0,2114.08,1986.29,0.9682,0
791,52995,20436,12,Employed,Own,0.0200693140072667,0,4416.25,1777.7,0.4226,1
734,83330,37885,60,Employed,Mortgage,0.0258953128140722,4,6944.17,768.17,0.1365,1
733,187745,12341,120,Employed,Own,0.1771646518959072,0,15645.42,149.73,0.1867,1
586,180297,45591,60,Employed,Own,0.3763722965858361,3,15024.75,924.42,0.4379,0
303,173057,48800,120,Employed,Rent,0.1638408990613477,3,14421.42,592.08,0.2049,0
644,67394,9554,84,Employed,Own,0.1403253445361648,2,5616.17,148.91,0.1668,0
843,199086,11847,84,Employed,Own,0.224396114531844,1,16590.5,184.65,0.2355,1
694,161869,44555,84,Retired,Own,0.0812524246250425,4,13489.08,694.44,0.1327,1
400,178953,11764,12,Employed,Rent,0.2153650252069026,1,14912.75,1023.33,0.284,0
828,103063,6608,12,Employed,Rent,0.1925446727551463,0,8588.58,574.82,0.2595,1
485,56251,24834,24,Employed,Own,0.2989449749326901,4,4687.58,1123.17,0.5386,0
406,182586,38915,12,Retired,Own,0.3623162721782426,4,15215.5,3385.15,0.5848,0
390,149930,26384,24,Employed,Rent,0.4375930339779773,0,12494.17,1193.28,0.5331,0
375,55534,24597,36,Employed,Mortgage,0.2476464514999632,5,4627.83,770.78,0.4142,0
386,120889,29884,24,Retired,Mortgage,0.4508096778483527,3,10074.08,1351.57,0.585,0
328,47171,3517,60,Employed,Mortgage,0.2535064696798008,3,3930.92,71.31,0.2716,0
788,65031,17429,84,Self-employed,Mortgage,0.4926675893088524,0,5419.25,271.65,0.5428,1
611,128696,2317,60,Employed,Rent,0.156380669799058,1,10724.67,46.98,0.1608,0
369,36142,13437,60,Unemployed,Rent,0.442996218215189,4,3011.83,272.45,0.5335,0
628,185475,47388,12,Retired,Rent,0.0804406488216567,3,15456.25,4122.21,0.3471,0
513,127275,30078,84,Employed,Mortgage,0.1644877413270801,0,10606.25,468.8,0.2087,0
382,83391,20197,24,Unemployed,Rent,0.0762019371499513,4,6949.25,913.46,0.2076,0
336,59642,7280,36,Unemployed,Mortgage,0.0845893734577332,5,4970.17,228.13,0.1305,0
390,26160,40951,36,Employed,Own,0.2993382688178353,2,2180.0,1283.26,0.888,0
344,186479,46731,120,Employed,Rent,0.1372975051229872,2,15539.92,566.98,0.1738,0
500,24751,31914,120,Unemployed,Mortgage,0.2530478916728819,2,2062.58,387.2,0.4408,0
333,26926,46955,84,Employed,Mortgage,0.4583546518227299,0,2243.83,731.85,0.7845,0
809,177612,17401,60,Employed,Own,0.1821022932291846,4,14801.0,352.83,0.2059,1
769,133526,29052,36,Employed,Rent,0.3910674085780541,4,11127.17,910.38,0.4729,1
651,68355,29326,60,Employed,Rent,0.4692487204512113,3,5696.25,594.63,0.5736,1
333,114114,18267,12,Self-employed,Own,0.0187787430936179,1,9509.5,1589.02,0.1859,0
768,198627,22469,60,Unemployed,Rent,0.0876122321493459,4,16552.25,455.59,0.1151,1
744,114335,18517,12,Retired,Own,0.5284971865320996,4,9527.92,1610.76,0.6976,0
466,188823,11164,12,Employed,Rent,0.4368504413793136,0,15735.25,971.14,0.4986,0
529,159064,46826,60,Self-employed,Rent,0.2402866888299745,1,13255.33,949.46,0.3119,0
398,131900,6125,84,Employed,Own,0.0520582362508808,5,10991.67,95.47,0.0607,0
649,76582,40774,84,Employed,Mortgage,0.5667449431390741,5,6381.83,635.51,0.6663,0
609,168294,18415,36,Self-employed,Own,0.2614222432339613,5,14024.5,577.06,0.3026,0
605,161743,10027,120,Employed,Rent,0.2182737058503801,4,13478.58,121.66,0.2273,0
636,169469,2087,120,Employed,Mortgage,0.3109150047422658,0,14122.42,25.32,0.3127,0
479,84688,11261,12,Unemployed,Rent,0.2329870550143249,5,7057.33,979.58,0.3718,0
413,113063,7509,36,Self-employed,Mortgage,0.0930783952766995,3,9421.92,235.3,0.1181,0
758,123463,38062,12,Employed,Rent,0.4975036468182782,2,10288.58,3310.95,0.8193,0
801,180311,49978,12,Employed,Mortgage,0.3698831647741662,5,15025.92,4347.51,0.6592,0
378,57840,46972,24,Employed,Own,0.3385133990427921,3,4820.0,2124.42,0.7793,0
659,75634,5442,24,Unemployed,Rent,0.1673272330059316,1,6302.83,246.13,0.2064,1
362,193038,27447,60,Employed,Mortgage,0.4266747794876876,2,16086.5,556.53,0.4613,0
414,51156,20218,24,Employed,Mortgage,0.3666482924925176,4,4263.0,914.41,0.5811,0
604,99125,41758,36,Employed,Own,0.4204935316999876,4,8260.42,1308.54,0.5789,0
829,29298,45193,12,Employed,Mortgage,0.5310857674043581,1,2441.5,3931.27,2.1413,0
705,139442,9922,36,Employed,Rent,0.4442818757624839,5,11620.17,310.92,0.471,1
431,23518,30997,36,Self-employed,Rent,0.2304022487972261,0,1959.83,971.33,0.726,0
344,189299,19040,60,Retired,Mortgage,0.4325066594087977,1,15774.92,386.06,0.457,0
341,94450,44380,84,Employed,Own,0.0364237152838213,0,7870.83,691.72,0.1243,0
607,191408,22047,24,Employed,Rent,0.175049243775241,4,15950.67,997.13,0.2376,0
760,170538,16781,60,Self-employed,Rent,0.4485650063001437,0,14211.5,340.26,0.4725,1
735,39804,11173,12,Retired,Rent,0.3436540596976742,2,3317.0,971.92,0.6367,0
592,87332,19670,24,Employed,Mortgage,0.0731702618624059,3,7277.67,889.62,0.1954,0
530,44529,22320,60,Retired,Rent,0.4766943466393542,0,3710.75,452.57,0.5987,0
590,81846,11690,36,Retired,Mortgage,0.5975120633488447,4,6820.5,366.32,0.6512,0
739,34365,28367,24,Employed,Mortgage,0.0494261485629745,0,2863.75,1282.96,0.4974,0
487,130476,21659,84,Employed,Rent,0.1073941725987754,4,10873.0,337.58,0.1384,0
528,26530,26400,36,Employed,Rent,0.5168893339540644,4,2210.83,827.28,0.8911,0
741,122260,19960,12,Employed,Own,0.299111211931469,5,10188.33,1736.29,0.4695,1
792,127606,29349,12,Employed,Rent,0.3870625324709703,4,10633.83,2553.02,0.6271,0
615,48857,8900,36,Employed,Rent,0.5148305911437934,0,4071.42,278.89,0.5833,0
351,106656,42888,84,Employed,Own,0.0569212386280729,0,8888.0,668.46,0.1321,0
434,188265,44347,12,Employed,Mortgage,0.1523299478473133,0,15688.75,3857.68,0.3982,0
792,54357,4002,24,Employed,Mortgage,0.0113909392962173,3,4529.75,181.0,0.0513,1
342,78127,45073,120,Employed,Rent,0.2773492535997654,3,6510.58,546.86,0.3613,0
346,169823,45089,84,Employed,Mortgage,0.4032759818393353,1,14151.92,702.77,0.4529,0
533,105488,36569,24,Self-employed,Own,0.163296216530442,2,8790.67,1653.92,0.3514,0
490,27788,46423,60,Employed,Mortgage,0.2380564173431249,4,2315.67,941.29,0.6445,0
331,177684,1408,120,Self-employed,Rent,0.1909621748243955,5,14807.0,17.08,0.1921,0
622,45768,3214,24,Employed,Own,0.3052175821366356,1,3814.0,145.36,0.3433,0
408,84728,49876,60,Employed,Mortgage,0.4468820585019297,2,7060.67,1011.31,0.5901,0
772,74330,11855,60,Unemployed,Rent,0.0037795735318533,5,6194.17,240.38,0.0426,1
606,43881,38801,84,Self-employed,Rent,0.0671354995705401,3,3656.75,604.76,0.2325,0
527,93048,24335,84,Self-employed,Mortgage,0.3665210060632344,0,7754.0,379.29,0.4154,0
806,121835,9126,120,Self-employed,Mortgage,0.5567291176616278,1,10152.92,110.72,0.5676,1
448,134129,33655,36,Employed,Mortgage,0.2538373876670141,4,11177.42,1054.63,0.3482,0
807,35622,43081,84,Retired,Own,0.4085474824407514,5,2968.5,671.47,0.6347,0
639,37758,23732,12,Employed,Mortgage,0.0772942421865088,2,3146.5,2064.41,0.7334,0
388,130258,33422,84,Employed,Own,0.323864255097648,0,10854.83,520.92,0.3719,0
557,198723,5463,120,Employed,Own,0.3702546309160052,2,16560.25,66.28,0.3743,0
356,160775,49371,84,Unemployed,Rent,0.0778369331098453,1,13397.92,769.51,0.1353,0
739,23368,29592,12,Employed,Mortgage,0.396889183985584,0,1947.33,2574.16,1.7188,0
469,69317,48690,60,Self-employed,Own,0.2433581226711962,4,5776.42,987.26,0.4143,0
338,40746,22354,84,Employed,Rent,0.1643445496957942,2,3395.5,348.41,0.267,0
526,81162,45535,120,Unemployed,Own,0.2427417179552155,2,6763.5,552.47,0.3244,0
634,60238,19820,84,Employed,Mortgage,0.0499912810971643,4,5019.83,308.92,0.1115,0
811,72493,41464,60,Employed,Rent,0.223348601889894,1,6041.08,840.74,0.3625,1
472,157105,3829,12,Employed,Mortgage,0.4437582223361627,2,13092.08,333.08,0.4692,0
684,75576,4745,120,Self-employed,Own,0.2921947893330741,5,6298.0,57.57,0.3013,1
317,129815,24283,84,Employed,Mortgage,0.0333070049415536,4,10817.92,378.48,0.0683,0
718,119321,14308,12,Unemployed,Rent,0.1416062961017456,3,9943.42,1244.63,0.2668,1
652,92949,43243,24,Employed,Own,0.2904472564704459,5,7745.75,1955.76,0.5429,1
670,35201,20999,120,Self-employed,Rent,0.3080645474009212,4,2933.42,254.78,0.3949,0
495,173008,30280,24,Employed,Mortgage,0.1878076875774176,5,14417.33,1369.48,0.2828,0
316,92568,38068,24,Self-employed,Rent,0.31674013422395,5,7714.0,1721.71,0.5399,0
336,133850,43522,36,Unemployed,Own,0.0628476638456959,2,11154.17,1363.82,0.1851,0
363,187968,35160,84,Unemployed,Own,0.5236548362307077,0,15664.0,548.01,0.5586,0
312,127075,35133,24,Retired,Rent,0.4334658983238006,1,10589.58,1588.97,0.5835,0
724,55182,36380,84,Employed,Rent,0.3996067530575296,4,4598.5,567.03,0.5229,1
607,109311,8643,36,Employed,Rent,0.5651654471741625,2,9109.25,270.84,0.5949,0
684,166997,14168,120,Unemployed,Mortgage,0.2624863441747652,2,13916.42,171.9,0.2748,1
643,197870,15465,60,Self-employed,Own,0.0681007392324619,1,16489.17,313.57,0.0871,0
335,30390,3845,120,Retired,Own,0.0451129525602603,2,2532.5,46.65,0.0635,0
565,104055,22082,36,Retired,Mortgage,0.3722858927819323,1,8671.25,691.97,0.4521,0
414,118877,33745,24,Employed,Rent,0.0328706804868649,1,9906.42,1526.19,0.1869,0
302,145677,43801,12,Employed,Rent,0.4234395061276024,2,12139.75,3810.18,0.7373,0
549,55896,12947,24,Employed,Mortgage,0.4239079586095431,0,4658.0,585.56,0.5496,0
828,176794,20534,120,Employed,Rent,0.2329717098587771,4,14732.83,249.13,0.2499,1
389,30637,27450,120,Unemployed,Mortgage,0.2994974957458664,5,2553.08,333.04,0.4299,0
333,23532,16193,36,Unemployed,Rent,0.1817449210837081,1,1961.0,507.43,0.4405,0
474,81296,16390,24,Self-employed,Own,0.1125323232548921,4,6774.67,741.28,0.222,0
753,103353,40301,24,Employed,Rent,0.432746637775966,4,8612.75,1822.71,0.6444,0
568,158687,47515,24,Employed,Mortgage,0.3451700535873154,2,13223.92,2148.97,0.5077,0
643,59863,20723,24,Employed,Mortgage,0.4757282874754003,5,4988.58,937.25,0.6636,0
782,64477,48660,60,Employed,Own,0.352875556336371,4,5373.08,986.65,0.5365,1
484,158974,25447,36,Retired,Rent,0.4795648712955369,2,13247.83,797.42,0.5398,0
331,116657,9443,36,Employed,Rent,0.3998836334119808,5,9721.42,295.91,0.4303,0
309,149521,5193,12,Unemployed,Own,0.26217880693184,5,12460.08,451.73,0.2984,0
511,154815,34549,60,Retired,Mortgage,0.3191103248508438,5,12901.25,700.53,0.3734,0
688,124328,18516,24,Employed,Rent,0.2982862354638592,1,10360.67,837.43,0.3791,1
722,104365,32565,120,Employed,Own,0.2385334715263386,0,8697.08,395.1,0.284,1
589,165416,26739,60,Unemployed,Mortgage,0.5281063157855376,0,13784.67,542.17,0.5674,0
676,175893,18185,24,Employed,Own,0.1438518776787882,3,14657.75,822.46,0.2,1
681,112047,41276,36,Employed,Mortgage,0.443256687266072,5,9337.25,1293.44,0.5818,1
567,60249,44351,12,Employed,Rent,0.2610077141075814,3,5020.75,3858.02,1.0294,0
542,39720,28719,36,Employed,Rent,0.2940119110054592,5,3310.0,899.95,0.5659,0
576,116321,31224,12,Employed,Rent,0.2588193464027253,3,9693.42,2716.13,0.539,0
841,121218,40749,60,Employed,Rent,0.1814767823097547,4,10101.5,826.24,0.2633,1
356,54677,23899,60,Employed,Own,0.3458946124111647,1,4556.42,484.59,0.4522,0
568,133408,35516,84,Employed,Own,0.0738098311922395,2,11117.33,553.56,0.1236,0
515,193943,34485,120,Self-employed,Rent,0.4672585486083611,0,16161.92,418.4,0.4931,0
664,135702,44602,120,Retired,Rent,0.3253636355769781,3,11308.5,541.15,0.3732,1
561,135726,43141,24,Retired,Rent,0.5365477604909316,0,11310.5,1951.15,0.7091,0
584,196207,6438,36,Employed,Mortgage,0.4648445892455574,2,16350.58,201.74,0.4772,0
774,190560,2497,24,Employed,Rent,0.1761501209777392,4,15880.0,112.93,0.1833,1
511,30653,40446,120,Unemployed,Rent,0.5234025814055839,5,2554.42,490.72,0.7155,0
717,94526,24171,84,Employed,Mortgage,0.4327981611581096,0,7877.17,376.73,0.4806,1
389,75265,4257,12,Unemployed,Rent,0.1115918280651763,3,6272.08,370.31,0.1706,0
421,146140,33421,120,Self-employed,Own,0.5201209939390291,4,12178.33,405.49,0.5534,0
706,135871,34594,60,Employed,Own,0.1512576929374434,5,11322.58,701.44,0.2132,1
550,92786,17212,24,Employed,Own,0.2439684924670981,5,7732.17,778.45,0.3446,0
472,183530,10068,60,Employed,Mortgage,0.4116828379243461,0,15294.17,204.14,0.425,0
326,130195,34494,84,Retired,Rent,0.4879687086245612,1,10849.58,537.63,0.5375,0
754,78095,41019,60,Employed,Mortgage,0.1914630189291686,2,6507.92,831.72,0.3193,1
349,92763,1653,36,Employed,Rent,0.1944858273501591,4,7730.25,51.8,0.2012,0
434,120525,8776,36,Employed,Rent,0.3558084914212168,2,10043.75,275.01,0.3832,0
430,71745,14743,36,Employed,Rent,0.010069133432246,1,5978.75,461.99,0.0873,0
670,197794,36564,36,Employed,Mortgage,0.3066201321704417,3,16482.83,1145.78,0.3761,1
779,70427,45248,24,Self-employed,Own,0.5973927887684933,1,5868.92,2046.44,0.9461,0
376,62912,2431,60,Employed,Own,0.433232114394979,0,5242.67,49.29,0.4426,0
777,87197,27502,12,Employed,Rent,0.3342622781416342,4,7266.42,2392.36,0.6635,0
476,114524,30425,120,Retired,Rent,0.3208974093218363,1,9543.67,369.14,0.3596,0
490,60771,37264,120,Employed,Rent,0.2292978668239012,1,5064.25,452.12,0.3186,0
568,168457,39454,84,Unemployed,Mortgage,0.1854643031706822,1,14038.08,614.94,0.2293,0
629,72236,42973,36,Unemployed,Mortgage,0.2789260343400739,3,6019.67,1346.62,0.5026,0
848,43685,11702,84,Unemployed,Rent,0.5670669003637773,5,3640.42,182.39,0.6172,0
827,194210,1447,84,Retired,Mortgage,0.4436717202178953,5,16184.17,22.55,0.4451,1
551,98446,32355,12,Retired,Rent,0.0509234153814567,5,8203.83,2814.51,0.394,0
563,121813,12422,84,Employed,Mortgage,0.2640774048138694,3,10151.08,193.61,0.2832,0
595,100948,48936,36,Unemployed,Own,0.5737937456932982,0,8412.33,1533.48,0.7561,0
560,142405,48987,120,Employed,Rent,0.5003437189868968,2,11867.08,594.35,0.5504,0
504,97652,12964,120,Employed,Mortgage,0.0428035302764145,5,8137.67,157.29,0.0621,0
677,168838,30585,60,Employed,Mortgage,0.1798263078185306,2,14069.83,620.15,0.2239,1
427,22896,39084,84,Employed,Own,0.4026047912739595,5,1908.0,609.17,0.7219,0
673,152051,37216,36,Employed,Mortgage,0.2620680555768309,1,12670.92,1166.21,0.3541,1
324,43979,44292,60,Self-employed,Rent,0.259827089278218,5,3664.92,898.08,0.5049,0
692,71194,11470,12,Self-employed,Mortgage,0.1679546516339256,4,5932.83,997.76,0.3361,1
525,119227,42411,36,Self-employed,Rent,0.2917469296034136,2,9935.58,1329.01,0.4255,0
426,89822,30637,60,Retired,Mortgage,0.5039735354744483,4,7485.17,621.21,0.587,0
404,98081,35821,24,Unemployed,Own,0.5134994002257672,5,8173.42,1620.09,0.7117,0
816,58398,27546,12,Employed,Rent,0.4751539503038587,5,4866.5,2396.18,0.9675,0
695,183480,31515,84,Self-employed,Mortgage,0.0795785446144689,0,15290.0,491.2,0.1117,1
784,138700,1925,84,Employed,Rent,0.152269231243376,5,11558.33,30.0,0.1549,1
542,162374,30527,36,Employed,Mortgage,0.4592990547008199,0,13531.17,956.61,0.53,0
546,73926,43375,24,Self-employed,Rent,0.3580429289945067,4,6160.5,1961.73,0.6765,0
730,194913,20070,120,Employed,Mortgage,0.1389989765953897,5,16242.75,243.5,0.154,1
806,150277,15192,84,Unemployed,Mortgage,0.5001623812410709,5,12523.08,236.79,0.5191,1
589,28016,1998,120,Employed,Mortgage,0.3280590144946402,0,2334.67,24.24,0.3384,0
841,127997,19188,60,Self-employed,Rent,0.3918116505653334,1,10666.42,389.06,0.4283,1
839,34644,39807,120,Employed,Own,0.02684283112929,1,2887.0,482.97,0.1941,0
313,74133,28015,24,Retired,Rent,0.563373095437816,5,6177.75,1267.04,0.7685,0
845,50809,31294,36,Employed,Rent,0.1313042187734173,0,4234.08,980.64,0.3629,1
731,142501,4014,24,Self-employed,Rent,0.3318323845465374,4,11875.08,181.54,0.3471,1
746,130898,28009,84,Employed,Own,0.1099611981290559,4,10908.17,436.55,0.15,1
744,69563,14290,12,Employed,Rent,0.4054080631548966,4,5796.92,1243.06,0.6198,0
805,62235,39544,12,Unemployed,Rent,0.1113257961095497,4,5186.25,3439.87,0.7746,0
818,67557,48325,84,Employed,Rent,0.4487947714525832,0,5629.75,753.2,0.5826,1
544,33177,49662,60,Self-employed,Own,0.5861421802042064,0,2764.75,1006.97,0.9504,0
489,124780,25888,60,Employed,Rent,0.4573684962811141,3,10398.33,524.92,0.5078,0
345,48738,21128,24,Employed,Own,0.4831887625772398,3,4061.5,955.56,0.7185,0
539,28195,2741,24,Employed,Rent,0.55312858856509,3,2349.58,123.97,0.6059,0
557,114355,42228,60,Employed,Rent,0.3307958196147835,4,9529.58,856.23,0.4206,0
639,187006,45535,12,Employed,Mortgage,0.1223498016950473,4,15583.83,3961.02,0.3765,0
780,81248,1037,24,Employed,Rent,0.3675966665720876,3,6770.67,46.9,0.3745,1
532,65166,32321,12,Employed,Mortgage,0.2793978944386548,1,5430.5,2811.55,0.7971,0
710,102298,3456,60,Employed,Mortgage,0.5505774884631683,3,8524.83,70.08,0.5588,1
682,158310,28057,12,Employed,Own,0.5367836231438943,0,13192.5,2440.63,0.7218,0
399,62310,37588,84,Employed,Rent,0.1539827303230375,2,5192.5,585.85,0.2668,0
509,180237,40129,36,Employed,Mortgage,0.0064743369323825,4,15019.75,1257.5,0.0902,0
348,88256,21443,36,Retired,Own,0.5162702176227193,1,7354.67,671.95,0.6076,0
567,190443,26527,60,Employed,Rent,0.1741575727681449,3,15870.25,537.87,0.208,0
361,118629,27512,36,Self-employed,Rent,0.1711412894600726,2,9885.75,862.13,0.2584,0
392,43149,19022,36,Employed,Own,0.2643177161979528,5,3595.75,596.08,0.4301,0
530,56677,13467,36,Employed,Own,0.3362676016324079,0,4723.08,422.01,0.4256,0
522,109126,5193,24,Employed,Own,0.5250774213181798,3,9093.83,234.87,0.5509,0
503,86421,40957,24,Employed,Own,0.3667968236191789,4,7201.75,1852.37,0.624,0
337,156980,8084,36,Employed,Rent,0.1843778199124598,4,13081.67,253.32,0.2037,0
425,69862,46950,36,Self-employed,Mortgage,0.5776040659080949,3,5821.83,1471.24,0.8303,0
451,171249,24208,36,Employed,Own,0.2436531040128162,5,14270.75,758.59,0.2968,0
833,43266,20726,24,Employed,Rent,0.1278011637079389,2,3605.5,937.38,0.3878,0
453,60822,2041,36,Retired,Own,0.3682769129022989,3,5068.5,63.96,0.3809,0
630,124380,5131,84,Employed,Rent,0.4172372015234603,3,10365.0,79.97,0.425,0
836,62737,11101,84,Employed,Rent,0.4396213278874831,2,5228.08,173.02,0.4727,1
611,136261,6905,36,Employed,Rent,0.4912020948001822,3,11355.08,216.38,0.5103,0
660,149315,30774,60,Employed,Mortgage,0.190098700566332,0,12442.92,623.99,0.2402,1
585,143424,38889,36,Employed,Rent,0.2757246549016463,3,11952.0,1218.64,0.3777,0
540,74137,41715,24,Unemployed,Own,0.2661748128267613,2,6178.08,1886.66,0.5716,0
659,156514,25513,24,Self-employed,Rent,0.3725232199945198,5,13042.83,1153.88,0.461,1
480,182311,13972,120,Self-employed,Mortgage,0.0804828832512695,5,15192.58,169.52,0.0916,0
840,187699,40791,120,Unemployed,Own,0.301226548029695,2,15641.58,494.91,0.3329,1
845,132809,25664,120,Employed,Mortgage,0.4425198549431135,5,11067.42,311.38,0.4707,1
503,168479,13601,60,Employed,Mortgage,0.0353341014083433,5,14039.92,275.78,0.055,0
622,20111,36213,36,Employed,Rent,0.1771583764156668,5,1675.92,1134.78,0.8543,0
562,173639,16190,36,Employed,Mortgage,0.4141610636462199,4,14469.92,507.34,0.4492,0
347,73377,49666,84,Employed,Rent,0.1910810382125086,2,6114.75,774.1,0.3177,0
377,175752,6732,120,Retired,Own,0.3405006055628561,4,14646.0,81.68,0.3461,0
502,160756,45087,36,Employed,Mortgage,0.4543418423946405,0,13396.33,1412.86,0.5598,0
597,158199,30390,60,Employed,Mortgage,0.5370269300352565,4,13183.25,616.2,0.5838,0
661,66098,9824,36,Self-employed,Own,0.4377270410837411,5,5508.17,307.85,0.4936,1
598,46826,4141,24,Retired,Own,0.598750034548868,3,3902.17,187.29,0.6467,0
523,68779,22382,60,Employed,Rent,0.5381758610029029,0,5731.58,453.83,0.6174,0
488,108260,26267,60,Self-employed,Mortgage,0.3323313618115894,5,9021.67,532.6,0.3914,0
825,115619,13920,24,Employed,Rent,0.4131933097145596,0,9634.92,629.56,0.4785,1
843,116368,4544,84,Employed,Rent,0.5053825080928772,1,9697.33,70.82,0.5127,1
318,192184,45814,36,Employed,Mortgage,0.5518801894880608,1,16015.33,1435.64,0.6415,0
398,88936,14980,24,Self-employed,Rent,0.4437139459007386,1,7411.33,677.5,0.5351,0
591,78544,23906,36,Employed,Rent,0.3305377141352433,1,6545.33,749.13,0.445,0
344,192541,20109,24,Employed,Own,0.3913071299679566,0,16045.08,909.48,0.448,0
548,57314,29684,24,Employed,Own,0.0944653783932887,4,4776.17,1342.53,0.3756,0
467,148975,5549,12,Self-employed,Mortgage,0.2105944605290032,5,12414.58,482.7,0.2495,0
395,187098,38427,120,Unemployed,Own,0.0814970338074485,3,15591.5,466.23,0.1114,0
818,191061,26230,84,Employed,Rent,0.1092279045191817,0,15921.75,408.83,0.1349,1
449,120101,3532,12,Employed,Own,0.5904258312320886,3,10008.42,307.24,0.6211,0
314,185407,5290,24,Employed,Mortgage,0.3124557876127588,5,15450.58,239.25,0.3279,0
632,173122,24553,60,Employed,Rent,0.0717516845310871,4,14426.83,497.85,0.1063,0
335,109252,7224,12,Employed,Rent,0.1008746757827731,4,9104.33,628.4,0.1699,0
710,40162,7192,36,Self-employed,Mortgage,0.1269443685891994,2,3346.83,225.37,0.1943,0
575,147482,8593,84,Employed,Own,0.5394613697696465,5,12290.17,133.93,0.5504,0
325,51032,35791,60,Employed,Own,0.4612539965864752,2,4252.67,725.71,0.6319,0
693,111021,20489,12,Employed,Rent,0.1191326728200932,3,9251.75,1782.31,0.3118,1
513,136023,23300,84,Employed,Mortgage,0.331845179210697,2,11335.25,363.16,0.3639,0
458,135782,32720,12,Employed,Own,0.544948224504212,2,11315.17,2846.26,0.7965,0
557,177302,28450,24,Employed,Rent,0.081571624309182,5,14775.17,1286.72,0.1687,0
674,101663,37579,12,Unemployed,Mortgage,0.5004444024127543,3,8471.92,3268.94,0.8863,0
798,152497,47420,36,Employed,Mortgage,0.0225844917806652,3,12708.08,1485.97,0.1395,1
591,138073,35846,24,Employed,Mortgage,0.3944622778729292,1,11506.08,1621.22,0.5354,0
665,69198,45296,84,Employed,Own,0.1360314607797883,1,5766.5,705.99,0.2585,1
610,158644,20878,36,Employed,Own,0.0555847995345981,1,13220.33,654.24,0.1051,0
482,151730,47020,12,Employed,Rent,0.1104185897984623,5,12644.17,4090.2,0.4339,0
677,99842,4504,60,Employed,Own,0.3285817126580184,5,8320.17,91.32,0.3396,1
372,164351,32695,84,Self-employed,Rent,0.3011364300802473,4,13695.92,509.59,0.3383,0
800,145562,19913,120,Employed,Own,0.498785866535074,5,12130.17,241.6,0.5187,1
308,79653,10046,24,Retired,Own,0.3584757295141759,1,6637.75,454.35,0.4269,0
423,80118,42171,12,Self-employed,Own,0.1042157401899366,1,6676.5,3668.39,0.6537,0
670,71758,12820,84,Employed,Own,0.5477430674837105,3,5979.83,199.82,0.5812,1
505,168000,17193,36,Unemployed,Mortgage,0.5634327022619672,2,14000.0,538.77,0.6019,0
549,178940,4563,12,Employed,Rent,0.4306622944822355,0,14911.67,396.93,0.4573,0
721,57242,30445,36,Employed,Rent,0.3566074864950324,3,4770.17,954.04,0.5566,1
642,75575,37356,84,Self-employed,Own,0.3132599128230254,2,6297.92,582.24,0.4057,0
708,61695,35752,60,Employed,Mortgage,0.3156159890540164,4,5141.25,724.92,0.4566,1
474,39663,10252,120,Unemployed,Rent,0.3753354657479411,5,3305.25,124.39,0.413,0
603,194477,8751,24,Employed,Rent,0.0620761388244607,3,16206.42,395.78,0.0865,0
839,59093,22043,12,Retired,Own,0.1783098873606254,0,4924.42,1917.49,0.5677,1
571,152577,10608,12,Employed,Rent,0.5060074088331779,5,12714.75,922.77,0.5786,0
581,69119,42438,24,Employed,Own,0.1929579228205557,1,5759.92,1919.36,0.5262,0
796,86964,31701,36,Self-employed,Mortgage,0.2320361620100285,4,7247.0,993.39,0.3691,1
535,42057,47785,84,Retired,Mortgage,0.1996290028599787,0,3504.75,744.79,0.4121,0
709,75468,6307,36,Employed,Rent,0.1045247700653777,0,6289.0,197.64,0.136,1
674,73000,20793,36,Employed,Rent,0.3082632244569853,1,6083.33,651.58,0.4154,1
799,178900,34710,36,Self-employed,Mortgage,0.1877468631496116,3,14908.33,1087.69,0.2607,1
694,104974,43969,60,Employed,Rent,0.3886883788336526,3,8747.83,891.53,0.4906,1
840,98799,10811,60,Retired,Mortgage,0.3939206168491042,5,8233.25,219.21,0.4205,1
738,67530,17932,36,Retired,Own,0.3005159733368738,3,5627.5,561.92,0.4004,1
432,88381,16033,60,Self-employed,Mortgage,0.2883462755207746,0,7365.08,325.09,0.3325,0
735,116459,21880,36,Employed,Mortgage,0.3202362599982273,0,9704.92,685.64,0.3909,1
673,128397,1266,84,Employed,Rent,0.4286371081122611,2,10699.75,19.73,0.4305,1
732,34102,42830,84,Employed,Rent,0.2108896783187238,3,2841.83,667.56,0.4458,0
479,21368,10482,24,Unemployed,Mortgage,0.5271731140835691,5,1780.67,474.07,0.7934,0
332,61316,16897,24,Employed,Own,0.1529721761928156,1,5109.67,764.21,0.3025,0
841,36381,40625,60,Employed,Rent,0.5336137822534104,1,3031.75,823.73,0.8053,0
503,172504,15784,60,Employed,Mortgage,0.3103299899191729,5,14375.33,320.04,0.3326,0
359,85249,23446,60,Employed,Rent,0.1203566688922059,2,7104.08,475.4,0.1873,0
670,87986,11883,36,Unemployed,Own,0.2809435969334467,4,7332.17,372.37,0.3317,1
341,88644,30877,84,Unemployed,Rent,0.0856887133941159,1,7387.0,481.26,0.1508,0
554,188921,45205,36,Employed,Rent,0.2179609171076432,1,15743.42,1416.56,0.3079,0
595,177380,10931,36,Employed,Own,0.3229221081824717,1,14781.67,342.54,0.3461,0
414,32428,5671,60,Employed,Mortgage,0.2845045701713437,0,2702.33,114.99,0.3271,0
703,127545,13784,84,Employed,Rent,0.1649159063035931,5,10628.75,214.84,0.1851,1
332,174508,2365,84,Employed,Mortgage,0.4245613219508094,3,14542.33,36.86,0.4271,0
794,68922,9449,60,Employed,Rent,0.2085921931139338,2,5743.5,191.59,0.2419,1
845,190780,35379,12,Retired,Own,0.218460983388394,4,15898.33,3077.56,0.412,1
615,161641,15636,120,Employed,Rent,0.2863377155865241,3,13470.08,189.71,0.3004,0
846,42917,44093,120,Retired,Own,0.4687827431091381,0,3576.42,534.97,0.6184,0
469,197919,19363,36,Self-employed,Mortgage,0.4646145063603584,5,16493.25,606.77,0.5014,0
592,187812,26329,120,Self-employed,Own,0.427842771393708,1,15651.0,319.44,0.4483,0
464,139998,5323,84,Unemployed,Rent,0.4829147219843865,1,11666.5,82.97,0.49,0
423,120447,7908,36,Employed,Mortgage,0.1782403571194399,2,10037.25,247.81,0.2029,0
809,132787,36884,24,Employed,Mortgage,0.3550158087938047,3,11065.58,1668.16,0.5058,1
654,106655,24231,24,Self-employed,Mortgage,0.1061757691723003,4,8887.92,1095.9,0.2295,1
310,189943,17922,60,Self-employed,Own,0.4329837067079162,1,15828.58,363.39,0.4559,0
338,156524,35866,36,Employed,Rent,0.3182948415300504,2,13043.67,1123.91,0.4045,0
571,73571,5362,120,Employed,Own,0.0540940587480776,5,6130.92,65.06,0.0647,0
711,147333,16503,84,Employed,Own,0.2426842117038482,3,12277.75,257.22,0.2636,1
460,123530,19405,24,Unemployed,Rent,0.2381258754065851,1,10294.17,877.64,0.3234,0
371,81327,22758,36,Self-employed,Rent,0.46973774249662,2,6777.25,713.15,0.575,0
777,78789,35732,24,Self-employed,Rent,0.4477484559415685,0,6565.75,1616.06,0.6939,0
715,105478,18241,120,Employed,Own,0.318819736102148,5,8789.83,221.31,0.344,1
555,72024,35160,120,Employed,Mortgage,0.4681322889767803,4,6002.0,426.59,0.5392,0
650,193253,10690,36,Employed,Mortgage,0.1879738984712004,1,16104.42,334.99,0.2088,1
558,71011,40316,84,Employed,Own,0.5997525342398594,3,5917.58,628.37,0.7059,0
462,36462,21883,36,Retired,Rent,0.5906271227010007,5,3038.5,685.73,0.8163,0
301,43280,8024,60,Self-employed,Own,0.2086237735912114,3,3606.67,162.7,0.2537,0
504,152376,14361,24,Retired,Rent,0.2630079340664494,1,12698.0,649.51,0.3142,0
831,106643,8496,120,Employed,Rent,0.0759995877241294,3,8886.92,103.08,0.0876,1
426,93350,48267,24,Employed,Own,0.5056816334548675,5,7779.17,2182.99,0.7863,0
677,165858,3253,12,Retired,Own,0.4515623522705037,4,13821.5,282.97,0.472,1
492,131872,41072,84,Self-employed,Own,0.4291751920129663,3,10989.33,640.16,0.4874,0
692,42824,32242,36,Employed,Rent,0.1979099180051174,2,3568.67,1010.35,0.481,0
848,86624,7837,24,Employed,Mortgage,0.0449944760701299,3,7218.67,354.45,0.0941,1
460,46023,18202,60,Employed,Rent,0.0265346471018152,5,3835.25,369.07,0.1228,0
716,75776,17218,36,Retired,Mortgage,0.1227174847760242,4,6314.67,539.55,0.2082,1
368,164425,15921,12,Retired,Own,0.3070271266057313,5,13702.08,1384.94,0.4081,0
430,31188,16356,36,Employed,Rent,0.4927318445707941,2,2599.0,512.54,0.6899,0
531,166552,23282,36,Self-employed,Mortgage,0.027018859011667,3,13879.33,729.57,0.0796,0
583,151362,47836,84,Employed,Mortgage,0.3490517757700552,1,12613.5,745.58,0.4082,0
414,52254,1803,24,Employed,Rent,0.4273289295707986,4,4354.5,81.54,0.4461,0
419,80268,10095,84,Employed,Own,0.4106606630159522,1,6689.0,157.34,0.4342,0
419,39642,37231,36,Self-employed,Rent,0.076781791630918,4,3303.5,1166.68,0.4299,0
402,65285,8129,24,Self-employed,Own,0.2362654381379733,5,5440.42,367.65,0.3038,0
350,143704,26093,120,Employed,Rent,0.336234376945711,4,11975.33,316.58,0.3627,0
429,122015,43752,24,Self-employed,Rent,0.5490472893034103,3,10167.92,1978.78,0.7437,0
410,145198,6817,60,Employed,Mortgage,0.4009812331181766,3,12099.83,138.22,0.4124,0
548,30575,46986,12,Employed,Mortgage,0.1033978520803951,3,2547.92,4087.24,1.7075,0
489,160413,46436,84,Retired,Rent,0.4868702498836742,2,13367.75,723.76,0.541,0
849,78921,45171,84,Employed,Mortgage,0.1019316551535312,0,6576.75,704.04,0.209,1
486,77536,15277,120,Employed,Rent,0.0054893503742251,4,6461.33,185.35,0.0342,0
349,120921,36452,84,Employed,Mortgage,0.3413333380259798,5,10076.75,568.15,0.3977,0
737,131051,18248,84,Self-employed,Rent,0.3821874133225637,3,10920.92,284.42,0.4082,1
376,50486,42053,60,Retired,Rent,0.3383103909864061,4,4207.17,852.68,0.541,0
441,109988,44977,84,Self-employed,Own,0.5443764150645873,1,9165.67,701.02,0.6209,0
760,156520,43156,24,Retired,Mortgage,0.1042649206420499,1,13043.33,1951.83,0.2539,1
303,136243,4674,120,Unemployed,Rent,0.0644345840876982,4,11353.58,56.71,0.0694,0
411,60316,23147,60,Employed,Rent,0.2183683157579184,3,5026.33,469.34,0.3117,0
479,48760,35798,84,Self-employed,Mortgage,0.4742274794668074,2,4063.33,557.96,0.6115,0
526,199919,4809,36,Employed,Own,0.3181423695424082,0,16659.92,150.7,0.3272,0
460,60394,25644,36,Employed,Mortgage,0.2015155241151803,2,5032.83,803.59,0.3612,0
657,153248,40308,84,Employed,Rent,0.332121707483317,3,12770.67,628.25,0.3813,1
803,33130,47259,12,Employed,Mortgage,0.2072411709063047,2,2760.83,4110.99,1.6963,0
612,104013,31268,120,Self-employed,Rent,0.2815742655958679,0,8667.75,379.37,0.3253,0
547,110083,39629,60,Employed,Rent,0.3421244410387111,5,9173.58,803.53,0.4297,0
648,166147,27694,84,Employed,Mortgage,0.5345791714990231,0,13845.58,431.64,0.5658,0
426,153865,8467,36,Self-employed,Rent,0.3852423359080477,5,12822.08,265.33,0.4059,0
527,110605,34949,60,Employed,Own,0.0056344445698029,1,9217.08,708.64,0.0825,0
589,102360,33465,120,Unemployed,Mortgage,0.1151748727939162,5,8530.0,406.02,0.1628,0
492,120271,13403,24,Self-employed,Own,0.2269358363821842,1,10022.58,606.18,0.2874,0
460,24044,13468,12,Unemployed,Own,0.5934735544671979,4,2003.67,1171.56,1.1782,0
586,94586,10745,120,Retired,Rent,0.0398828580687234,4,7882.17,130.37,0.0564,0
519,190615,4169,60,Employed,Rent,0.0050853437849267,2,15884.58,84.53,0.0104,0
791,140948,20692,12,Employed,Own,0.038877065209808,3,11745.67,1799.96,0.1921,1
386,89381,5222,12,Employed,Rent,0.3144746456003395,3,7448.42,454.25,0.3755,0
337,144194,15788,60,Self-employed,Mortgage,0.3316238210763597,4,12016.17,320.12,0.3583,0
442,181804,46655,12,Employed,Own,0.1894005147743316,5,15150.33,4058.45,0.4573,0
433,41509,35532,60,Self-employed,Own,0.4654104781498177,0,3459.08,720.46,0.6737,0
306,165678,45910,36,Retired,Mortgage,0.3966283671865307,3,13806.5,1438.65,0.5008,0
358,159759,12027,120,Retired,Own,0.3337912822669144,2,13313.25,145.92,0.3448,0
533,142010,18885,36,Unemployed,Rent,0.4583679233855608,5,11834.17,591.79,0.5084,0
779,82802,29272,36,Employed,Mortgage,0.3203477079341227,2,6900.17,917.28,0.4533,1
770,102392,31911,60,Retired,Own,0.1252601202765493,0,8532.67,647.04,0.2011,1
383,196335,37039,84,Self-employed,Mortgage,0.06986628506726,3,16361.25,577.3,0.1052,0
703,173098,10487,36,Employed,Mortgage,0.2464858726882534,4,14424.83,328.62,0.2693,1
839,38848,9641,24,Retired,Mortgage,0.2525446800848681,3,3237.33,436.04,0.3872,0
804,187397,5371,84,Employed,Rent,0.2439754195052741,2,15616.42,83.71,0.2493,1
769,125226,7980,84,Employed,Rent,0.2497338631737102,1,10435.5,124.38,0.2617,1
422,96691,22928,12,Employed,Rent,0.0479289003273636,1,8057.58,1994.47,0.2955,0
735,102106,33512,120,Employed,Own,0.0249686825226339,4,8508.83,406.59,0.0728,1
383,94021,31081,36,Employed,Rent,0.240699887535512,2,7835.08,973.97,0.365,0
837,104647,46448,60,Self-employed,Rent,0.3507595147552394,5,8720.58,941.8,0.4588,1
385,176523,40428,24,Employed,Own,0.5520282702406243,3,14710.25,1828.45,0.6763,0
755,107479,46666,60,Employed,Mortgage,0.4347543448832947,0,8956.58,946.22,0.5404,1
501,36767,37466,24,Self-employed,Own,0.3756259143456694,3,3063.92,1694.49,0.9287,0
564,109639,12136,24,Unemployed,Rent,0.4878513419944663,0,9136.58,548.88,0.5479,0
336,128268,34022,84,Employed,Own,0.5903210554036982,0,10689.0,530.27,0.6399,0
499,106034,10367,120,Employed,Own,0.2975658324574373,1,8836.17,125.78,0.3118,0
541,180751,9683,12,Self-employed,Own,0.3097472536978093,0,15062.58,842.31,0.3657,0
449,58766,49438,12,Employed,Rent,0.0615204536377205,5,4897.17,4300.53,0.9397,0
525,23354,4601,12,Self-employed,Rent,0.0683551431525767,3,1946.17,400.23,0.274,0
775,92909,36716,60,Employed,Own,0.5890673624660022,0,7742.42,744.47,0.6852,0
372,181134,10249,36,Employed,Mortgage,0.0972212009333433,5,15094.5,321.17,0.1185,0
468,119078,46515,36,Employed,Mortgage,0.382196667685711,5,9923.17,1457.61,0.5291,0
658,130660,4670,84,Employed,Mortgage,0.0869185983970057,2,10888.33,72.79,0.0936,1
747,52062,33958,120,Employed,Rent,0.2770801775256103,4,4338.5,412.0,0.372,1
725,181883,14419,60,Self-employed,Rent,0.5295336719497978,5,15156.92,292.37,0.5488,1
319,152384,3107,12,Employed,Own,0.2810888078202318,3,12698.67,270.27,0.3024,0
807,170247,46792,60,Employed,Rent,0.015932981899079,4,14187.25,948.77,0.0828,1
811,59978,15553,120,Self-employed,Rent,0.389882467249185,5,4998.17,188.7,0.4276,1
692,147550,19123,60,Unemployed,Mortgage,0.3342492415841706,1,12295.83,387.75,0.3658,1
345,66134,9510,60,Employed,Own,0.5787241139418564,5,5511.17,192.83,0.6137,0
558,140637,20078,36,Employed,Rent,0.0227030123827264,4,11719.75,629.17,0.0764,0
517,62063,12471,12,Employed,Own,0.350033164444991,4,5171.92,1084.83,0.5598,0
747,159951,2722,120,Employed,Rent,0.1346178094870766,0,13329.25,33.03,0.1371,1
315,130676,8405,120,Self-employed,Own,0.2406040085193067,0,10889.67,101.98,0.25,0
429,71379,17477,60,Employed,Own,0.1995336845592036,5,5948.25,354.37,0.2591,0
367,141041,45646,12,Self-employed,Own,0.3806234078035556,3,11753.42,3970.67,0.7185,0
463,144051,49080,24,Self-employed,Own,0.2920765086675851,2,12004.25,2219.76,0.477,0
439,152559,23951,36,Unemployed,Rent,0.5581246595196255,3,12713.25,750.54,0.6172,0
523,22552,11055,120,Employed,Own,0.5570375329340261,2,1879.33,134.13,0.6284,0
393,181819,17125,84,Self-employed,Rent,0.2007924200875485,3,15151.58,266.91,0.2184,0
737,33885,15054,12,Self-employed,Own,0.4613084854744221,4,2823.75,1309.52,0.9251,0
850,165087,7010,36,Employed,Rent,0.5150419744375446,5,13757.25,219.67,0.531,1
824,34400,17557,12,Employed,Own,0.5996062415439183,5,2866.67,1527.26,1.1324,0
343,141286,30434,36,Employed,Rent,0.4388516830515682,3,11773.83,953.69,0.5199,0
626,49999,34545,12,Retired,Rent,0.4642967169539653,3,4166.58,3005.02,1.1855,0
619,30947,34037,24,Employed,Mortgage,0.1610970947392322,3,2578.92,1539.4,0.758,0
503,55136,46046,12,Employed,Rent,0.4323228417820794,5,4594.67,4005.47,1.3041,0
648,133289,25923,12,Employed,Mortgage,0.2501862582040612,3,11107.42,2255.0,0.4532,0
770,134025,13140,12,Employed,Own,0.3427575298273618,0,11168.75,1143.03,0.4451,1
713,190702,17510,84,Retired,Rent,0.3962224180441272,4,15891.83,272.91,0.4134,1
777,183493,6932,12,Unemployed,Mortgage,0.2954960479722422,0,15291.08,603.0,0.3349,1
765,188353,35301,36,Self-employed,Rent,0.0043665775377076,3,15696.08,1106.21,0.0748,1
392,53082,11364,60,Employed,Own,0.3318249957012466,5,4423.5,230.42,0.3839,0
431,44542,38400,12,Employed,Own,0.1155423259244217,2,3711.83,3340.36,1.0155,0
735,151570,30386,84,Retired,Mortgage,0.4150891675909379,5,12630.83,473.6,0.4526,1
401,128379,34538,36,Self-employed,Mortgage,0.4664793253375954,4,10698.25,1082.3,0.5676,0
816,55828,43656,36,Self-employed,Mortgage,0.1707291192988242,0,4652.33,1368.02,0.4648,1
791,163665,5403,12,Employed,Rent,0.2494184337753823,5,13638.75,470.0,0.2839,1
540,68699,2884,36,Employed,Rent,0.0685648910102834,2,5724.92,90.37,0.0844,0
690,98731,19094,60,Unemployed,Rent,0.5307818965340061,0,8227.58,387.16,0.5778,1
811,41802,19394,60,Employed,Rent,0.5808946361479953,5,3483.5,393.24,0.6938,0
377,129350,17682,36,Employed,Mortgage,0.4188975633858765,4,10779.17,554.09,0.4703,0
338,71704,24797,12,Self-employed,Rent,0.5581826493114845,4,5975.33,2157.05,0.9192,0
314,166778,16685,60,Employed,Mortgage,0.2801043747711201,4,13898.17,338.31,0.3044,0
757,59742,46071,36,Retired,Mortgage,0.2553745277222258,5,4978.5,1443.7,0.5454,1
311,75398,34474,120,Employed,Rent,0.5948282531112337,0,6283.17,418.26,0.6614,0
707,154303,48222,60,Unemployed,Mortgage,0.2417644503104887,5,12858.58,977.77,0.3178,1
729,72215,21033,12,Self-employed,Rent,0.1646876232344008,5,6017.92,1829.63,0.4687,1
372,77750,25550,24,Employed,Mortgage,0.5820812860260907,3,6479.17,1155.56,0.7604,0
444,190917,25168,24,Employed,Rent,0.4409089057100531,2,15909.75,1138.28,0.5125,0
472,170121,21174,120,Unemployed,Rent,0.5091661280441484,2,14176.75,256.9,0.5273,0
484,82632,5901,12,Self-employed,Own,0.4140996047618881,1,6886.0,513.32,0.4886,0
743,133979,4287,36,Employed,Rent,0.4216144319614615,0,11164.92,134.34,0.4336,1
512,115076,37410,36,Employed,Rent,0.1067311222369707,5,9589.67,1172.29,0.229,0
375,169490,28906,60,Unemployed,Rent,0.0697689641380192,2,14124.17,586.11,0.1113,0
667,120295,39029,60,Employed,Mortgage,0.3592380218688202,0,10024.58,791.37,0.4382,1
394,127724,6694,12,Retired,Own,0.0591143711409537,2,10643.67,582.3,0.1138,0
614,77685,46931,60,Unemployed,Mortgage,0.252244055941289,1,6473.75,951.59,0.3992,0
591,123389,20063,24,Employed,Rent,0.5942519691743179,0,10282.42,907.4,0.6825,0
603,67492,43810,60,Self-employed,Rent,0.4997641476699013,4,5624.33,888.31,0.6577,0
644,45336,18890,36,Employed,Mortgage,0.4697061243005958,3,3778.0,591.94,0.6264,0
481,89728,33387,60,Employed,Rent,0.409435347231906,4,7477.33,676.97,0.5,0
458,66677,32035,120,Employed,Own,0.0493195802246553,5,5556.42,388.67,0.1193,0
459,68318,34917,24,Employed,Own,0.1647221277459611,5,5693.17,1579.2,0.4421,0
815,56822,21222,120,Employed,Rent,0.002410875312068,5,4735.17,257.48,0.0568,1
666,64723,3474,84,Employed,Mortgage,0.0809124918356919,3,5393.58,54.15,0.091,1
556,65210,27711,24,Employed,Own,0.0950974970620363,0,5434.17,1253.29,0.3257,0
612,87878,20905,24,Employed,Rent,0.4857407321490361,5,7323.17,945.48,0.6148,0
667,195923,35055,60,Employed,Mortgage,0.0998218180607132,1,16326.92,710.79,0.1434,1
397,76455,40357,120,Unemployed,Own,0.5339040088150974,0,6371.25,489.64,0.6108,0
599,140379,18308,12,Employed,Rent,0.339120684838969,2,11698.25,1592.58,0.4753,0
619,127944,48300,84,Self-employed,Own,0.0038174003670861,2,10662.0,752.81,0.0744,0
805,105002,47033,120,Unemployed,Own,0.514419292460382,1,8750.17,570.64,0.5796,1
581,165479,22691,12,Retired,Rent,0.0822753036731001,5,13789.92,1973.85,0.2254,0
551,62543,10349,24,Employed,Rent,0.0216505785728089,5,5211.92,468.06,0.1115,0
400,79195,27745,84,Self-employed,Rent,0.1558265553072574,3,6599.58,432.44,0.2214,0
449,155305,20677,84,Retired,Rent,0.1588760545705402,5,12942.08,322.28,0.1838,0
745,108884,19385,24,Employed,Mortgage,0.1810157552128704,1,9073.67,876.73,0.2776,1
590,58557,31533,60,Employed,Rent,0.4021764433081506,0,4879.75,639.38,0.5332,0
524,88739,12875,12,Employed,Rent,0.3326738337898514,0,7394.92,1119.98,0.4841,0
317,22798,46750,60,Employed,Rent,0.4168958610945093,3,1899.83,947.92,0.9158,0
450,163936,20663,120,Employed,Rent,0.1338502882261794,5,13661.33,250.7,0.1522,0
598,104788,45800,12,Employed,Rent,0.4073515524785157,0,8732.33,3984.07,0.8636,0
356,148334,44020,120,Self-employed,Own,0.4960706740571723,5,12361.17,534.08,0.5393,0
687,51717,31265,12,Retired,Rent,0.1051698854090598,3,4309.75,2719.69,0.7362,0
815,88387,19922,120,Employed,Mortgage,0.4792810417029333,3,7365.58,241.71,0.5121,1
565,57993,5125,36,Employed,Own,0.1494614308077886,3,4832.75,160.6,0.1827,0
318,72102,14336,12,Self-employed,Own,0.0022266367379478,4,6008.5,1247.07,0.2098,0
582,166000,37435,36,Employed,Mortgage,0.1896976153115161,4,13833.33,1173.08,0.2745,0
721,77209,2059,24,Unemployed,Own,0.0439627088987693,2,6434.08,93.12,0.0584,1
744,135795,19935,120,Employed,Rent,0.2939343321599971,4,11316.25,241.87,0.3153,1
819,189553,37117,12,Employed,Mortgage,0.3232627554458527,2,15796.08,3228.75,0.5277,1
565,111119,32124,84,Self-employed,Own,0.323693078799422,2,9259.92,500.69,0.3778,0
582,149935,3492,12,Employed,Rent,0.1032392302991818,3,12494.58,303.76,0.1276,0
632,32838,33631,84,Employed,Rent,0.177688321254984,3,2736.5,524.18,0.3692,0
653,193396,20378,84,Employed,Own,0.3129501100546749,0,16116.33,317.62,0.3327,1
321,56274,22340,12,Employed,Mortgage,0.2583822797852857,1,4689.5,1943.32,0.6728,0
468,25933,25168,60,Self-employed,Own,0.0140406649155089,4,2161.08,510.32,0.2502,0
509,166676,34448,60,Employed,Own,0.0249030510071926,2,13889.67,698.48,0.0752,0
545,101089,25461,24,Employed,Mortgage,0.2163115437283724,1,8424.08,1151.53,0.353,0
480,142829,33371,12,Employed,Own,0.1670326215863681,1,11902.42,2902.89,0.4109,0
755,123674,8736,120,Employed,Own,0.0892529715687077,1,10306.17,105.99,0.0995,1
459,94405,20218,60,Employed,Own,0.308032534012482,3,7867.08,409.95,0.3601,0
592,123814,22374,12,Employed,Mortgage,0.2394251678047325,2,10317.83,1946.28,0.4281,0
379,153727,16584,24,Employed,Mortgage,0.4874388268228889,1,12810.58,750.05,0.546,0
701,115302,37520,84,Employed,Rent,0.262909224642872,2,9608.5,584.79,0.3238,1
312,191931,23048,12,Employed,Mortgage,0.5493405459706204,5,15994.25,2004.91,0.6747,0
703,121154,42067,120,Employed,Mortgage,0.2674830957131793,4,10096.17,510.39,0.318,1
735,155186,5854,120,Unemployed,Own,0.1891810123560578,2,12932.17,71.03,0.1947,1
570,62143,35854,36,Self-employed,Own,0.314215528865425,2,5178.58,1123.53,0.5312,0
809,129868,37073,24,Retired,Mortgage,0.2247665329097545,4,10822.33,1676.71,0.3797,1
720,80481,13936,24,Employed,Mortgage,0.4217742290395199,3,6706.75,630.29,0.5158,1
475,45682,17043,12,Employed,Own,0.351304122905952,2,3806.83,1482.54,0.7407,0
347,161919,28503,36,Unemployed,Own,0.1794071190663738,5,13493.25,893.18,0.2456,0
360,44689,23986,12,Employed,Rent,0.1200293558427553,2,3724.08,2086.5,0.6803,0
320,80254,15901,120,Self-employed,Own,0.4189721717688763,1,6687.83,192.92,0.4478,0
577,74817,25511,120,Employed,Rent,0.5334689331039031,4,6234.75,309.52,0.5831,0
381,55700,35628,60,Self-employed,Rent,0.079929600347895,5,4641.67,722.41,0.2356,0
565,172935,26014,60,Employed,Rent,0.0848756776594234,1,14411.25,527.47,0.1215,0
446,59156,41817,60,Employed,Rent,0.215072592249974,2,4929.67,847.9,0.3871,0
506,93450,35062,84,Self-employed,Rent,0.0513349453715951,5,7787.5,546.48,0.1215,0
420,191812,27697,36,Employed,Own,0.2234192491051349,0,15984.33,867.92,0.2777,0
710,164640,2540,120,Employed,Rent,0.1475470198861188,1,13720.0,30.82,0.1498,1
420,35963,18270,24,Employed,Rent,0.1708095363180861,1,2996.92,826.3,0.4465,0
850,160709,41560,36,Unemployed,Mortgage,0.2752616378882869,3,13392.42,1302.34,0.3725,1
382,131742,17522,120,Self-employed,Own,0.572022437252975,2,10978.5,212.59,0.5914,0
654,191572,8821,84,Employed,Rent,0.0793484702095032,2,15964.33,137.49,0.088,1
695,21704,15843,36,Employed,Own,0.4709991257504444,2,1808.67,496.46,0.7455,0
451,90342,45148,120,Employed,Rent,0.0376299778307362,4,7528.5,547.77,0.1104,0
808,141372,44036,36,Employed,Mortgage,0.5397072016194733,4,11781.0,1379.93,0.6568,0
331,115678,25286,12,Employed,Rent,0.4672961762816756,1,9639.83,2199.59,0.6955,0
629,157808,12630,36,Employed,Mortgage,0.1657659265540505,1,13150.67,395.78,0.1959,0
544,51869,27601,120,Employed,Own,0.0401149841868472,2,4322.42,334.88,0.1176,0
514,115030,43554,120,Employed,Own,0.3564253123826151,5,9585.83,528.43,0.4116,0
616,75851,4107,60,Employed,Rent,0.5083856089339924,2,6320.92,83.28,0.5216,0
699,195479,13758,12,Employed,Mortgage,0.4992422171153007,4,16289.92,1196.79,0.5727,1
802,115206,36514,12,Employed,Mortgage,0.0225008872034403,4,9600.5,3176.3,0.3533,1
642,190133,2668,120,Employed,Own,0.2510825643176211,1,15844.42,32.37,0.2531,0
316,124346,43575,36,Employed,Mortgage,0.4490402399212271,1,10362.17,1365.48,0.5808,0
394,163761,31222,36,Self-employed,Own,0.3144269319388938,3,13646.75,978.38,0.3861,0
508,20047,46095,60,Employed,Own,0.4889657547229875,3,1670.58,934.64,1.0484,0
384,113467,1231,36,Employed,Rent,0.0860182301776117,2,9455.58,38.58,0.0901,0
771,66650,46789,36,Employed,Mortgage,0.5545959637019761,2,5554.17,1466.2,0.8186,0
476,147535,7444,36,Unemployed,Mortgage,0.2771084980154186,3,12294.58,233.27,0.2961,0
740,93551,25426,12,Employed,Rent,0.024626546287255,4,7795.92,2211.77,0.3083,1
374,101567,10746,12,Retired,Rent,0.4513109076444767,1,8463.92,934.78,0.5618,0
536,138963,15542,60,Employed,Mortgage,0.4757429526884573,4,11580.25,315.14,0.503,0
563,42474,17293,120,Employed,Own,0.2118604057056561,5,3539.5,209.81,0.2711,0
581,171637,9449,84,Retired,Own,0.3214140743903741,5,14303.08,147.27,0.3317,0
709,127414,14494,24,Employed,Rent,0.3103254311803327,0,10617.83,655.52,0.3721,1
742,125768,29639,84,Employed,Rent,0.011468203774532,2,10480.67,461.96,0.0555,1
820,159225,32631,60,Employed,Mortgage,0.5449167758831918,5,13268.75,661.64,0.5948,1
534,119340,13969,12,Employed,Rent,0.3955333682475487,1,9945.0,1215.14,0.5177,0
457,122253,44963,12,Employed,Rent,0.0612521690151111,0,10187.75,3911.26,0.4452,0
477,109088,3952,12,Employed,Own,0.402789145300874,0,9090.67,343.78,0.4406,0
773,50402,44155,120,Employed,Own,0.0235001060334909,1,4200.17,535.72,0.151,1
321,30139,1395,24,Employed,Rent,0.3627114856423898,1,2511.58,63.09,0.3878,0
356,37853,28190,84,Employed,Mortgage,0.0339821050655996,0,3154.42,439.38,0.1733,0
420,131277,46971,84,Self-employed,Rent,0.3726590423616825,3,10939.75,732.1,0.4396,0
815,160466,39816,60,Employed,Mortgage,0.5889618340398521,4,13372.17,807.32,0.6493,0
779,132956,48776,24,Employed,Mortgage,0.0375605100270981,2,11079.67,2206.01,0.2367,1
688,131234,25769,84,Retired,Own,0.0426856748625992,3,10936.17,401.64,0.0794,1
352,96931,18289,120,Employed,Own,0.1133700572933924,3,8077.58,221.9,0.1408,0
379,111466,6756,36,Employed,Rent,0.0338031393244731,2,9288.83,211.71,0.0566,0
392,82150,44750,60,Employed,Rent,0.14947728777749,2,6845.83,907.37,0.282,0
678,36446,38982,12,Employed,Rent,0.4746204646706592,2,3037.17,3390.98,1.5911,0
590,119380,2818,36,Employed,Own,0.4692507888632027,2,9948.33,88.31,0.4781,0
607,54721,48129,60,Self-employed,Mortgage,0.1338669663068102,0,4560.08,975.88,0.3479,0
536,70882,43643,24,Employed,Mortgage,0.1700766517952023,3,5906.83,1973.85,0.5042,0
418,66316,9309,84,Employed,Rent,0.5713383119541143,2,5526.33,145.09,0.5976,0
679,180657,46039,36,Retired,Rent,0.2032073606700713,0,15054.75,1442.69,0.299,1
451,192542,11318,24,Self-employed,Own,0.570106948983687,4,16045.17,511.88,0.602,0
829,154336,18773,120,Employed,Mortgage,0.3235023567965239,1,12861.33,227.77,0.3412,1
739,125339,37450,12,Employed,Mortgage,0.1450156886910398,4,10444.92,3257.72,0.4569,1
514,167374,20592,120,Employed,Rent,0.0710179662811022,4,13947.83,249.84,0.0889,0
423,112200,26262,60,Employed,Own,0.28316739731795,2,9350.0,532.5,0.3401,0
657,61649,16864,84,Employed,Rent,0.450887475088172,1,5137.42,262.85,0.5021,1
388,129906,23650,120,Employed,Rent,0.1595640298150853,2,10825.5,286.94,0.1861,0
518,137834,33294,24,Employed,Mortgage,0.5919611270898107,0,11486.17,1505.8,0.7231,0
772,26778,6450,60,Self-employed,Rent,0.052545086298685,0,2231.5,130.78,0.1112,0
315,78920,41290,84,Retired,Own,0.4540386071188376,4,6576.67,643.55,0.5519,0
822,84648,9971,84,Employed,Rent,0.3399118397328196,1,7054.0,155.41,0.3619,1
305,67211,6972,60,Employed,Rent,0.1331085972157441,3,5600.92,141.37,0.1583,0
813,174432,32236,84,Employed,Rent,0.0169322343105488,0,14536.0,502.44,0.0515,1
804,106269,41886,12,Self-employed,Mortgage,0.4198576820804626,4,8855.75,3643.6,0.8313,0
324,56983,31796,12,Employed,Own,0.2724588971017619,0,4748.58,2765.88,0.8549,0
666,132907,36586,120,Unemployed,Mortgage,0.1285031143204352,4,11075.58,443.89,0.1686,1
640,60814,29845,120,Self-employed,Rent,0.2187918275491779,4,5067.83,362.1,0.2902,0
485,51967,9821,12,Employed,Rent,0.1132356123295564,3,4330.58,854.31,0.3105,0
406,80120,8761,120,Employed,Rent,0.179906265118317,4,6676.67,106.3,0.1958,0
570,121104,16510,12,Employed,Rent,0.4919598746834481,4,10092.0,1436.18,0.6343,0
519,86260,23081,36,Employed,Own,0.5442027578326387,2,7188.33,723.27,0.6448,0
407,58785,15967,120,Employed,Own,0.2618869086411594,1,4898.75,193.72,0.3014,0
534,153351,7220,12,Employed,Mortgage,0.5375275148601777,0,12779.25,628.06,0.5867,0
634,171613,1685,36,Self-employed,Own,0.3168559791038514,2,14301.08,52.8,0.3205,0
425,50643,30357,60,Employed,Mortgage,0.1655644883735514,5,4220.25,615.53,0.3114,0
641,36935,27894,36,Employed,Own,0.2577831700028455,0,3077.92,874.1,0.5418,0
515,61408,40359,36,Self-employed,Rent,0.2522602824822135,3,5117.33,1264.7,0.4994,0
656,124067,7481,24,Self-employed,Mortgage,0.3189757528337171,5,10338.92,338.35,0.3517,1
303,104086,32271,60,Self-employed,Own,0.4768910573891904,0,8673.83,654.34,0.5523,0
536,105495,7221,36,Employed,Mortgage,0.3185212980347043,1,8791.25,226.28,0.3443,0
572,54681,24745,36,Employed,Mortgage,0.3983141228495712,5,4556.75,775.42,0.5685,0
594,119018,4187,24,Employed,Own,0.3366809063928468,0,9918.17,189.37,0.3558,0
789,54550,21983,24,Employed,Mortgage,0.4045632063849098,5,4545.83,994.23,0.6233,0
421,66538,36178,36,Retired,Mortgage,0.1179709294228879,1,5544.83,1133.69,0.3224,0
537,47291,20087,60,Employed,Rent,0.4999203961854495,3,3940.92,407.29,0.6033,0
427,64546,38656,84,Unemployed,Mortgage,0.06905089077174,5,5378.83,602.5,0.1811,0
411,169147,27553,120,Retired,Own,0.3962474334003463,5,14095.58,334.29,0.42,0
593,63465,2725,120,Employed,Rent,0.1557851011357767,2,5288.75,33.06,0.162,0
367,32640,1881,12,Employed,Rent,0.5544631111384059,0,2720.0,163.63,0.6146,0
324,174573,11926,120,Retired,Mortgage,0.1370052853839404,0,14547.75,144.7,0.147,0
540,159628,3050,120,Unemployed,Mortgage,0.4402004716669473,2,13302.33,37.0,0.443,0
538,151836,13959,36,Self-employed,Mortgage,0.3286530481223937,4,12653.0,437.42,0.3632,0
555,143034,44436,12,Employed,Rent,0.517812688359127,3,11919.5,3865.42,0.8421,0
819,129096,22373,12,Employed,Own,0.162276064049309,3,10758.0,1946.19,0.3432,1
791,103797,48080,24,Employed,Own,0.4359301394939057,1,8649.75,2174.53,0.6873,0
670,88030,48835,84,Employed,Rent,0.5702064660039893,4,7335.83,761.15,0.674,0
308,165406,19092,24,Employed,Mortgage,0.0217450947916116,5,13783.83,863.48,0.0844,0
416,55635,34962,60,Employed,Mortgage,0.0947852394704923,1,4636.25,708.9,0.2477,0
559,46393,31112,36,Employed,Mortgage,0.2631174402382323,5,3866.08,974.94,0.5153,0
742,135646,46661,84,Self-employed,Rent,0.2637758060367557,1,11303.83,727.27,0.3281,1
355,160687,47524,24,Employed,Rent,0.3170338423164504,5,13390.58,2149.38,0.4775,0
371,105959,9017,60,Employed,Mortgage,0.0844604302309015,2,8829.92,182.83,0.1052,0
762,194955,13872,120,Employed,Rent,0.3753056562889832,0,16246.25,168.31,0.3857,1
830,192140,4348,84,Employed,Rent,0.189825870204691,0,16011.67,67.77,0.1941,1
749,167715,48608,120,Self-employed,Rent,0.5030020486514489,0,13976.25,589.75,0.5452,1
379,22054,33582,36,Employed,Own,0.3546391130486006,3,1837.83,1052.34,0.9272,0
691,57383,29486,84,Employed,Rent,0.4998118205133692,4,4781.92,459.58,0.5959,1
795,21824,34175,60,Unemployed,Mortgage,0.243241885704307,3,1818.67,692.95,0.6243,0
385,119839,10418,36,Employed,Own,0.0619412251152039,5,9986.58,326.46,0.0946,0
321,185303,31656,12,Retired,Mortgage,0.3704102166251857,2,15441.92,2753.71,0.5487,0
391,87831,3167,84,Employed,Rent,0.0188591347506786,0,7319.25,49.36,0.0256,0
654,183991,27959,24,Employed,Rent,0.4736297575145308,3,15332.58,1264.51,0.5561,1
716,21830,37767,84,Unemployed,Rent,0.1451102744078686,1,1819.17,588.64,0.4687,0
718,39602,14376,36,Employed,Mortgage,0.1839280460146915,4,3300.17,450.49,0.3204,0
365,156108,9130,36,Employed,Own,0.1875163301878791,1,13009.0,286.1,0.2095,0
696,93073,20211,84,Self-employed,Mortgage,0.2869584278248846,3,7756.08,315.01,0.3276,1
336,196915,49497,60,Employed,Own,0.3430335795186884,0,16409.58,1003.62,0.4042,0
363,35880,37519,60,Employed,Mortgage,0.3331882046673933,2,2990.0,760.75,0.5876,0
381,132041,7957,24,Unemployed,Rent,0.0184695306763194,0,11003.42,359.87,0.0512,0
751,124845,11958,12,Employed,Rent,0.0400572761561403,2,10403.75,1040.21,0.14,1
656,189513,40978,84,Employed,Rent,0.3504208366569708,1,15792.75,638.69,0.3909,1
336,138822,16722,84,Retired,Own,0.5809515367269407,0,11568.5,260.63,0.6035,0
545,132562,48345,12,Employed,Mortgage,0.2951075817121413,2,11046.83,4205.46,0.6758,0
318,37226,29074,60,Self-employed,Mortgage,0.4662334693673377,2,3102.17,589.52,0.6563,0
652,57516,8639,12,Employed,Mortgage,0.506043751258862,3,4793.0,751.49,0.6628,0
666,156338,19332,12,Employed,Rent,0.4136136506094521,5,13028.17,1681.66,0.5427,1
669,83968,8818,36,Unemployed,Own,0.1291852066148284,0,6997.33,276.32,0.1687,1
334,188616,3499,60,Employed,Mortgage,0.3037705369072664,1,15718.0,70.95,0.3083,0
397,116419,32531,12,Employed,Own,0.1846541508767193,3,9701.58,2829.82,0.4763,0
585,123360,35186,120,Self-employed,Own,0.0039184089937768,2,10280.0,426.9,0.0454,0
635,197901,29344,60,Self-employed,Own,0.1342655431399666,3,16491.75,594.99,0.1703,0
665,180343,47578,24,Employed,Own,0.1419972490453622,2,15028.58,2151.82,0.2852,1
801,103793,5488,120,Employed,Mortgage,0.4497781576740297,1,8649.42,66.58,0.4575,1
802,145129,22447,120,Unemployed,Rent,0.1956137414263745,3,12094.08,272.34,0.2181,1
558,68608,1947,84,Employed,Mortgage,0.3708910389778883,3,5717.33,30.35,0.3762,0
805,95317,44694,36,Employed,Mortgage,0.2602337578960231,1,7943.08,1400.55,0.4366,1
676,173649,1459,84,Unemployed,Mortgage,0.001740780710212,2,14470.75,22.74,0.0033,1
504,112538,11872,84,Employed,Rent,0.4251857070184947,0,9378.17,185.04,0.4449,0
475,84274,43406,60,Employed,Mortgage,0.2261994666015424,1,7022.83,880.12,0.3515,0
534,73702,38705,24,Employed,Rent,0.055419961981965,5,6141.83,1750.52,0.3404,0
825,109607,40882,60,Employed,Own,0.4172289249661696,5,9133.92,828.94,0.508,1
800,132788,22675,12,Employed,Mortgage,0.0086602643465898,2,11065.67,1972.46,0.1869,1
817,125014,2707,24,Employed,Mortgage,0.039572523717002,2,10417.83,122.43,0.0513,1
734,155574,11571,84,Retired,Rent,0.3276633337075688,5,12964.5,180.35,0.3416,1
824,51309,23047,84,Self-employed,Own,0.5450090669973019,3,4275.75,359.22,0.629,0
409,199746,27377,60,Employed,Own,0.0031175962303813,3,16645.5,555.11,0.0365,0
578,43831,25477,84,Employed,Own,0.0617368541748505,3,3652.58,397.09,0.1705,0
504,37999,21895,36,Employed,Own,0.3211006012950883,4,3166.58,686.11,0.5378,0
799,75614,9572,120,Self-employed,Rent,0.2774896483250746,1,6301.17,116.13,0.2959,1
708,137442,33850,24,Employed,Rent,0.0136708680570541,5,11453.5,1530.94,0.1473,1
731,56357,3843,84,Unemployed,Own,0.5997986238108212,0,4696.42,59.9,0.6126,0
599,52826,8926,84,Self-employed,Rent,0.2849567727528937,2,4402.17,139.12,0.3166,0
528,98377,7129,12,Self-employed,Rent,0.1023169528112615,5,8198.08,620.14,0.178,0
544,89423,23173,60,Self-employed,Mortgage,0.5265212449988534,0,7451.92,469.86,0.5896,0
653,41955,9448,84,Unemployed,Mortgage,0.0545484988769156,4,3496.25,147.26,0.0967,0
346,194286,39523,12,Employed,Mortgage,0.0337594833978352,4,16190.5,3438.04,0.2461,0
642,50950,6818,60,Employed,Own,0.5426995787153472,2,4245.83,138.24,0.5753,0
652,88482,44753,60,Employed,Rent,0.4500566048801579,0,7373.5,907.43,0.5731,1
798,30223,14317,12,Employed,Rent,0.3498242767927558,1,2518.58,1245.41,0.8443,0
836,161581,12770,12,Employed,Rent,0.0407973775401802,5,13465.08,1110.84,0.1233,1
619,87536,5233,12,Self-employed,Own,0.5584026132124775,5,7294.67,455.21,0.6208,0
551,136651,28963,36,Employed,Rent,0.0498864896259101,2,11387.58,907.6,0.1296,0
828,116263,23118,24,Self-employed,Mortgage,0.1629646644510714,0,9688.58,1045.56,0.2709,1
420,187470,33900,36,Self-employed,Own,0.0287858406365538,4,15622.5,1062.3,0.0968,0
681,28626,14246,36,Self-employed,Own,0.0590962833083094,2,2385.5,446.42,0.2462,0
726,139632,39137,12,Employed,Own,0.5041377429021545,1,11636.0,3404.47,0.7967,0
545,28799,3952,36,Self-employed,Rent,0.0518447598903266,2,2399.92,123.84,0.1034,0
570,162682,34734,36,Employed,Mortgage,0.5143436367664594,2,13556.83,1088.44,0.5946,0
544,98473,44754,120,Employed,Rent,0.2908868027648785,1,8206.08,542.99,0.3571,0
510,164087,21045,120,Employed,Mortgage,0.0552924807427271,4,13673.92,255.33,0.074,0
565,136418,4855,36,Employed,Rent,0.3137593490750347,0,11368.17,152.14,0.3271,0
658,123365,48976,84,Unemployed,Rent,0.5323990012982397,1,10280.42,763.35,0.6067,0
681,64521,24202,84,Self-employed,Mortgage,0.5639588255071197,3,5376.75,377.22,0.6341,0
492,153236,38806,120,Employed,Rent,0.1393630248708441,2,12769.67,470.82,0.1762,0
570,127802,47268,60,Employed,Rent,0.0985980204684284,1,10650.17,958.42,0.1886,0
452,123003,34796,24,Unemployed,Own,0.5255410640231013,4,10250.25,1573.73,0.6791,0
746,78730,34927,36,Self-employed,Own,0.4514299712882361,3,6560.83,1094.49,0.6183,0
337,171195,33839,84,Employed,Own,0.1388078572328727,5,14266.25,527.42,0.1758,0
762,135092,35057,84,Employed,Rent,0.3274675658175577,3,11257.67,546.41,0.376,1
487,89437,8350,24,Employed,Own,0.3451761244840516,4,7453.08,377.65,0.3958,0
669,39797,11184,84,Employed,Own,0.0563183472813414,0,3316.42,174.32,0.1089,0
752,120519,48641,12,Self-employed,Rent,0.1570396127716644,4,10043.25,4231.2,0.5783,1
567,149044,40582,36,Employed,Rent,0.1593215757383405,1,12420.33,1271.69,0.2617,0
575,181253,27835,84,Unemployed,Rent,0.2246434278354347,0,15104.42,433.84,0.2534,0
661,154643,4317,84,Self-employed,Own,0.3239944801260859,0,12886.92,67.29,0.3292,1
362,95834,1130,84,Employed,Rent,0.0982502294753222,4,7986.17,17.61,0.1005,0
716,126210,46266,12,Employed,Mortgage,0.3674640175605125,5,10517.5,4024.61,0.7501,0
391,42821,46513,12,Employed,Mortgage,0.2182892515170906,1,3568.42,4046.09,1.3521,0
551,161254,45998,120,Retired,Mortgage,0.1508528673642868,5,13437.83,558.08,0.1924,0
557,86657,24931,36,Self-employed,Own,0.174341558338035,2,7221.42,781.25,0.2825,0
577,125806,39149,12,Employed,Mortgage,0.1166777039442563,3,10483.83,3405.51,0.4415,0
783,32928,8188,84,Employed,Mortgage,0.2940859621304433,0,2744.0,127.62,0.3406,0
355,87512,49399,24,Self-employed,Mortgage,0.1632291093187587,0,7292.67,2234.18,0.4696,0
808,85197,36224,12,Retired,Own,0.3029649509988231,2,7099.75,3151.07,0.7468,0
395,80427,5792,60,Retired,Own,0.5918606767363963,0,6702.25,117.44,0.6094,0
779,62492,30237,60,Retired,Mortgage,0.1002633979653149,2,5207.67,613.1,0.218,1
509,57346,30552,24,Employed,Own,0.5964565763134118,1,4778.83,1381.78,0.8856,0
760,183887,11059,84,Self-employed,Mortgage,0.4770884171474844,2,15323.92,172.37,0.4883,1
619,109133,19421,60,Self-employed,Own,0.172736800934455,1,9094.42,393.79,0.216,0
542,77125,16182,24,Employed,Rent,0.5525831262798465,4,6427.08,731.87,0.6665,0
740,194478,6961,84,Self-employed,Mortgage,0.1259922338489426,2,16206.5,108.5,0.1327,1
541,28222,39799,36,Employed,Mortgage,0.2406242658005123,2,2351.83,1247.16,0.7709,0
317,29685,8840,84,Employed,Mortgage,0.4855052782595641,3,2473.75,137.78,0.5412,0
378,193821,1824,84,Employed,Own,0.552688576136242,0,16151.75,28.43,0.5544,0
543,153389,15923,120,Employed,Own,0.2329129219977773,0,12782.42,193.19,0.248,0
742,194193,48069,120,Employed,Rent,0.3498725018081658,2,16182.75,583.21,0.3859,1
447,139447,14587,60,Employed,Own,0.4449058625125862,2,11620.58,295.77,0.4704,0
750,101685,26480,36,Retired,Mortgage,0.5109903154881478,0,8473.75,829.79,0.6089,0
428,174010,26803,120,Employed,Rent,0.2554459098080655,1,14500.83,325.19,0.2779,0
818,88127,35787,120,Unemployed,Mortgage,0.2657990279192891,2,7343.92,434.2,0.3249,1
524,56783,30824,36,Employed,Rent,0.3125060566521487,5,4731.92,965.91,0.5166,0
759,93366,9573,60,Employed,Rent,0.4834084303352376,2,7780.5,194.11,0.5084,1
746,20100,36291,12,Employed,Rent,0.2559118453465865,3,1675.0,3156.9,2.1406,0
734,119869,6773,120,Self-employed,Own,0.0653399880840895,4,9989.08,82.18,0.0736,1
656,110746,42933,84,Employed,Rent,0.5089479351288464,5,9228.83,669.16,0.5815,1
659,176138,31130,12,Employed,Mortgage,0.5184567446368409,1,14678.17,2707.95,0.7029,0
445,157744,28922,84,Self-employed,Own,0.1893326203256711,2,13145.33,450.78,0.2236,0
823,159232,12800,12,Employed,Own,0.5331234235233264,2,13269.33,1113.45,0.617,0
544,198910,28367,36,Retired,Mortgage,0.4621153628422167,5,16575.83,888.92,0.5157,0
535,82741,26833,24,Employed,Own,0.2436870329587764,0,6895.08,1213.58,0.4197,0
774,55910,21832,84,Employed,Rent,0.449124157661107,4,4659.17,340.28,0.5222,1
469,147515,45695,24,Self-employed,Own,0.5236321468513622,1,12292.92,2066.66,0.6918,0
437,99027,29479,12,Employed,Own,0.5103099664899297,4,8252.25,2564.33,0.8211,0
776,161107,14153,84,Self-employed,Mortgage,0.5752510777850922,1,13425.58,220.59,0.5917,1
680,35637,43454,24,Employed,Own,0.3164993705632509,2,2969.75,1965.31,0.9783,0
438,112142,38930,12,Self-employed,Own,0.3626364564116643,2,9345.17,3386.46,0.725,0
376,93813,36829,12,Employed,Rent,0.5581797684344356,5,7817.75,3203.7,0.968,0
697,61805,31439,84,Employed,Mortgage,0.4965192673141965,3,5150.42,490.01,0.5917,1
757,106751,46335,36,Employed,Mortgage,0.2482760965148521,5,8895.92,1451.97,0.4115,1
683,142669,39024,60,Retired,Rent,0.5797923708086117,1,11889.08,791.27,0.6463,0
471,83458,42734,60,Employed,Mortgage,0.4283357242741442,0,6954.83,866.49,0.5529,0
487,179443,43071,24,Self-employed,Own,0.3719900124801695,3,14953.58,1947.98,0.5023,0
400,187310,43257,24,Self-employed,Own,0.2191604667537451,1,15609.17,1956.4,0.3445,0
626,185220,14360,24,Unemployed,Own,0.2909099848037379,5,15435.0,649.46,0.333,0
437,58276,41527,120,Employed,Mortgage,0.5346753183832959,4,4856.33,503.84,0.6384,0
543,115198,38893,36,Unemployed,Rent,0.5431749137660659,0,9599.83,1218.77,0.6701,0
445,43653,29974,60,Self-employed,Own,0.2211021914034655,1,3637.75,607.76,0.3882,0
819,160436,3071,36,Self-employed,Mortgage,0.2875511647649136,1,13369.67,96.23,0.2947,1
677,29881,6955,120,Retired,Own,0.5360712969305176,3,2490.08,84.38,0.57,0
776,179840,20373,84,Employed,Rent,0.1562312830364188,2,14986.67,317.54,0.1774,1
656,72374,47407,84,Employed,Own,0.3739649648431261,3,6031.17,738.9,0.4965,1
665,55358,13888,24,Employed,Own,0.5703190934072608,0,4613.17,628.12,0.7065,0
434,180386,16120,12,Employed,Rent,0.3758669028739705,4,15032.17,1402.25,0.4692,0
524,86530,5669,36,Employed,Mortgage,0.3124764084697699,0,7210.83,177.65,0.3371,0
429,116219,37221,36,Retired,Rent,0.2336065227866151,4,9684.92,1166.37,0.354,0
658,84606,40433,84,Employed,Mortgage,0.537569360479297,3,7050.5,630.2,0.627,0
570,73731,7639,84,Employed,Rent,0.1645532948077548,3,6144.25,119.06,0.1839,0
502,74351,19236,24,Unemployed,Mortgage,0.1052988779409984,5,6195.92,869.99,0.2457,0
488,28173,41935,12,Self-employed,Own,0.0039887439171714,3,2347.75,3647.86,1.5578,0
454,27614,1795,120,Employed,Rent,0.3520483339854712,1,2301.17,21.78,0.3615,0
695,122318,41271,84,Employed,Mortgage,0.5062287772053441,5,10193.17,643.26,0.5693,1
511,60839,44810,60,Retired,Own,0.3929794579010675,3,5069.92,908.59,0.5722,0
666,38175,4024,84,Employed,Rent,0.0585197449349474,0,3181.25,62.72,0.0782,0
327,187691,8022,60,Employed,Mortgage,0.1091937063503882,2,15640.92,162.66,0.1196,0
552,195856,11953,36,Employed,Own,0.2246481523751496,4,16321.33,374.56,0.2476,0
664,147522,21057,24,Unemployed,Rent,0.1457762826462144,4,12293.5,952.35,0.2232,1
306,36013,29972,120,Retired,Rent,0.4827706574465258,4,3001.08,363.64,0.6039,0
438,30682,6957,120,Unemployed,Rent,0.4531605440949702,3,2556.83,84.41,0.4862,0
747,122975,31831,120,Employed,Rent,0.2499374092441119,2,10247.92,386.2,0.2876,1
356,100602,24565,84,Self-employed,Own,0.4890583687440876,0,8383.5,382.88,0.5347,0
558,160928,39809,60,Retired,Rent,0.2964892388563196,4,13410.67,807.18,0.3567,0
365,150535,7228,12,Self-employed,Own,0.3440737653843965,4,12544.58,628.75,0.3942,0
836,121658,26443,120,Self-employed,Rent,0.5118214979017134,3,10138.17,320.83,0.5435,1
424,183142,48141,84,Self-employed,Own,0.4691591442753081,4,15261.83,750.34,0.5183,0
564,187215,38430,12,Employed,Own,0.3052865452158512,5,15601.25,3342.97,0.5196,0
413,165622,14040,24,Self-employed,Mortgage,0.0866256622062603,4,13801.83,634.99,0.1326,0
822,22207,13830,24,Retired,Mortgage,0.363207136038992,5,1850.58,625.49,0.7012,0
435,73040,30648,24,Unemployed,Mortgage,0.4956934599740359,4,6086.67,1386.13,0.7234,0
721,33126,3057,120,Employed,Mortgage,0.3974384502487834,5,2760.5,37.09,0.4109,0
698,176522,36556,84,Employed,Mortgage,0.3042429481437046,2,14710.17,569.77,0.343,1
437,137988,22559,120,Retired,Own,0.5291231223826721,4,11499.0,273.7,0.5529,0
499,185661,12557,84,Retired,Own,0.4726541437542047,3,15471.75,195.72,0.4853,0
850,152528,33378,12,Self-employed,Own,0.4953608566201017,2,12710.67,2903.5,0.7238,0
470,58264,44616,120,Employed,Rent,0.5872713795249016,1,4855.33,541.32,0.6988,0
576,62422,22109,36,Employed,Rent,0.5081816041013062,5,5201.83,692.82,0.6414,0
333,194646,5919,36,Employed,Rent,0.4024991675125053,0,16220.5,185.48,0.4139,0
351,38339,31147,84,Employed,Rent,0.1774725721355813,1,3194.92,485.46,0.3294,0
726,156832,45689,36,Retired,Rent,0.4688097850388313,5,13069.33,1431.73,0.5784,1
476,64085,35585,12,Employed,Mortgage,0.0581365626456917,5,5340.42,3095.48,0.6378,0
829,28076,26200,12,Unemployed,Rent,0.2606711538950836,0,2339.67,2279.1,1.2348,0
569,110365,38254,84,Self-employed,Own,0.5213396700019123,2,9197.08,596.24,0.5862,0
433,187072,49201,120,Employed,Own,0.0294994948656997,0,15589.33,596.94,0.0678,0
723,189687,28366,24,Unemployed,Mortgage,0.4806961231884224,3,15807.25,1282.92,0.5619,1
591,185682,41154,84,Employed,Own,0.5778695937793047,5,15473.5,641.44,0.6193,0
602,136476,37019,36,Employed,Mortgage,0.4768186159734315,2,11373.0,1160.04,0.5788,0
551,97033,19492,12,Employed,Rent,0.540741423618374,2,8086.08,1695.58,0.7504,0
596,191601,49684,60,Self-employed,Rent,0.4393948079218707,2,15966.75,1007.41,0.5025,0
584,73563,29610,36,Employed,Mortgage,0.0164103067846774,4,6130.25,927.87,0.1678,0
778,127882,32007,120,Employed,Own,0.5141446205264854,2,10656.83,388.33,0.5506,1
467,146040,24276,24,Employed,Own,0.1065600295528527,0,12170.0,1097.94,0.1968,0
444,161448,8237,84,Employed,Own,0.2482581931138464,3,13454.0,128.38,0.2578,0
618,172973,37690,60,Self-employed,Mortgage,0.2826806266001559,5,14414.42,764.22,0.3357,0
772,106315,37834,12,Self-employed,Rent,0.4807514078942694,2,8859.58,3291.12,0.8522,0
414,28639,37738,24,Self-employed,Rent,0.4166051499108348,5,2386.58,1706.79,1.1318,0
316,69122,7046,36,Employed,Own,0.4249602667388067,1,5760.17,220.8,0.4633,0
495,199457,20262,84,Unemployed,Own,0.5297828194121768,4,16621.42,315.81,0.5488,0
847,67819,33656,120,Employed,Rent,0.5600539507842353,0,5651.58,408.34,0.6323,0
620,62349,36929,60,Employed,Rent,0.0074842433530394,4,5195.75,748.79,0.1516,0
767,58360,19911,12,Employed,Rent,0.3714561517946745,5,4863.33,1732.03,0.7276,0
703,34205,33424,60,Employed,Mortgage,0.0567223201025104,5,2850.42,677.72,0.2945,0
334,198243,5814,36,Employed,Own,0.0179218063772719,3,16520.25,182.19,0.029,0
815,65546,35714,60,Employed,Mortgage,0.1807735908627609,1,5462.17,724.15,0.3133,1
306,176696,42489,12,Employed,Mortgage,0.5992923212541703,3,14724.67,3696.05,0.8503,0
767,193670,29879,60,Employed,Mortgage,0.2942604554549624,3,16139.17,605.84,0.3318,1
506,163715,44822,84,Employed,Own,0.5987937586611318,5,13642.92,698.61,0.65,0
433,151505,23044,24,Self-employed,Mortgage,0.0728501115377468,5,12625.42,1042.22,0.1554,0
724,112364,44715,24,Employed,Own,0.1630223972929531,5,9363.67,2022.34,0.379,1
347,23790,11490,120,Employed,Mortgage,0.0200414817900578,4,1982.5,139.41,0.0904,0
406,71591,5882,84,Employed,Mortgage,0.3575480755292116,0,5965.92,91.68,0.3729,0
424,181995,43236,120,Employed,Own,0.0930419431823108,1,15166.25,524.57,0.1276,0
781,125050,7783,60,Employed,Own,0.2679538991530859,0,10420.83,157.81,0.2831,1
324,143211,6989,120,Employed,Rent,0.1327142424531484,2,11934.25,84.8,0.1398,0
571,185171,41096,36,Employed,Mortgage,0.156897189232979,4,15430.92,1287.8,0.2404,0
592,69698,16520,12,Retired,Rent,0.0636312325425322,5,5808.17,1437.05,0.311,0
590,113196,13540,36,Employed,Own,0.1391048014017954,5,9433.0,424.29,0.1841,0
512,155652,13582,36,Self-employed,Rent,0.4580414982720187,2,12971.0,425.61,0.4909,0
596,186670,20317,120,Self-employed,Own,0.5942281489267043,5,15555.83,246.5,0.6101,0
634,117153,45527,12,Retired,Own,0.4460013780445362,5,9762.75,3960.32,0.8517,0
630,178767,48403,60,Employed,Rent,0.4854230822215877,5,14897.25,981.44,0.5513,0
529,121863,3716,12,Employed,Rent,0.5573351769103104,2,10155.25,323.25,0.5892,0
436,112265,32044,84,Employed,Mortgage,0.3582701802538285,5,9355.42,499.44,0.4117,0
449,159566,23533,84,Employed,Rent,0.2404000312298501,1,13297.17,366.79,0.268,0
613,95122,17038,36,Employed,Rent,0.1036556171184257,3,7926.83,533.91,0.171,0
480,63374,7976,84,Employed,Own,0.3012031609570948,3,5281.17,124.32,0.3247,0
673,176139,43378,24,Self-employed,Own,0.2995696387797255,1,14678.25,1961.87,0.4332,1
693,172856,3489,12,Unemployed,Mortgage,0.0031273557978472,2,14404.67,303.5,0.0242,1
436,103512,4213,120,Employed,Rent,0.2200133138259148,1,8626.0,51.12,0.2259,0
449,151385,43993,60,Employed,Rent,0.075397892311774,1,12615.42,892.02,0.1461,0
805,114902,12095,120,Employed,Rent,0.34237439117468,3,9575.17,146.75,0.3577,1
603,65808,49969,24,Retired,Rent,0.197573787901412,5,5484.0,2259.96,0.6097,0
801,29661,37847,84,Self-employed,Mortgage,0.441628109692748,4,2471.75,589.89,0.6803,0
343,199536,33008,60,Employed,Rent,0.4017697006507704,5,16628.0,669.28,0.442,0
842,51898,41999,84,Self-employed,Mortgage,0.3756972349909449,5,4324.83,654.61,0.5271,1
343,119381,11431,24,Self-employed,Own,0.5892229463245896,4,9948.42,516.99,0.6412,0
438,67874,34076,12,Employed,Own,0.0418474379936495,1,5656.17,2964.22,0.5659,0
788,125133,20414,120,Employed,Mortgage,0.1428605756072068,1,10427.75,247.68,0.1666,1
698,53134,9366,36,Employed,Rent,0.3412274498510074,5,4427.83,293.5,0.4075,1
687,103006,23315,24,Employed,Mortgage,0.4332113372479877,4,8583.83,1054.47,0.5561,1
788,69402,11838,24,Employed,Own,0.1443221921690724,4,5783.5,535.4,0.2369,1
746,157841,26963,24,Employed,Own,0.2789358179978611,0,13153.42,1219.46,0.3716,1
335,172917,30629,120,Employed,Rent,0.1833987388393936,2,14409.75,371.61,0.2092,0
713,196227,34728,24,Self-employed,Own,0.0319027124274385,5,16352.25,1570.65,0.128,1
613,28756,5418,84,Employed,Rent,0.1895560438367487,5,2396.33,84.45,0.2248,0
605,53322,6703,24,Employed,Mortgage,0.5903110279530696,5,4443.5,303.16,0.6585,0
307,138951,47717,60,Employed,Own,0.2661631241886659,5,11579.25,967.53,0.3497,0
651,28788,4455,120,Employed,Mortgage,0.2619891914056315,4,2399.0,54.05,0.2845,0
747,150457,34154,60,Self-employed,Own,0.2084623008207048,3,12538.08,692.52,0.2637,1
493,52843,36514,12,Unemployed,Rent,0.4206941574941848,0,4403.58,3176.3,1.142,0
685,119279,12316,12,Self-employed,Rent,0.4711693825300622,5,9939.92,1071.35,0.579,1
382,56740,22180,120,Employed,Mortgage,0.0820063596228138,1,4728.33,269.1,0.1389,0
337,33166,30894,24,Employed,Mortgage,0.5252609049474483,0,2763.83,1397.25,1.0308,0
434,51985,17400,84,Employed,Own,0.4846167232361928,4,4332.08,271.2,0.5472,0
773,189424,25008,60,Employed,Rent,0.2730695839320706,3,15785.33,507.07,0.3052,1
361,173469,45951,84,Unemployed,Rent,0.5947931997443657,3,14455.75,716.2,0.6443,0
610,123344,42710,120,Retired,Own,0.0203657743888634,5,10278.67,518.19,0.0708,0
331,59681,15431,36,Self-employed,Own,0.492435004529999,3,4973.42,483.55,0.5897,0
437,50679,6815,12,Unemployed,Mortgage,0.0462760906041095,2,4223.25,592.83,0.1866,0
598,111172,23558,120,Employed,Rent,0.1215868476472504,2,9264.33,285.82,0.1524,0
336,123872,15740,60,Employed,Mortgage,0.2128884219933212,5,10322.67,319.15,0.2438,0
397,150906,8718,12,Self-employed,Rent,0.1686356617676244,5,12575.5,758.37,0.2289,0
391,29715,14725,36,Employed,Rent,0.0210231265470635,4,2476.25,461.43,0.2074,0
387,78969,2607,84,Employed,Own,0.321198060074668,3,6580.75,40.63,0.3274,0
559,38958,18558,60,Self-employed,Rent,0.1336391463649189,3,3246.5,376.29,0.2495,0
840,123695,2307,60,Employed,Rent,0.0599266442210197,3,10307.92,46.78,0.0645,1
526,110236,33944,12,Retired,Mortgage,0.357972485452166,0,9186.33,2952.74,0.6794,0
727,181934,21207,84,Employed,Mortgage,0.433192133332751,2,15161.17,330.54,0.455,1
462,60726,31893,60,Employed,Own,0.313911779995453,2,5060.5,646.68,0.4417,0
760,61614,20206,60,Self-employed,Rent,0.5027598699878715,2,5134.5,409.7,0.5826,1
461,50409,31394,84,Self-employed,Own,0.2849960923686984,4,4200.75,489.31,0.4015,0
307,156402,20613,84,Retired,Own,0.51681904045691,4,13033.5,321.28,0.5415,0
758,65844,34271,36,Employed,Rent,0.411190150670079,4,5487.0,1073.93,0.6069,0
798,124806,45688,24,Self-employed,Rent,0.2457395654441192,3,10400.5,2066.34,0.4444,1
336,156332,10563,12,Employed,Rent,0.060673124074254,5,13027.67,918.86,0.1312,0
838,191253,30824,60,Employed,Rent,0.2114442444498521,0,15937.75,625.0,0.2507,1
363,198559,20584,120,Retired,Mortgage,0.4351462254803868,4,16546.58,249.74,0.4502,0
367,80698,9823,12,Employed,Own,0.5002953985904115,1,6724.83,854.49,0.6274,0
345,129662,38613,12,Employed,Own,0.427973151501598,2,10805.17,3358.88,0.7388,0
329,46466,16400,12,Employed,Mortgage,0.0174724340321158,4,3872.17,1426.61,0.3859,0
442,162274,16591,84,Unemployed,Mortgage,0.1896837756653807,0,13522.83,258.59,0.2088,0
592,45734,2150,120,Employed,Rent,0.026167401115862,0,3811.17,26.09,0.033,0
335,57536,2481,12,Retired,Rent,0.2601582840322576,4,4794.67,215.82,0.3052,0
690,48249,4078,36,Self-employed,Rent,0.0637942669341679,0,4020.75,127.79,0.0956,0
599,138071,22028,84,Employed,Rent,0.1812610103970413,0,11505.92,343.33,0.2111,0
638,149321,22760,12,Self-employed,Rent,0.3086236981609447,0,12443.42,1979.86,0.4677,0
428,23893,31517,84,Employed,Rent,0.4234087902864689,5,1991.08,491.23,0.6701,0
759,196199,33342,84,Unemployed,Rent,0.4637442008521326,2,16349.92,519.68,0.4955,1
481,87476,2748,36,Employed,Mortgage,0.3130825487056366,0,7289.67,86.11,0.3249,0
332,162188,36976,12,Employed,Rent,0.108781188043542,2,13515.67,3216.48,0.3468,0
666,124230,24942,24,Employed,Mortgage,0.5092215253624433,5,10352.5,1128.06,0.6182,0
709,126194,23539,24,Retired,Rent,0.3731825679636425,3,10516.17,1064.61,0.4744,1
752,85708,25994,12,Self-employed,Mortgage,0.483393772543329,3,7142.33,2261.18,0.8,0
547,104770,28098,12,Self-employed,Rent,0.1940672731215028,1,8730.83,2444.2,0.474,0
560,104193,43969,36,Employed,Rent,0.2286429711061921,4,8682.75,1377.83,0.3873,0
795,28626,37334,84,Retired,Own,0.4617027863622375,1,2385.5,581.9,0.7056,0
378,27208,8101,36,Employed,Own,0.4554814221162075,3,2267.33,253.86,0.5674,0
780,43476,11809,12,Self-employed,Mortgage,0.4106275429808145,3,3623.0,1027.25,0.6942,0
789,105123,40313,120,Unemployed,Mortgage,0.4425662479457311,0,8760.25,489.11,0.4984,1
566,143768,18555,36,Self-employed,Own,0.1907774656284386,0,11980.67,581.45,0.2393,0
389,153857,37542,84,Employed,Own,0.3369935609278737,2,12821.42,585.14,0.3826,0
506,55943,1613,60,Employed,Rent,0.4637563644494059,2,4661.92,32.71,0.4708,0
515,114586,44013,84,Employed,Own,0.5072911252514859,4,9548.83,686.0,0.5791,0
633,107988,37354,84,Employed,Own,0.2333729349759458,0,8999.0,582.21,0.2981,0
312,30747,36512,24,Unemployed,Own,0.5505323548830966,1,2562.25,1651.34,1.195,0
349,24555,45692,60,Employed,Rent,0.1269291260852045,5,2046.25,926.47,0.5797,0
443,71878,36757,84,Employed,Rent,0.5408326189809576,4,5989.83,572.9,0.6365,0
571,25670,8027,60,Employed,Rent,0.539123142351623,4,2139.17,162.76,0.6152,0
703,81703,21520,36,Self-employed,Own,0.5401662767163812,1,6808.58,674.36,0.6392,0
720,87028,13141,120,Self-employed,Mortgage,0.3671717707729152,0,7252.33,159.44,0.3892,1
531,178090,24691,60,Employed,Own,0.5946969153104993,3,14840.83,500.64,0.6284,0
337,150071,33788,60,Retired,Rent,0.0626848083585851,3,12505.92,685.1,0.1175,0
316,166908,13872,60,Self-employed,Rent,0.3407445293615127,2,13909.0,281.27,0.361,0
653,144054,11312,24,Self-employed,Own,0.1484695008544238,4,12004.5,511.61,0.1911,1
389,61662,13786,120,Retired,Own,0.0154061955951608,3,5138.5,167.26,0.048,0
503,38419,16390,120,Employed,Rent,0.5702116444129917,4,3201.58,198.86,0.6323,0
504,80934,1881,12,Employed,Rent,0.3821133168532254,0,6744.5,163.63,0.4064,0
810,158803,23586,36,Self-employed,Rent,0.2779325822647294,4,13233.58,739.1,0.3338,1
613,198484,19522,60,Employed,Own,0.3051473931340949,0,16540.33,395.84,0.3291,0
311,71825,22995,120,Employed,Mortgage,0.0335214820912676,2,5985.42,278.99,0.0801,0
819,121978,48438,12,Unemployed,Own,0.0205457668307262,4,10164.83,4213.55,0.4351,1
686,134878,38965,12,Employed,Own,0.062315398694271,4,11239.83,3389.5,0.3639,1
679,37017,5111,12,Employed,Mortgage,0.3941646483117969,4,3084.75,444.6,0.5383,0
788,105917,43195,36,Employed,Own,0.0529786133956689,0,8826.42,1353.57,0.2063,1
614,41616,21776,36,Self-employed,Own,0.3895107920134266,4,3468.0,682.38,0.5863,0
570,109989,8830,36,Retired,Rent,0.4786771735007626,4,9165.75,276.7,0.5089,0
838,171299,35159,12,Employed,Own,0.2277743169207724,2,14274.92,3058.43,0.442,1
576,74149,20601,12,Self-employed,Mortgage,0.431117662447924,3,6179.08,1792.05,0.7211,0
639,109949,16760,12,Employed,Mortgage,0.1397872130848737,3,9162.42,1457.93,0.2989,0
669,84557,43393,120,Employed,Rent,0.1580744889542568,1,7046.42,526.48,0.2328,1
384,94705,17239,60,Employed,Rent,0.0146381195482073,3,7892.08,349.54,0.0589,0
336,30738,48141,120,Employed,Rent,0.2270284073420696,0,2561.5,584.08,0.4551,0
848,125857,34386,24,Self-employed,Mortgage,0.3965831548272505,2,10488.08,1555.19,0.5449,1
573,28320,33565,84,Employed,Own,0.0249647181225527,5,2360.0,523.15,0.2466,0
745,192051,14699,84,Self-employed,Own,0.5126943395027792,2,16004.25,229.1,0.527,1
685,55618,46186,12,Employed,Own,0.0248827619581049,4,4634.83,4017.65,0.8917,0
636,112801,9593,24,Employed,Rent,0.4793200211664566,3,9400.08,433.87,0.5255,0
360,131910,36354,36,Employed,Own,0.0799075891909912,3,10992.5,1139.2,0.1835,0
584,155603,3488,12,Self-employed,Rent,0.0856398011087907,2,12966.92,303.42,0.109,0
840,138617,3758,60,Employed,Mortgage,0.5576214139100353,1,11551.42,76.2,0.5642,1
604,145810,49058,12,Employed,Own,0.2509175188175434,2,12150.83,4267.48,0.6021,0
407,77435,11011,60,Retired,Rent,0.5155554252328166,5,6452.92,223.26,0.5502,0
762,198345,4453,12,Employed,Mortgage,0.3797594283892694,3,16528.75,387.36,0.4032,1
446,96363,48352,60,Self-employed,Mortgage,0.1925979466892584,2,8030.25,980.4,0.3147,0
578,47384,49335,60,Employed,Own,0.422936203372439,3,3948.67,1000.34,0.6763,0
412,137793,39859,84,Employed,Mortgage,0.2136496345033249,2,11482.75,621.25,0.2678,0
644,30274,47039,120,Retired,Own,0.1886081665566991,5,2522.83,570.71,0.4148,0
808,28671,42826,24,Employed,Own,0.4671444821919053,2,2389.25,1936.9,1.2778,0
373,196878,36135,24,Employed,Rent,0.4080234131495056,4,16406.5,1634.29,0.5076,0
732,63507,9177,36,Retired,Rent,0.1320036139968068,5,5292.25,287.57,0.1863,1
647,193775,31171,36,Employed,Own,0.1994515123812927,5,16147.92,976.79,0.2599,0
581,46556,35467,12,Self-employed,Rent,0.1649022016510278,1,3879.67,3085.22,0.9601,0
528,151434,25274,84,Unemployed,Mortgage,0.5452510964109375,4,12619.5,393.93,0.5765,0
364,136638,40741,36,Retired,Mortgage,0.4378693500249089,4,11386.5,1276.67,0.55,0
347,195818,43543,36,Employed,Mortgage,0.0334480275326611,3,16318.17,1364.48,0.1171,0
481,55842,26964,24,Employed,Own,0.1265236023081772,1,4653.5,1219.51,0.3886,0
743,87011,34796,60,Employed,Rent,0.1314840566182133,0,7250.92,705.54,0.2288,1
702,104440,11205,36,Employed,Own,0.2460035207911575,4,8703.33,351.12,0.2863,1
515,59671,9227,120,Employed,Own,0.5370772246335003,2,4972.58,111.95,0.5596,0
787,69669,24691,36,Employed,Own,0.0286808381191469,3,5805.75,773.73,0.162,1
367,178096,6393,120,Employed,Mortgage,0.1533266570550625,1,14841.33,77.56,0.1586,0
389,30547,45600,24,Unemployed,Rent,0.5537448046031993,0,2545.58,2062.36,1.3639,0
820,57967,40291,36,Employed,Own,0.3300839931601507,4,4830.58,1262.57,0.5915,1
422,184905,1903,120,Self-employed,Rent,0.0402315328753023,1,15408.75,23.09,0.0417,0
477,50686,25591,84,Retired,Mortgage,0.0963827654384503,2,4223.83,398.87,0.1908,0
690,45779,12121,84,Employed,Rent,0.5610443034998635,0,3814.92,188.92,0.6106,0
619,79408,36353,120,Retired,Own,0.205199844249496,0,6617.33,441.06,0.2719,0
649,157369,31443,12,Employed,Own,0.5138587477265678,3,13114.08,2735.18,0.7224,0
668,188605,10294,120,Employed,Rent,0.3883996793819119,1,15717.08,124.89,0.3963,1
778,43285,8208,84,Employed,Rent,0.4486485213911235,5,3607.08,127.93,0.4841,0
373,65899,14143,120,Employed,Own,0.0515762120807645,4,5491.58,171.59,0.0828,0
496,117597,23634,12,Unemployed,Own,0.4620817105429859,1,9799.75,2055.88,0.6719,0
595,49281,18258,24,Self-employed,Rent,0.0797459676616262,5,4106.75,825.76,0.2808,0
315,157471,19594,84,Retired,Rent,0.1501098698714665,4,13122.58,305.4,0.1734,0
478,199952,16816,36,Employed,Mortgage,0.5272610206223015,0,16662.67,526.95,0.5589,0
840,50867,40807,24,Employed,Own,0.172091718573133,5,4238.92,1845.59,0.6075,0
388,174439,26637,60,Employed,Mortgage,0.4167596631043259,0,14536.58,540.1,0.4539,0
805,93168,18308,60,Unemployed,Rent,0.0816027955262046,3,7764.0,371.22,0.1294,1
491,157988,44500,60,Retired,Own,0.3984938087648012,4,13165.67,902.3,0.467,0
536,78126,45600,36,Self-employed,Own,0.3982169380324781,5,6510.5,1428.94,0.6177,0
404,178567,48788,12,Employed,Own,0.2416207322335262,3,14880.58,4243.99,0.5268,0
848,70428,39407,120,Unemployed,Own,0.5024477047295284,4,5869.0,478.12,0.5839,1
410,152160,6685,36,Self-employed,Own,0.3017933608244254,4,12680.0,209.48,0.3183,0
564,171483,9325,120,Self-employed,Own,0.2030887194736815,4,14290.25,113.14,0.211,0
584,190323,12431,12,Employed,Own,0.5759533654556757,3,15860.25,1081.35,0.6441,0
439,50777,14149,36,Unemployed,Rent,0.3472769178374413,2,4231.42,443.38,0.4521,0
511,141282,8508,36,Self-employed,Mortgage,0.1321121910926866,2,11773.5,266.61,0.1548,0
788,83862,28891,12,Employed,Mortgage,0.0745985534349343,4,6988.5,2513.18,0.4342,1
768,144156,14731,12,Retired,Own,0.1058116369458764,0,12013.0,1281.43,0.2125,1
658,88501,39150,36,Employed,Own,0.0751075453235169,3,7375.08,1226.82,0.2415,1
706,134867,6637,84,Employed,Mortgage,0.3591317002966437,4,11238.92,103.45,0.3683,1
671,53042,9738,60,Retired,Rent,0.1788206645844584,3,4420.17,197.45,0.2235,1
748,88546,8051,60,Employed,Mortgage,0.0585652377558393,5,7378.83,163.25,0.0807,1
568,155175,29383,36,Employed,Own,0.0387430612811782,0,12931.25,920.76,0.1099,0
620,75228,3065,60,Unemployed,Own,0.1045632522983446,2,6269.0,62.15,0.1145,0
625,127654,37550,12,Retired,Own,0.4448511374852084,0,10637.83,3266.42,0.7519,0
563,67673,34417,84,Employed,Own,0.1003676060574093,4,5639.42,536.43,0.1955,0
774,180434,20087,36,Employed,Rent,0.3167010323294,2,15036.17,629.45,0.3586,1
580,70881,37042,12,Employed,Own,0.1967945181056897,4,5906.75,3222.23,0.7423,0
613,50439,24290,36,Employed,Rent,0.002253474678421,1,4203.25,761.16,0.1833,0
692,88197,3576,84,Employed,Mortgage,0.4392894598654041,2,7349.75,55.74,0.4469,1
737,89399,32956,84,Employed,Rent,0.1578144214873321,5,7449.92,513.66,0.2268,1
820,147296,42175,36,Employed,Rent,0.4719077481908108,4,12274.67,1321.61,0.5796,1
606,162965,12967,60,Employed,Mortgage,0.1625349309104197,5,13580.42,262.92,0.1819,0
665,187232,15831,36,Self-employed,Rent,0.501776866215879,5,15602.67,496.09,0.5336,1
618,142253,8112,24,Unemployed,Mortgage,0.2424998803037074,2,11854.42,366.88,0.2734,0
537,40217,12981,12,Self-employed,Mortgage,0.3820876866522979,0,3351.42,1129.2,0.719,0
565,93844,5777,120,Self-employed,Own,0.139743671235385,0,7820.33,70.09,0.1487,0
457,129265,40345,36,Employed,Rent,0.2839272936110524,1,10772.08,1264.27,0.4013,0
434,37765,35353,12,Employed,Rent,0.1130265451477728,4,3147.08,3075.3,1.0902,0
741,164171,27272,24,Employed,Mortgage,0.1824246577477748,2,13680.92,1233.44,0.2726,1
331,25107,28449,84,Employed,Own,0.0772597535700364,1,2092.25,443.41,0.2892,0
496,134772,9714,36,Employed,Own,0.5757521076378718,0,11231.0,304.4,0.6029,0
654,157683,18788,120,Self-employed,Rent,0.4569979486027138,2,13140.25,227.95,0.4743,1
507,194052,24154,12,Self-employed,Rent,0.2235503990784767,3,16171.0,2101.12,0.3535,0
586,185403,41008,24,Self-employed,Own,0.432012958859445,3,15450.25,1854.68,0.5521,0
819,179419,10942,12,Retired,Rent,0.5813953526675637,2,14951.58,951.83,0.6451,0
725,81203,11893,36,Unemployed,Rent,0.3299424800811083,3,6766.92,372.68,0.385,1
667,40082,9176,12,Employed,Own,0.1937323726569291,1,3340.17,798.21,0.4327,0
477,38159,14344,12,Self-employed,Rent,0.4340470700528127,1,3179.92,1247.76,0.8264,0
756,133870,40312,36,Employed,Own,0.5218492253971526,3,11155.83,1263.23,0.6351,0
699,180479,10840,84,Employed,Rent,0.2410985572562908,1,15039.92,168.95,0.2523,1
817,33255,49104,12,Unemployed,Own,0.5487801047201153,1,2771.25,4271.48,2.0901,0
454,182298,15941,60,Unemployed,Own,0.002263297193278,1,15191.5,323.23,0.0235,0
420,99763,30190,12,Employed,Rent,0.4332815174216445,3,8313.58,2626.18,0.7492,0
666,102849,31654,60,Self-employed,Rent,0.240336402578328,3,8570.75,641.83,0.3152,1
575,187222,2748,12,Employed,Rent,0.4718805307258064,2,15601.83,239.04,0.4872,0
642,28742,17236,120,Unemployed,Own,0.5982622261614665,3,2395.17,209.12,0.6856,0
558,62459,33634,24,Self-employed,Rent,0.3463908054785066,5,5204.92,1521.17,0.6386,0
804,121383,16820,60,Employed,Rent,0.3118530611983919,3,10115.25,341.05,0.3456,1
794,196168,29783,60,Self-employed,Mortgage,0.5254255515334462,1,16347.33,603.89,0.5624,1
659,121710,40458,24,Employed,Rent,0.5791711118226113,0,10142.5,1829.81,0.7596,0
615,199636,33052,36,Employed,Rent,0.1347983457329543,3,16636.33,1035.73,0.1971,0
618,124319,11535,84,Retired,Mortgage,0.0982782729028741,3,10359.92,179.79,0.1156,0
453,21879,35704,12,Employed,Rent,0.386611842389982,0,1823.25,3105.83,2.0901,0
599,100975,38747,60,Employed,Own,0.0347837862157223,0,8414.58,785.65,0.1282,0
357,149875,5122,60,Employed,Mortgage,0.4430204565460852,1,12489.58,103.86,0.4513,0
527,55966,20497,12,Self-employed,Own,0.1618053322469713,3,4663.83,1783.0,0.5441,0
632,44800,24278,120,Self-employed,Own,0.2303197231836606,4,3733.33,294.56,0.3092,0
716,28772,36386,120,Unemployed,Mortgage,0.2366440545299668,1,2397.67,441.46,0.4208,0
628,30281,34659,12,Retired,Rent,0.2637352279046515,0,2523.42,3014.93,1.4585,0
531,88933,35179,60,Employed,Rent,0.3353594492036364,3,7411.08,713.3,0.4316,0
599,30436,44612,36,Self-employed,Rent,0.0234665640297717,0,2536.33,1397.98,0.5746,0
695,169804,48449,12,Employed,Rent,0.5768187162336783,2,14150.33,4214.5,0.8747,0
849,121935,12468,84,Retired,Rent,0.2680228111958073,4,10161.25,194.33,0.2871,1
482,151830,3187,24,Retired,Rent,0.5533949979441553,3,12652.5,144.14,0.5648,0
833,141433,1667,120,Employed,Own,0.5418105204369148,1,11786.08,20.23,0.5435,1
751,193847,24836,24,Employed,Rent,0.1308397587892942,1,16153.92,1123.27,0.2004,1
365,63217,46520,60,Unemployed,Mortgage,0.4576919484062513,5,5268.08,943.26,0.6367,0
501,120111,3126,60,Self-employed,Own,0.0712381145632451,0,10009.25,63.38,0.0776,0
815,108873,34846,36,Self-employed,Rent,0.3824409057456001,3,9072.75,1091.95,0.5028,1
767,93511,44299,84,Employed,Rent,0.0344283484234006,3,7792.58,690.45,0.123,1
676,39336,14534,24,Self-employed,Rent,0.227215278647888,5,3278.0,657.33,0.4277,0
647,51919,22064,12,Self-employed,Own,0.5641168756979185,5,4326.58,1919.31,1.0077,0
457,33875,46204,24,Retired,Mortgage,0.1796259671383664,5,2822.92,2089.68,0.9199,0
541,63268,48841,36,Unemployed,Rent,0.1909351260185432,3,5272.33,1530.5,0.4812,0
417,71112,4091,84,Employed,Mortgage,0.3494814946813173,0,5926.0,63.76,0.3602,0
654,85564,36872,12,Unemployed,Own,0.4065226239804803,0,7130.33,3207.44,0.8564,0
840,199972,42326,120,Self-employed,Mortgage,0.4818472181820297,1,16664.33,513.53,0.5127,1
367,134158,8869,24,Self-employed,Mortgage,0.4331071908511484,0,11179.83,401.12,0.469,0
824,140724,17261,24,Employed,Mortgage,0.0580785646901185,0,11727.0,780.67,0.1246,1
544,76137,36053,24,Unemployed,Mortgage,0.4546213053723968,5,6344.75,1630.58,0.7116,0
317,177458,47116,36,Employed,Rent,0.4972027361553412,4,14788.17,1476.44,0.597,0
648,168699,40247,120,Self-employed,Rent,0.2095818891255804,1,14058.25,488.31,0.2443,0
342,176562,46691,12,Self-employed,Rent,0.3954832432078614,2,14713.5,4061.58,0.6715,0
312,118396,13716,12,Self-employed,Mortgage,0.1254917140231007,2,9866.33,1193.13,0.2464,0
477,77773,20077,60,Unemployed,Mortgage,0.5940277224938876,2,6481.08,407.09,0.6568,0
675,138395,36610,24,Employed,Own,0.3333633553252748,4,11532.92,1655.77,0.4769,1
516,45292,35724,60,Employed,Rent,0.0109418543872243,4,3774.33,724.35,0.2029,0
589,80876,44632,84,Employed,Rent,0.4370569167210864,1,6739.67,695.64,0.5403,0
427,137546,35819,60,Self-employed,Own,0.2857560298190046,5,11462.17,726.28,0.3491,0
349,189738,26079,36,Employed,Rent,0.0812459047203104,3,15811.5,817.22,0.1329,0
334,37622,10045,36,Self-employed,Own,0.3418414861780278,5,3135.17,314.77,0.4422,0
631,47315,49750,120,Employed,Rent,0.4204795794088957,1,3942.92,603.6,0.5736,0
524,175737,3851,120,Employed,Mortgage,0.0107207376829392,5,14644.75,46.72,0.0139,0
529,114766,19504,24,Employed,Own,0.3920008169212527,3,9563.83,882.11,0.4842,0
481,52416,44136,36,Retired,Rent,0.0029203753011507,4,4368.0,1383.06,0.3196,0
426,20593,32279,24,Employed,Mortgage,0.0643549390223505,2,1716.08,1459.89,0.9151,0
375,90577,45875,60,Unemployed,Rent,0.042640154096636,1,7548.08,930.18,0.1659,0
814,150145,19022,120,Employed,Own,0.0459422751060568,4,12512.08,230.79,0.0644,1
759,61390,2612,24,Employed,Rent,0.1522165267961925,3,5115.83,118.13,0.1753,1
631,78028,42874,12,Self-employed,Own,0.2646544530767968,0,6502.33,3729.54,0.8382,0
446,158701,25850,120,Employed,Own,0.3437058589800583,3,13225.08,313.63,0.3674,0
510,64505,37641,12,Employed,Rent,0.4652823699139522,1,5375.42,3274.33,1.0744,0
760,140078,46073,60,Self-employed,Rent,0.0443424950869819,4,11673.17,934.19,0.1244,1
615,46423,42064,12,Self-employed,Own,0.3236498891514453,4,3868.58,3659.08,1.2695,0
838,124866,44382,84,Self-employed,Rent,0.2770154036214708,4,10405.5,691.75,0.3435,1
453,53739,11739,84,Employed,Rent,0.3702065258002575,3,4478.25,182.97,0.4111,0
668,96472,28121,12,Retired,Rent,0.2477649888326661,5,8039.33,2446.2,0.552,1
424,197548,30687,60,Self-employed,Own,0.1239930694484928,0,16462.33,622.22,0.1618,0
842,112869,15834,12,Employed,Rent,0.3493391229716794,1,9405.75,1377.37,0.4958,1
609,95794,29451,36,Employed,Rent,0.0521021569610744,4,7982.83,922.89,0.1677,0
410,27511,35341,36,Unemployed,Rent,0.1030152939662119,5,2292.58,1107.46,0.5861,0
378,25594,26830,12,Unemployed,Own,0.3690204601192635,1,2132.83,2333.9,1.4633,0
682,75558,11923,120,Self-employed,Mortgage,0.0675028836474772,0,6296.5,144.66,0.0905,1
779,175025,25211,12,Employed,Mortgage,0.0298375840443707,1,14585.42,2193.07,0.1802,1
416,152857,12147,36,Employed,Rent,0.5173661117153417,5,12738.08,380.64,0.5472,0
388,154011,31561,12,Employed,Rent,0.4669474376991166,1,12834.25,2745.44,0.6809,0
680,71877,11559,36,Employed,Rent,0.0772921006789582,4,5989.75,362.22,0.1378,1
580,105062,14759,60,Self-employed,Own,0.0770835802120447,0,8755.17,299.26,0.1113,0
339,193864,37929,60,Employed,Own,0.3319851583874978,4,16155.33,769.06,0.3796,0
574,50900,6519,12,Employed,Own,0.1944915661995644,1,4241.67,567.08,0.3282,0
408,162887,30106,12,Employed,Rent,0.5187094250451277,0,13573.92,2618.87,0.7116,0
713,79993,22114,60,Retired,Own,0.128504089333129,3,6666.08,448.39,0.1958,1
616,142121,47913,60,Retired,Rent,0.1419066646304271,5,11843.42,971.5,0.2239,0
397,141996,48913,120,Unemployed,Mortgage,0.4701253339860636,2,11833.0,593.45,0.5203,0
431,39570,41047,12,Employed,Rent,0.078668396740638,5,3297.5,3570.61,1.1615,0
745,163171,41587,36,Self-employed,Mortgage,0.4717331967554071,5,13597.58,1303.19,0.5676,1
338,197781,32126,120,Retired,Rent,0.1866476302564861,4,16481.75,389.78,0.2103,0
557,128870,1673,36,Unemployed,Own,0.1971937897718577,1,10739.17,52.43,0.2021,0
635,173473,44718,60,Employed,Rent,0.5818615753444617,2,14456.08,906.72,0.6446,0
365,187081,45877,84,Employed,Rent,0.1941108251259325,5,15590.08,715.05,0.24,0
736,165448,15175,12,Self-employed,Rent,0.2424041137305931,1,13787.33,1320.05,0.3381,1
539,92258,42808,84,Employed,Rent,0.4824912495586695,1,7688.17,667.21,0.5693,0
422,171297,48649,84,Employed,Mortgage,0.1885740488243438,5,14274.75,758.25,0.2417,0
423,106767,14685,36,Employed,Own,0.2760882386772482,3,8897.25,460.17,0.3278,0
696,108484,46758,24,Retired,Rent,0.5925183153662484,4,9040.33,2114.74,0.8264,0
481,70025,4970,12,Employed,Mortgage,0.0578605887777534,5,5835.42,432.33,0.1319,0
514,162187,21992,24,Retired,Rent,0.285755405919216,0,13515.58,994.64,0.3593,0
646,36590,23786,84,Self-employed,Rent,0.553839449293425,4,3049.17,370.73,0.6754,0
816,134067,44980,36,Employed,Mortgage,0.230530006291784,3,11172.25,1409.51,0.3567,1
422,21514,47673,36,Unemployed,Own,0.0713234164824164,2,1792.83,1493.9,0.9046,0
544,30904,2501,36,Retired,Mortgage,0.5445641622107009,2,2575.33,78.37,0.575,0
438,195362,46198,60,Self-employed,Own,0.2538063214402812,2,16280.17,936.73,0.3113,0
531,191138,44506,120,Employed,Mortgage,0.4710914186706649,4,15928.17,539.98,0.505,0
758,191470,45442,60,Employed,Mortgage,0.1931781631146615,0,15955.83,921.4,0.2509,1
481,158899,16871,36,Employed,Rent,0.0729757553555622,2,13241.58,528.68,0.1129,0
333,169561,49398,12,Employed,Rent,0.0820144545357098,0,14130.08,4297.05,0.3861,0
505,168689,41442,60,Employed,Own,0.3935134096543513,2,14057.42,840.29,0.4533,0
468,82797,7250,60,Employed,Own,0.1633354367003781,2,6899.75,147.0,0.1846,0
834,106000,20492,120,Employed,Rent,0.4402431819298374,0,8833.33,248.62,0.4684,1
559,50120,1268,36,Self-employed,Rent,0.4717271845498785,4,4176.67,39.73,0.4812,0
769,29797,43982,24,Self-employed,Mortgage,0.1036178404081682,0,2483.08,1989.19,0.9047,0
361,22618,1355,36,Employed,Rent,0.5254761660998105,1,1884.83,42.46,0.548,0
814,74676,47141,24,Employed,Rent,0.4662465060163889,5,6223.0,2132.06,0.8089,0
678,147866,7519,84,Employed,Mortgage,0.0521024794305988,3,12322.17,117.19,0.0616,1
788,58699,28502,36,Employed,Rent,0.57350279034603,5,4891.58,893.15,0.7561,0
373,142854,19410,24,Employed,Mortgage,0.2088676625535604,0,11904.5,877.86,0.2826,0
506,92578,43135,12,Employed,Rent,0.0533621008378256,4,7714.83,3752.25,0.5397,0
815,63307,32145,60,Employed,Mortgage,0.5978098553949688,0,5275.58,651.78,0.7214,0
825,62858,44547,60,Employed,Mortgage,0.1621048146310969,4,5238.17,903.25,0.3345,1
811,62032,49256,120,Self-employed,Mortgage,0.2624767425680918,5,5169.33,597.61,0.3781,1
635,160184,11285,60,Employed,Rent,0.4678470263767299,5,13348.67,228.82,0.485,0
429,26659,33869,60,Unemployed,Own,0.3364976411048767,3,2221.58,686.74,0.6456,0
737,160233,10438,36,Retired,Own,0.4557229348035231,5,13352.75,327.09,0.4802,1
552,60173,36266,84,Self-employed,Mortgage,0.5575193938645053,1,5014.42,565.25,0.6702,0
753,32536,15796,84,Self-employed,Own,0.3273960339699268,0,2711.33,246.2,0.4182,0
508,59163,4495,36,Employed,Mortgage,0.2609165265314157,0,4930.25,140.86,0.2895,0
598,131039,23476,36,Unemployed,Own,0.5641099726959736,2,10919.92,735.65,0.6315,0
544,92387,41687,12,Employed,Own,0.2490890001356542,0,7698.92,3626.29,0.7201,0
330,51672,4048,60,Self-employed,Mortgage,0.0953527223394473,3,4306.0,82.08,0.1144,0
818,32381,41253,24,Employed,Own,0.590357209990369,5,2698.42,1865.76,1.2818,0
632,134253,47302,120,Employed,Mortgage,0.0527786569782305,3,11187.75,573.9,0.1041,0
353,143447,42807,84,Self-employed,Mortgage,0.0387486040513485,5,11953.92,667.2,0.0946,0
586,188490,11718,120,Employed,Mortgage,0.4093152931787512,0,15707.5,142.17,0.4184,0
783,107189,3375,60,Retired,Mortgage,0.2259263503934128,0,8932.42,68.43,0.2336,1
433,40159,10375,84,Self-employed,Mortgage,0.1068449575227073,1,3346.58,161.71,0.1552,0
778,143930,45893,60,Employed,Own,0.2869492659692148,2,11994.17,930.54,0.3645,1
444,129212,30001,12,Self-employed,Own,0.574337468582358,1,10767.67,2609.74,0.8167,0
624,122981,16693,24,Self-employed,Mortgage,0.0004393374661279,5,10248.42,754.98,0.0741,0
362,79152,14603,12,Employed,Mortgage,0.1693943673019795,4,6596.0,1270.29,0.362,0
728,169649,7743,24,Employed,Rent,0.4728449008636892,4,14137.42,350.19,0.4976,1
770,179788,46137,84,Unemployed,Mortgage,0.1911005989615553,3,14982.33,719.1,0.2391,1
539,113641,48438,12,Employed,Own,0.45148840063029,5,9470.08,4213.55,0.8964,0
503,56724,14323,36,Employed,Rent,0.5726288010461632,2,4727.0,448.83,0.6676,0
688,72490,15011,60,Employed,Own,0.3527804865956828,5,6040.83,304.37,0.4032,1
438,112587,9996,36,Employed,Rent,0.3161716808075743,2,9382.25,313.24,0.3496,0
317,185170,36265,12,Unemployed,Mortgage,0.5330804915916557,0,15430.83,3154.64,0.7375,0
743,139058,46639,84,Employed,Mortgage,0.4652191559117171,3,11588.17,726.93,0.5279,1
679,185005,49601,36,Employed,Rent,0.5766206521123329,0,15417.08,1554.32,0.6774,0
534,66089,48088,36,Unemployed,Own,0.006740294787061,5,5507.42,1506.9,0.2804,0
789,144361,39970,36,Employed,Rent,0.0248495627594996,5,12030.08,1252.51,0.129,1
500,84642,32990,120,Employed,Rent,0.1297166108760949,2,7053.5,400.26,0.1865,0
663,192449,19454,12,Self-employed,Rent,0.0548218677617449,2,16037.42,1692.27,0.1603,1
729,134118,1896,24,Employed,Own,0.1221170613494016,2,11176.5,85.75,0.1298,1
634,122593,2917,60,Employed,Rent,0.4915982374087613,4,10216.08,59.15,0.4974,0
589,77199,3388,36,Retired,Own,0.1777863871036572,4,6433.25,106.17,0.1943,0
308,165351,28925,120,Self-employed,Own,0.0436528796667934,4,13779.25,350.94,0.0691,0
444,169854,42879,60,Employed,Own,0.4241416073812213,4,14154.5,869.43,0.4856,0
808,48941,42516,120,Self-employed,Mortgage,0.2045176829148433,1,4078.42,515.84,0.331,0
410,164780,6029,36,Retired,Rent,0.3242535122176057,2,13731.67,188.93,0.338,0
356,96618,20783,24,Self-employed,Own,0.4536777486161331,2,8051.5,939.96,0.5704,0
611,133159,4326,60,Retired,Own,0.4015595662236534,3,11096.58,87.72,0.4095,0
776,133955,12744,36,Employed,Rent,0.5178519539451688,3,11162.92,399.35,0.5536,1
688,193425,13171,24,Retired,Rent,0.4053892991162541,4,16118.75,595.69,0.4423,1
615,144182,40145,24,Employed,Rent,0.2858306204799544,4,12015.17,1815.65,0.4369,0
700,104959,44704,36,Unemployed,Mortgage,0.076651780594913,0,8746.58,1400.86,0.2368,1
316,111419,2489,12,Employed,Mortgage,0.5405565515348927,0,9284.92,216.51,0.5639,0
341,56929,6788,60,Unemployed,Mortgage,0.2384966034659597,5,4744.08,137.64,0.2675,0
666,134128,9142,36,Employed,Own,0.3729682353486674,5,11177.33,286.48,0.3986,1
512,167670,49184,24,Employed,Own,0.5544213038160173,5,13972.5,2224.46,0.7136,0
812,161957,3420,24,Employed,Rent,0.1431808257545177,4,13496.42,154.68,0.1546,1
362,69683,31889,12,Employed,Own,0.1676498571625726,2,5806.92,2773.97,0.6454,0
514,173174,25899,24,Employed,Own,0.1484021248591759,3,14431.17,1171.34,0.2296,0
369,87149,37744,120,Retired,Rent,0.243214408818552,5,7262.42,457.94,0.3063,0
660,70014,27959,36,Employed,Rent,0.3818736023340141,5,5834.5,876.13,0.532,1
433,192011,42976,84,Employed,Mortgage,0.3818662983810245,2,16000.92,669.83,0.4237,0
597,135780,32214,36,Employed,Own,0.4430474174866477,3,11315.0,1009.47,0.5323,0
362,145768,12641,12,Employed,Own,0.0986692568916541,4,12147.33,1099.62,0.1892,0
427,131217,7088,120,Self-employed,Rent,0.5804103473398949,0,10934.75,86.0,0.5883,0
734,29939,27824,120,Retired,Own,0.4439853897351296,0,2494.92,337.58,0.5793,0
794,185918,35388,12,Employed,Rent,0.2135618455289882,0,15493.17,3078.35,0.4123,1
506,109100,13481,24,Employed,Rent,0.3503020966564042,4,9091.67,609.71,0.4174,0
437,49905,15618,36,Employed,Mortgage,0.371008380773429,5,4158.75,489.41,0.4887,0
690,118287,46427,36,Employed,Rent,0.5777030562233403,0,9857.25,1454.85,0.7253,0
707,116657,40875,60,Employed,Own,0.1992301144047829,4,9721.42,828.8,0.2845,1
600,81117,16393,24,Self-employed,Rent,0.1306356975526455,3,6759.75,741.41,0.2403,0
616,109733,13189,24,Employed,Own,0.0783278165469463,5,9144.42,596.5,0.1436,0
500,195135,49522,24,Employed,Mortgage,0.0288539920237652,0,16261.25,2239.75,0.1666,0
423,168972,41431,36,Self-employed,Mortgage,0.247492143790448,1,14081.0,1298.3,0.3397,0
737,127979,31220,36,Employed,Own,0.0141923334637912,0,10664.92,978.32,0.1059,1
550,134258,25953,60,Unemployed,Mortgage,0.1437399636449381,3,11188.17,526.23,0.1908,0
343,20072,32841,120,Employed,Rent,0.4644612910594414,5,1672.67,398.45,0.7027,0
446,140437,38587,36,Self-employed,Own,0.3615494223607973,0,11703.08,1209.18,0.4649,0
795,188265,33727,12,Employed,Own,0.0188418032041043,1,15688.75,2933.86,0.2058,1
780,197877,27384,60,Employed,Rent,0.2001991823221185,5,16489.75,555.25,0.2339,1
432,191470,6048,120,Employed,Rent,0.174286994426885,3,15955.83,73.38,0.1789,0
559,164493,11160,24,Employed,Rent,0.2771971053273269,4,13707.75,504.74,0.314,0
600,21220,11312,12,Unemployed,Mortgage,0.3577716404902287,0,1768.33,984.01,0.9142,0
584,41278,10099,12,Unemployed,Own,0.1947278680763992,3,3439.83,878.5,0.4501,0
535,25409,29617,120,Self-employed,Rent,0.5398135791670519,2,2117.42,359.34,0.7095,0
558,32169,23675,120,Employed,Mortgage,0.2498918154305413,5,2680.75,287.24,0.357,0
504,82546,30359,24,Employed,Rent,0.0422047250456967,5,6878.83,1373.06,0.2418,0
802,110286,24817,36,Retired,Own,0.0970835602028905,3,9190.5,777.67,0.1817,1
529,100432,37836,36,Employed,Mortgage,0.340381156077645,1,8369.33,1185.64,0.482,0
736,107179,13081,24,Self-employed,Own,0.1531040738152531,0,8931.58,591.62,0.2193,1
396,93604,38059,120,Employed,Rent,0.0381240651275927,5,7800.33,461.76,0.0973,0
306,60371,35846,60,Employed,Own,0.5887529250874266,2,5030.92,726.83,0.7332,0
777,40118,49122,84,Employed,Own,0.3228758600896582,2,3343.17,765.63,0.5519,0
562,178860,14163,12,Self-employed,Mortgage,0.2976427499851035,0,14905.0,1232.02,0.3803,0
352,185118,31643,60,Employed,Own,0.1277155490278183,1,15426.5,641.61,0.1693,0
474,150701,35787,84,Employed,Mortgage,0.2209461686942286,4,12558.42,557.78,0.2654,0
641,117168,22036,36,Employed,Own,0.1260867635917783,0,9764.0,690.53,0.1968,0
515,165717,3651,60,Self-employed,Own,0.4765144468144397,1,13809.75,74.03,0.4819,0
399,101834,19017,120,Employed,Rent,0.4847528267818396,5,8486.17,230.73,0.5119,0
592,163631,7403,12,Employed,Rent,0.1720394856406227,1,13635.92,643.98,0.2193,0
801,155082,9522,36,Employed,Own,0.2215713454865691,2,12923.5,298.38,0.2447,1
484,77091,11611,120,Unemployed,Rent,0.0502510864001573,0,6424.25,140.87,0.0722,0
311,78537,46821,60,Employed,Mortgage,0.5816627624587091,0,6544.75,949.36,0.7267,0
685,76303,33905,12,Employed,Own,0.2091018320245469,1,6358.58,2949.34,0.6729,0
829,67100,31980,36,Employed,Own,0.0064982076710118,4,5591.67,1002.14,0.1857,1
643,71580,48535,12,Self-employed,Rent,0.3562529552799096,3,5965.0,4221.98,1.064,0
339,74329,31496,24,Self-employed,Mortgage,0.5790511723097109,4,6194.08,1424.48,0.809,0
824,172780,35385,24,Self-employed,Rent,0.5229670300830577,3,14398.33,1600.37,0.6341,0
362,174255,46741,12,Employed,Mortgage,0.5918632655368667,2,14521.25,4065.93,0.8719,0
767,163209,37595,12,Employed,Mortgage,0.5867482619726235,3,13600.75,3270.33,0.8272,0
796,66929,44192,60,Employed,Rent,0.2083133906572223,2,5577.42,896.05,0.369,1
392,183278,34144,12,Retired,Mortgage,0.3666957374373746,5,15273.17,2970.13,0.5612,0
552,138369,41052,36,Employed,Rent,0.5247625146270215,5,11530.75,1286.42,0.6363,0
664,119836,15377,24,Employed,Mortgage,0.4205700237238696,0,9986.33,695.46,0.4902,1
553,47133,9674,120,Employed,Rent,0.4908321822648388,1,3927.75,117.37,0.5207,0
607,111641,20848,36,Employed,Own,0.4920933369889486,3,9303.42,653.3,0.5623,0
734,51937,38035,84,Employed,Mortgage,0.5338070841581158,3,4328.08,592.82,0.6708,0
812,81814,43489,36,Employed,Own,0.2135501639879782,3,6817.83,1362.79,0.4134,1
560,169960,8112,120,Employed,Rent,0.0444665299961102,2,14163.33,98.42,0.0514,0
544,50816,4841,12,Employed,Rent,0.2183277321008858,2,4234.67,421.11,0.3178,0
786,131800,41438,60,Employed,Mortgage,0.09945314488316,4,10983.33,840.21,0.176,1
364,196187,49054,24,Unemployed,Rent,0.1709165171045154,5,16348.92,2218.58,0.3066,0
379,74584,32338,12,Self-employed,Rent,0.1950234000087044,0,6215.33,2813.03,0.6476,0
434,78524,44163,84,Self-employed,Rent,0.4749869912367165,0,6543.67,688.33,0.5802,0
505,42815,30986,120,Retired,Own,0.5246535229010169,2,3567.92,375.95,0.63,0
690,198984,44875,36,Retired,Rent,0.1233325458020914,1,16582.0,1406.22,0.2081,1
446,83080,48039,12,Employed,Rent,0.1877448023638697,2,6923.33,4178.84,0.7913,0
551,195207,35946,24,Unemployed,Mortgage,0.322194034641097,2,16267.25,1625.74,0.4221,0
802,102583,38653,12,Unemployed,Own,0.4187281771529567,2,8548.58,3362.36,0.8121,0
346,31346,33268,12,Self-employed,Rent,0.104067835657605,1,2612.17,2893.93,1.2119,0
529,107576,43764,12,Employed,Rent,0.5323113024434093,0,8964.67,3806.96,0.957,0
544,72761,4452,120,Employed,Rent,0.4260778063417901,2,6063.42,54.02,0.435,0
437,82620,19472,24,Self-employed,Rent,0.5972313799868355,1,6885.0,880.67,0.7251,0
402,62562,21831,84,Employed,Mortgage,0.4018079414824663,4,5213.5,340.26,0.4671,0
774,109216,5542,84,Employed,Mortgage,0.2772987019791361,4,9101.33,86.38,0.2868,1
621,178733,21589,36,Retired,Mortgage,0.1136050247852366,0,14894.42,676.52,0.159,0
375,28509,13125,60,Employed,Own,0.5952350362327757,0,2375.75,266.13,0.7073,0
601,42808,31585,24,Employed,Own,0.091654181197279,2,3567.33,1428.5,0.4921,0
628,87931,47310,60,Unemployed,Rent,0.0526082842431675,1,7327.58,959.28,0.1835,0
732,136729,40476,12,Employed,Own,0.355295539697879,0,11394.08,3520.94,0.6643,0
620,171238,39377,120,Employed,Mortgage,0.0472587580187738,3,14269.83,477.75,0.0807,0
713,28590,20421,84,Self-employed,Rent,0.5746981960597578,0,2382.5,318.29,0.7083,0
649,175343,34157,12,Employed,Rent,0.0194683686269833,5,14611.92,2971.26,0.2228,0
372,80888,30081,60,Self-employed,Rent,0.5925211192212975,4,6740.67,609.93,0.683,0
313,148572,44417,24,Employed,Own,0.4362559831685475,1,12381.0,2008.86,0.5985,0
707,62766,14837,120,Unemployed,Mortgage,0.2832150714585321,4,5230.5,180.01,0.3176,1
831,179413,33968,12,Employed,Own,0.0288527778596018,0,14951.08,2954.82,0.2265,1
472,147803,12547,12,Employed,Own,0.3278432718345249,0,12316.92,1091.44,0.4165,0
765,69178,40538,84,Employed,Mortgage,0.2489562552595952,2,5764.83,631.83,0.3586,1
468,121214,15146,36,Employed,Rent,0.2578829598137056,4,10101.17,474.62,0.3049,0
676,27170,35905,84,Unemployed,Rent,0.3863103868387837,3,2264.17,559.62,0.6335,0
835,191709,34854,84,Unemployed,Rent,0.4817853489099061,4,15975.75,543.24,0.5158,1
440,71722,43526,60,Employed,Own,0.4528610576529804,1,5976.83,882.55,0.6005,0
498,53186,45580,24,Retired,Rent,0.5849623578459061,0,4432.17,2061.46,1.0501,0
543,39251,34571,24,Self-employed,Mortgage,0.4563977575647291,2,3270.92,1563.55,0.9344,0
608,130635,27578,12,Employed,Mortgage,0.2664515870361363,3,10886.25,2398.97,0.4868,0
771,128460,34671,84,Self-employed,Rent,0.149677936627892,4,10705.0,540.39,0.2002,1
743,85796,38459,60,Employed,Mortgage,0.1200871022051239,2,7149.67,779.81,0.2292,1
473,89444,24868,60,Employed,Rent,0.167871882448718,3,7453.67,504.23,0.2355,0
791,94713,36000,84,Employed,Mortgage,0.2733607058448968,0,7892.75,561.1,0.3445,1
461,163279,33940,24,Employed,Own,0.0104497049298528,1,13606.58,1535.01,0.1233,0
685,24500,32801,84,Self-employed,Rent,0.2591737948824355,3,2041.67,511.24,0.5096,0
669,114299,17441,120,Employed,Rent,0.1563620767530955,4,9524.92,211.61,0.1786,1
593,70428,21652,120,Employed,Mortgage,0.4611635618227761,0,5869.0,262.7,0.5059,0
536,38061,29862,24,Self-employed,Own,0.0837219742364191,5,3171.75,1350.58,0.5095,0
400,163124,14043,24,Employed,Rent,0.0252814214482407,2,13593.67,635.13,0.072,0
806,117608,7698,120,Employed,Own,0.0061337742146332,1,9800.67,93.4,0.0157,1
517,187817,42064,12,Employed,Rent,0.251183261617545,5,15651.42,3659.08,0.485,0
646,98941,31754,84,Retired,Rent,0.3890667935208852,2,8245.08,494.92,0.4491,0
634,34460,16734,12,Employed,Rent,0.1608135235137506,2,2871.67,1455.66,0.6677,0
614,186955,2738,24,Employed,Own,0.14272148598273,2,15579.58,123.83,0.1507,0
656,88902,42489,12,Self-employed,Own,0.1316668401537365,4,7408.5,3696.05,0.6306,0
542,27400,34433,36,Unemployed,Rent,0.3702546367876683,0,2283.33,1079.01,0.8428,0
383,163034,14509,12,Employed,Own,0.1836208664454444,1,13586.17,1262.12,0.2765,0
830,81485,1837,24,Employed,Own,0.2936866615004737,5,6790.42,83.08,0.3059,1
306,108626,41056,84,Employed,Rent,0.2353020764137587,2,9052.17,639.91,0.306,0
747,163382,42898,12,Employed,Own,0.039025032380994,2,13615.17,3731.63,0.3131,1
680,177176,25006,36,Employed,Own,0.1221518287184922,2,14764.67,783.6,0.1752,1
740,70295,10574,24,Self-employed,Own,0.5728415281708654,4,5857.92,478.23,0.6545,0
414,91019,24815,120,Employed,Own,0.3529717030198302,1,7584.92,301.07,0.3927,0
445,171319,7253,24,Employed,Own,0.505636132384137,0,14276.58,328.03,0.5286,0
795,121378,23362,36,Employed,Rent,0.3573236414493347,5,10114.83,732.08,0.4297,1
369,77955,44152,60,Employed,Rent,0.3354785059147675,4,6496.25,895.24,0.4733,0
485,52083,19709,60,Employed,Own,0.2227880758905285,0,4340.25,399.63,0.3149,0
834,143655,28218,120,Employed,Own,0.0704420096812531,2,11971.25,342.36,0.099,1
349,143588,40192,24,Employed,Rent,0.2021639618122464,2,11965.67,1817.78,0.3541,0
739,79790,12997,120,Employed,Rent,0.1411598138465016,3,6649.17,157.69,0.1649,1
839,167294,9566,24,Employed,Rent,0.0327608518022502,0,13941.17,432.64,0.0638,1
426,78299,22434,84,Employed,Own,0.3811998674556788,4,6524.92,349.66,0.4348,0
777,27609,28639,84,Self-employed,Own,0.3402466403002267,4,2300.75,446.37,0.5343,0
401,181019,44524,60,Employed,Rent,0.3630002642342399,3,15084.92,902.79,0.4228,0
538,52944,7838,36,Employed,Rent,0.3119902346465893,2,4412.0,245.61,0.3677,0
551,93353,46803,36,Employed,Own,0.4050829058416756,0,7779.42,1466.64,0.5936,0
759,36213,26360,12,Employed,Rent,0.1265079103015374,0,3017.75,2293.01,0.8863,0
480,32769,44223,120,Retired,Rent,0.5505310997973735,2,2730.75,536.55,0.747,0
435,132360,18034,12,Retired,Rent,0.3347755088474722,2,11030.0,1568.75,0.477,0
596,108933,7662,60,Employed,Own,0.499853229498433,5,9077.75,155.36,0.517,0
556,37141,18321,84,Employed,Rent,0.4259805083394384,4,3095.08,285.56,0.5182,0
307,145326,34341,84,Employed,Rent,0.3722517562171245,0,12110.5,535.25,0.4164,0
740,74830,26902,84,Employed,Mortgage,0.5777084441085943,1,6235.83,419.3,0.6449,0
592,119879,17012,120,Retired,Own,0.3056323685358504,1,9989.92,206.4,0.3263,0
685,174516,47554,36,Self-employed,Rent,0.2777747031129908,4,14543.0,1490.17,0.3802,1
659,126400,46712,84,Employed,Own,0.415020033168634,0,10533.33,728.06,0.4841,1
781,130550,28752,12,Employed,Rent,0.168196293840973,5,10879.17,2501.09,0.3981,1
615,26324,38309,24,Employed,Rent,0.2429630526034804,1,2193.67,1732.61,1.0328,0
602,43851,34069,120,Employed,Own,0.062522246276934,2,3654.25,413.35,0.1756,0
695,198857,1528,24,Self-employed,Own,0.3761451482479462,4,16571.42,69.11,0.3803,1
582,176181,39440,60,Employed,Rent,0.0165847642845058,3,14681.75,799.7,0.0711,0
449,172104,45961,12,Employed,Mortgage,0.5463647990850988,4,14342.0,3998.08,0.8251,0
353,143112,36201,120,Self-employed,Own,0.4419493312070486,2,11926.0,439.22,0.4788,0
514,142381,34250,60,Employed,Rent,0.2953707536920087,5,11865.08,694.47,0.3539,0
324,26730,4146,120,Employed,Own,0.2503379915790241,0,2227.5,50.3,0.2729,0
711,78930,7101,60,Self-employed,Mortgage,0.4875845476804746,4,6577.5,143.98,0.5095,1
480,159136,10266,60,Unemployed,Mortgage,0.2466667987582735,0,13261.33,208.16,0.2624,0
670,153858,7477,120,Unemployed,Own,0.2213335357940402,5,12821.5,90.72,0.2284,1
477,172982,17028,24,Employed,Own,0.3517774788357816,0,14415.17,770.13,0.4052,0
502,149091,1260,12,Employed,Mortgage,0.067901352251547,2,12424.25,109.61,0.0767,0
426,81089,11441,24,Employed,Rent,0.5495638090024495,2,6757.42,517.45,0.6261,0
492,163356,41280,84,Retired,Mortgage,0.0675598540960368,3,13613.0,643.4,0.1148,0
410,120417,17788,84,Employed,Mortgage,0.2540104860996872,2,10034.75,277.25,0.2816,0
772,175672,35463,36,Employed,Rent,0.0046609454246672,2,14639.33,1111.28,0.0806,1
388,79227,22514,60,Retired,Own,0.5282641614210882,0,6602.25,456.5,0.5974,0
546,32204,28540,120,Employed,Own,0.5445324791939639,3,2683.67,346.27,0.6736,0
618,66844,23302,12,Retired,Own,0.5456200428635604,5,5570.33,2027.0,0.9095,0
509,178406,3170,24,Employed,Mortgage,0.3977676404783872,5,14867.17,143.37,0.4074,0
589,111676,27692,60,Employed,Own,0.0216041265649469,0,9306.33,561.49,0.0819,0
447,140270,23591,24,Employed,Mortgage,0.0085113429252212,2,11689.17,1066.96,0.0998,0
699,99152,4095,24,Employed,Mortgage,0.4789450858435053,5,8262.67,185.21,0.5014,1
411,63712,2745,36,Self-employed,Mortgage,0.0416048124922051,1,5309.33,86.02,0.0578,0
469,30969,38712,84,Employed,Rent,0.3292725662612024,1,2580.75,603.37,0.5631,0
526,121514,18372,12,Employed,Mortgage,0.2098867535806451,5,10126.17,1598.15,0.3677,0
451,39549,33845,84,Self-employed,Own,0.419993043367866,1,3295.75,527.52,0.5801,0
359,28726,29390,24,Employed,Rent,0.2949240756799501,4,2393.83,1329.23,0.8502,0
767,169546,45091,120,Employed,Rent,0.2998848440122443,5,14128.83,547.08,0.3386,1
316,52227,25538,60,Employed,Rent,0.0338037461794063,4,4352.25,517.82,0.1528,0
487,154171,9989,60,Employed,Mortgage,0.1534813819479397,0,12847.58,202.54,0.1692,0
834,109064,16752,60,Employed,Own,0.250538767997852,2,9088.67,339.67,0.2879,1
582,173816,47128,36,Employed,Mortgage,0.2170691026327566,1,14484.67,1476.82,0.319,0
640,85722,35763,36,Retired,Rent,0.5396639056626945,2,7143.5,1120.68,0.6965,0
818,153677,24829,36,Employed,Rent,0.2213703879344623,4,12806.42,778.05,0.2821,1
497,184494,29070,12,Employed,Own,0.0864287626117775,0,15374.5,2528.75,0.2509,0
817,197801,36025,120,Employed,Mortgage,0.5055895991503588,4,16483.42,437.08,0.5321,1
742,75414,35601,36,Employed,Rent,0.5367910075588269,2,6284.5,1115.61,0.7143,0
695,113876,45991,24,Retired,Rent,0.0245056439061295,1,9489.67,2080.05,0.2437,1
637,109237,35808,120,Employed,Own,0.4828577257989605,2,9103.08,434.45,0.5306,0
349,133110,3650,120,Self-employed,Mortgage,0.0391964239228235,4,11092.5,44.28,0.0432,0
833,74718,8891,24,Self-employed,Rent,0.1242710178070563,5,6226.5,402.12,0.1889,1
649,157634,26437,12,Unemployed,Mortgage,0.5777303361545483,1,13136.17,2299.71,0.7528,0
688,92106,4299,12,Unemployed,Rent,0.2015018249363332,2,7675.5,373.96,0.2502,1
769,47442,5705,36,Retired,Own,0.2552762632466948,4,3953.5,178.77,0.3005,0
382,122557,8589,120,Employed,Mortgage,0.577810051753544,0,10213.08,104.21,0.588,0
315,20452,28261,12,Self-employed,Rent,0.2493907785083552,5,1704.33,2458.38,1.6918,0
497,24332,16761,60,Employed,Mortgage,0.5178242032230547,5,2027.67,339.85,0.6854,0
694,116026,29704,120,Self-employed,Mortgage,0.1410851565919982,3,9668.83,360.39,0.1784,1
346,199068,31782,12,Self-employed,Own,0.5097695756492011,3,16589.0,2764.67,0.6764,0
655,43265,11070,84,Employed,Own,0.3302259780252636,5,3605.42,172.54,0.3781,0
803,82777,3815,36,Self-employed,Mortgage,0.578466105660717,0,6898.08,119.55,0.5958,1
768,119194,13664,12,Employed,Own,0.5062734829973492,3,9932.83,1188.61,0.6259,0
768,49562,37052,36,Self-employed,Rent,0.1017255772251442,3,4130.17,1161.08,0.3828,0
371,92465,4162,60,Self-employed,Mortgage,0.4913248205617616,5,7705.42,84.39,0.5023,0
681,187729,2299,24,Employed,Mortgage,0.0971867122835633,1,15644.08,103.98,0.1038,1
522,72959,34147,12,Self-employed,Mortgage,0.2719968684865922,5,6079.92,2970.39,0.7606,0
595,199488,47493,24,Unemployed,Rent,0.1346101782279092,2,16624.0,2147.98,0.2638,0
581,114926,1824,84,Self-employed,Mortgage,0.0294334072208694,3,9577.17,28.43,0.0324,0
720,112611,48550,60,Employed,Own,0.1182190227660595,5,9384.25,984.42,0.2231,1
848,50321,36701,84,Self-employed,Mortgage,0.3706434102133574,2,4193.42,572.03,0.5071,1
366,191867,39766,84,Employed,Own,0.1162365691949314,1,15988.92,619.8,0.155,0
382,119856,17132,36,Employed,Mortgage,0.3995902494336497,4,9988.0,536.85,0.4533,0
728,30629,40974,120,Employed,Rent,0.2743659155889373,1,2552.42,497.13,0.4691,0
384,159523,19435,84,Employed,Own,0.0284293920179128,5,13293.58,302.92,0.0512,0
580,73606,41415,84,Employed,Mortgage,0.2603881940855403,5,6133.83,645.5,0.3656,0
826,77629,28610,24,Employed,Own,0.4347390718884635,2,6469.08,1293.95,0.6348,0
531,148930,43870,120,Employed,Own,0.553939830763334,4,12410.83,532.26,0.5968,0
838,31119,36421,24,Employed,Own,0.4945596677054733,1,2593.25,1647.22,1.1298,0
519,63752,7487,60,Retired,Rent,0.3266889439977359,1,5312.67,151.81,0.3553,0
735,61877,36881,120,Employed,Mortgage,0.4397610854152664,0,5156.42,447.47,0.5265,1
566,54771,20859,24,Self-employed,Mortgage,0.4972081687234655,2,4564.25,943.4,0.7039,0
812,23285,41963,60,Self-employed,Mortgage,0.1215238954187488,2,1940.42,850.86,0.56,0
542,166007,29184,60,Self-employed,Mortgage,0.1061691476987906,0,13833.92,591.75,0.1489,0
834,111831,23983,36,Employed,Own,0.1321488055085854,4,9319.25,751.54,0.2128,1
678,122078,10805,36,Unemployed,Mortgage,0.0799819570220283,3,10173.17,338.59,0.1133,1
392,59762,14432,36,Self-employed,Own,0.0612361648863985,1,4980.17,452.25,0.152,0
389,107006,32830,60,Employed,Own,0.1800246705451514,0,8917.17,665.67,0.2547,0
673,76569,11599,36,Self-employed,Mortgage,0.0625088499070076,3,6380.75,363.47,0.1195,1
704,131146,14993,36,Self-employed,Mortgage,0.074464328655605,1,10928.83,469.83,0.1175,1
839,101496,4026,120,Unemployed,Rent,0.0462213927732891,2,8458.0,48.85,0.052,1
773,189038,45745,36,Employed,Rent,0.2884389376141947,1,15753.17,1433.48,0.3794,1
351,98763,38222,120,Employed,Own,0.0378265849183408,2,8230.25,463.74,0.0942,0
616,34768,33479,36,Employed,Rent,0.4350944282540565,5,2897.33,1049.11,0.7972,0
371,129342,10620,36,Self-employed,Own,0.2795859225450694,5,10778.5,332.79,0.3105,0
629,42992,34734,36,Self-employed,Rent,0.055089067703151,4,3582.67,1088.44,0.3589,0
563,97943,24443,60,Employed,Rent,0.5219878087375042,3,8161.92,495.62,0.5827,0
611,72991,19810,24,Employed,Own,0.4811517530015387,1,6082.58,895.95,0.6284,0
541,88721,39150,24,Employed,Rent,0.4719254985777141,2,7393.42,1770.65,0.7114,0
608,131114,26490,36,Employed,Mortgage,0.2588349625077729,3,10926.17,830.1,0.3348,0
770,87172,36676,36,Employed,Mortgage,0.4988759691567405,3,7264.33,1149.29,0.6571,0
416,66153,2026,12,Employed,Own,0.4338028214523131,2,5512.75,176.24,0.4658,0
632,151453,48819,36,Employed,Rent,0.0595192836275055,2,12621.08,1529.81,0.1807,0
564,129905,43721,12,Unemployed,Own,0.5165991656170528,1,10825.42,3803.22,0.8679,0
400,194814,47749,60,Retired,Rent,0.0082060829392773,5,16234.5,968.18,0.0678,0
593,117317,2865,84,Employed,Mortgage,0.174636947944438,3,9776.42,44.65,0.1792,0
569,110474,26007,36,Employed,Mortgage,0.3265348927739909,1,9206.17,814.96,0.4151,0
322,153160,41806,12,Employed,Rent,0.3984201606257303,2,12763.33,3636.64,0.6833,0
696,83815,31485,60,Self-employed,Mortgage,0.5986806757437314,1,6984.58,638.4,0.6901,0
554,189243,3044,24,Employed,Mortgage,0.4663330929073194,3,15770.25,137.67,0.4751,0
836,182066,19091,24,Employed,Rent,0.1205221655949613,0,15172.17,863.43,0.1774,1
626,126391,26634,120,Employed,Own,0.1164652986562467,0,10532.58,323.14,0.1471,0
529,164527,4087,120,Employed,Rent,0.2024783159727004,2,13710.58,49.59,0.2061,0
319,183851,46783,60,Self-employed,Rent,0.0019680903210596,1,15320.92,948.59,0.0639,0
348,160379,15341,36,Self-employed,Own,0.1870097715228233,0,13364.92,480.73,0.223,0
544,46793,44695,12,Employed,Own,0.2147088264419146,2,3899.42,3887.95,1.2118,0
393,42684,24232,12,Employed,Mortgage,0.2291620515596608,1,3557.0,2107.9,0.8218,0
494,102257,22471,60,Unemployed,Own,0.2562800496976304,2,8521.42,455.63,0.3097,0
441,117804,11801,12,Employed,Own,0.2374701010035175,3,9817.0,1026.55,0.342,0
582,184866,10284,120,Retired,Mortgage,0.304973956837362,0,15405.5,124.77,0.3131,0
747,83750,41016,24,Employed,Rent,0.0190897479961006,0,6979.17,1855.04,0.2849,1
695,114644,32776,60,Employed,Own,0.3995420725326382,1,9553.67,664.58,0.4691,1
449,77147,35167,84,Self-employed,Own,0.3062701442397878,3,6428.92,548.12,0.3915,0
562,190506,13308,36,Self-employed,Own,0.4139929853940731,2,15875.5,417.02,0.4403,0
807,131409,3655,12,Employed,Mortgage,0.0065612729784653,2,10950.75,317.94,0.0356,1
467,81219,34367,24,Self-employed,Own,0.3415698436377495,3,6768.25,1554.33,0.5712,0
829,153945,5966,120,Retired,Mortgage,0.3557877695127678,4,12828.75,72.38,0.3614,1
681,66011,2550,84,Employed,Own,0.5534109424780866,1,5500.92,39.74,0.5606,1
767,32318,18691,60,Employed,Own,0.5495597200272881,1,2693.17,378.99,0.6903,0
713,151749,19151,36,Employed,Rent,0.0789934335936787,2,12645.75,600.12,0.1264,1
763,182995,1849,60,Employed,Rent,0.0310511567381487,1,15249.58,37.49,0.0335,1
778,91912,14343,12,Employed,Mortgage,0.2751376858729158,4,7659.33,1247.68,0.438,1
824,104019,49679,60,Unemployed,Own,0.4766551709157849,0,8668.25,1007.31,0.5929,1
626,156393,49422,120,Self-employed,Rent,0.2423721399924494,3,13032.75,599.63,0.2884,0
719,116602,29005,60,Employed,Rent,0.2286861883838187,0,9716.83,588.12,0.2892,1
755,155350,49239,120,Self-employed,Rent,0.2710422359600252,2,12945.83,597.4,0.3172,1
767,89384,13221,24,Unemployed,Mortgage,0.4830718786874469,2,7448.67,597.95,0.5633,1
671,26660,44845,12,Employed,Own,0.2448768476447714,1,2221.67,3901.0,2.0008,0
698,162238,49140,60,Self-employed,Rent,0.0934243073738716,3,13519.83,996.38,0.1671,1
343,180711,1667,120,Employed,Rent,0.4066007946582352,0,15059.25,20.23,0.4079,0
361,132507,47459,12,Employed,Rent,0.0116619241079815,5,11042.25,4128.38,0.3855,0
585,22855,13686,60,Unemployed,Mortgage,0.4536669794510918,1,1904.58,277.5,0.5994,0
684,98710,13737,36,Self-employed,Rent,0.1347831974981747,3,8225.83,430.47,0.1871,1
823,168694,41468,84,Employed,Rent,0.4316413703227977,5,14057.83,646.33,0.4776,1
371,25124,44677,120,Self-employed,Rent,0.408380565378877,4,2093.67,542.06,0.6673,0
757,139071,37644,24,Self-employed,Mortgage,0.357831158135472,1,11589.25,1702.54,0.5047,1
620,134389,11319,24,Unemployed,Mortgage,0.2892249438430195,3,11199.08,511.93,0.3349,0
705,96618,20934,12,Unemployed,Rent,0.5687039075853249,1,8051.5,1821.02,0.7949,0
422,181589,20197,84,Unemployed,Rent,0.4704410357655051,1,15132.42,314.79,0.4912,0
494,172313,19621,24,Employed,Own,0.3957730110053542,5,14359.42,887.4,0.4576,0
702,86937,41204,12,Unemployed,Rent,0.4726386935746965,3,7244.75,3584.27,0.9674,0
307,124002,37320,84,Unemployed,Own,0.53034381152338,3,10333.5,581.68,0.5866,0
705,87622,39507,60,Employed,Mortgage,0.2467749800045892,4,7301.83,801.06,0.3565,1
664,51128,7224,60,Retired,Mortgage,0.5162562737535586,1,4260.67,146.48,0.5506,1
329,164209,19082,12,Retired,Rent,0.0110899648483775,1,13684.08,1659.91,0.1324,0
312,115622,42520,120,Self-employed,Mortgage,0.3724728555587386,0,9635.17,515.88,0.426,0
576,23839,20029,24,Employed,Mortgage,0.4242050864494534,4,1986.58,905.86,0.8802,0
565,48623,41056,120,Employed,Own,0.032906771146873,0,4051.92,498.12,0.1558,0
638,57538,27554,120,Employed,Rent,0.4397832899049284,4,4794.83,334.31,0.5095,0
844,56509,46717,36,Employed,Own,0.5381646421603757,5,4709.08,1463.94,0.849,0
678,102568,18716,84,Retired,Rent,0.5572117546128115,3,8547.33,291.71,0.5913,1
519,62509,13610,60,Employed,Own,0.1967954368941578,1,5209.08,275.96,0.2498,0
811,118106,38711,12,Self-employed,Rent,0.4892693256289973,2,9842.17,3367.41,0.8314,0
425,159171,21636,84,Employed,Mortgage,0.460050530890317,4,13264.25,337.22,0.4855,0
810,105597,48539,36,Employed,Own,0.557902919486042,1,8799.75,1521.04,0.7308,0
719,57039,10727,120,Employed,Mortgage,0.5749848176351267,2,4753.25,130.15,0.6024,0
575,68654,11900,12,Employed,Own,0.4005459866143028,3,5721.17,1035.16,0.5815,0
618,95027,11273,12,Employed,Mortgage,0.0401317040385742,5,7918.92,980.62,0.164,0
694,89924,32486,60,Employed,Rent,0.181661484692028,2,7493.67,658.7,0.2696,1
719,195687,33746,84,Self-employed,Own,0.0550749035193948,1,16307.25,525.97,0.0873,1
485,176206,11408,12,Self-employed,Rent,0.3912556968232251,0,14683.83,992.36,0.4588,0
486,145692,21016,120,Employed,Rent,0.2549172955403943,2,12141.0,254.98,0.2759,0
422,165184,23133,12,Employed,Rent,0.0737046454478284,0,13765.33,2012.3,0.2199,0
375,121185,24063,120,Self-employed,Mortgage,0.0675267761342929,3,10098.75,291.95,0.0964,0
455,164250,38048,120,Retired,Rent,0.3076311285111905,5,13687.5,461.63,0.3414,0
492,144634,24739,60,Employed,Rent,0.3683725591737378,0,12052.83,501.62,0.41,0
417,86731,44499,36,Employed,Mortgage,0.2059528957542662,3,7227.58,1394.44,0.3989,0
772,111944,30844,12,Self-employed,Mortgage,0.1018208064691614,4,9328.67,2683.07,0.3894,1
601,95103,48175,84,Unemployed,Mortgage,0.0940235001055345,5,7925.25,750.87,0.1888,0
500,56575,35684,120,Employed,Rent,0.3291409554659558,3,4714.58,432.95,0.421,0
603,172415,23502,120,Retired,Mortgage,0.4917175255017799,1,14367.92,285.14,0.5116,0
330,186093,35594,60,Employed,Own,0.5129880031810701,3,15507.75,721.72,0.5595,0
818,180836,16589,24,Employed,Rent,0.2037866672062488,1,15069.67,750.28,0.2536,1
353,131938,30667,24,Retired,Rent,0.3171763233005129,0,10994.83,1386.99,0.4433,0
637,35165,28756,12,Employed,Mortgage,0.4735566921549616,1,2930.42,2501.44,1.3272,0
651,138481,24081,60,Self-employed,Own,0.2184458361858376,3,11540.08,488.28,0.2608,1
492,179956,7145,60,Retired,Rent,0.0428180232425895,1,14996.33,144.87,0.0525,0
311,80700,21626,84,Unemployed,Mortgage,0.4821934748645344,2,6725.0,337.07,0.5323,0
712,156231,9843,12,Employed,Mortgage,0.5216539379423137,5,13019.25,856.23,0.5874,1
327,119323,20024,84,Employed,Rent,0.5397931704540381,3,9943.58,312.1,0.5712,0
333,48857,15923,12,Unemployed,Mortgage,0.4200642702340782,5,4071.42,1385.12,0.7603,0
790,75951,21873,120,Employed,Rent,0.5524871710863464,0,6329.25,265.38,0.5944,1
398,122850,43459,36,Employed,Rent,0.4605414012712006,0,10237.5,1361.85,0.5936,0
588,98644,9730,120,Employed,Own,0.519675771399615,0,8220.33,118.05,0.534,0
547,23653,16183,84,Retired,Rent,0.554353485486156,3,1971.08,252.23,0.6823,0
616,192852,28430,24,Employed,Rent,0.3459818555786416,3,16071.0,1285.81,0.426,0
651,57171,34531,36,Self-employed,Rent,0.2925568468954034,0,4764.25,1082.08,0.5197,1
305,63098,22660,24,Employed,Rent,0.1664424847333753,5,5258.17,1024.85,0.3613,0
588,171610,19282,12,Employed,Rent,0.1501029819438616,4,14300.83,1677.31,0.2674,0
474,139151,44108,12,Employed,Rent,0.370211056809882,5,11595.92,3836.89,0.7011,0
615,157939,38269,12,Unemployed,Own,0.5261684055286001,2,13161.58,3328.96,0.7791,0
823,121514,30551,24,Unemployed,Mortgage,0.0654016730977901,5,10126.17,1381.74,0.2019,1
499,23369,11902,36,Employed,Own,0.3882819160446474,1,1947.42,372.97,0.5798,0
339,183056,42918,84,Employed,Own,0.4246631038118508,3,15254.67,668.93,0.4685,0
771,103277,42460,24,Self-employed,Own,0.4940709992306413,2,8606.42,1920.35,0.7172,0
330,74721,20726,120,Employed,Rent,0.5815684158064054,4,6226.75,251.46,0.622,0
661,34623,17386,120,Self-employed,Mortgage,0.2837315543953932,2,2885.25,210.94,0.3568,0
515,54212,40732,12,Employed,Mortgage,0.4273976470690636,0,4517.67,3543.21,1.2117,0
504,88185,36824,24,Employed,Own,0.3317536662597272,3,7348.75,1665.45,0.5584,0
600,160885,21281,84,Employed,Rent,0.280761174857508,4,13407.08,331.69,0.3055,0
500,74442,17882,84,Employed,Mortgage,0.2950046836605376,4,6203.5,278.71,0.3399,0
496,182837,7961,120,Employed,Mortgage,0.2566571847618438,5,15236.42,96.59,0.263,0
356,186521,27590,36,Retired,Rent,0.381918596694618,4,15543.42,864.57,0.4375,0
440,41581,35137,36,Employed,Mortgage,0.1579455211960404,0,3465.08,1101.07,0.4757,0
693,58066,23553,120,Self-employed,Mortgage,0.3015857152013207,0,4838.83,285.76,0.3606,1
334,36019,38067,12,Employed,Rent,0.0414835995835814,1,3001.58,3311.39,1.1447,0
327,139026,12595,12,Employed,Mortgage,0.0219230962201694,1,11585.5,1095.62,0.1165,0
778,87324,28863,84,Employed,Own,0.124056065616497,5,7277.0,449.86,0.1859,1
399,166592,7178,24,Self-employed,Rent,0.3072354486577526,3,13882.67,324.64,0.3306,0
600,139712,1172,120,Employed,Own,0.3483384396723842,5,11642.67,14.22,0.3496,0
408,95953,49161,60,Retired,Mortgage,0.4935721128379364,2,7996.08,996.81,0.6182,0
564,102160,1217,24,Employed,Own,0.5429159022016367,4,8513.33,55.04,0.5494,0
562,170754,6427,60,Self-employed,Own,0.0845379657456936,5,14229.5,130.32,0.0937,0
839,181288,42975,60,Employed,Rent,0.1036024765614686,1,15107.33,871.38,0.1613,1
824,199486,15295,12,Employed,Own,0.1055485053662242,5,16623.83,1330.49,0.1856,1
334,40416,22529,24,Employed,Rent,0.5866062974183571,2,3368.0,1018.93,0.8891,0
668,27031,18978,120,Self-employed,Rent,0.4502345660760076,0,2252.58,230.26,0.5525,0
333,155506,32436,120,Employed,Mortgage,0.4426531740342407,4,12958.83,393.54,0.473,0
327,44721,48579,120,Employed,Mortgage,0.0085037794845455,2,3726.75,589.4,0.1667,0
453,22074,20240,84,Employed,Rent,0.3964086195675859,5,1839.5,315.46,0.5679,0
521,109637,7584,12,Employed,Rent,0.0521061843552159,5,9136.42,659.72,0.1243,0
324,145329,41355,120,Employed,Rent,0.0534234257886696,1,12110.75,501.75,0.0949,0
773,86596,33370,84,Unemployed,Own,0.3008314866460396,0,7216.33,520.11,0.3729,1
566,196466,9528,24,Self-employed,Rent,0.2879805688260989,5,16372.17,430.93,0.3143,0
788,67912,5605,84,Retired,Rent,0.417010260489604,3,5659.33,87.36,0.4324,1
446,77755,17596,24,Employed,Own,0.2405379242105936,3,6479.58,795.82,0.3634,0
305,164421,32312,12,Employed,Rent,0.1849227096698084,5,13701.75,2810.77,0.3901,0
380,132269,40119,24,Employed,Own,0.1070215993336217,0,11022.42,1814.47,0.2716,0
344,145889,21042,120,Employed,Own,0.0459959808749413,4,12157.42,255.3,0.067,0
476,156675,44391,120,Employed,Rent,0.4895092730710871,4,13056.25,538.59,0.5308,0
488,141006,27470,120,Self-employed,Rent,0.4398565825949573,1,11750.5,333.29,0.4682,0
313,102997,40479,120,Employed,Mortgage,0.0512452556829329,0,8583.08,491.12,0.1085,0
442,35830,21308,36,Employed,Own,0.0505998187539551,0,2985.83,667.72,0.2742,0
403,125575,47116,36,Employed,Rent,0.2212385889042011,1,10464.58,1476.44,0.3623,0
465,60661,2768,84,Self-employed,Mortgage,0.4031878512602613,5,5055.08,43.14,0.4117,0
339,126909,5277,120,Employed,Mortgage,0.333201101749803,1,10575.75,64.02,0.3393,0
384,37451,15426,84,Self-employed,Mortgage,0.0710106963574264,0,3120.92,240.43,0.148,0
439,126079,37991,24,Employed,Own,0.5249776587270171,5,10506.58,1718.23,0.6885,0
441,181862,23294,84,Employed,Rent,0.3532646593327607,4,15155.17,363.07,0.3772,0
301,20119,27488,84,Employed,Mortgage,0.0122969511303516,2,1676.58,428.43,0.2678,0
360,165828,1934,36,Employed,Own,0.0552394370635385,3,13819.0,60.6,0.0596,0
762,97627,27424,84,Employed,Rent,0.4729678192644699,1,8135.58,427.44,0.5255,1
392,138119,23343,60,Employed,Rent,0.5080535257335266,4,11509.92,473.31,0.5492,0
832,101413,28164,24,Employed,Rent,0.0037981655087967,3,8451.08,1273.78,0.1545,1
368,184581,19761,120,Employed,Own,0.3135713824574062,5,15381.75,239.76,0.3292,0
676,182503,25065,24,Retired,Rent,0.0937082407878623,4,15208.58,1133.62,0.1682,1
359,148325,3159,60,Employed,Rent,0.4513384665828043,2,12360.42,64.05,0.4565,0
442,87436,36790,12,Self-employed,Rent,0.3343454342704622,5,7286.33,3200.3,0.7736,0
463,56978,42912,60,Employed,Own,0.5911888526181343,2,4748.17,870.1,0.7744,0
318,28561,25761,12,Self-employed,Own,0.4160945694637251,2,2380.08,2240.91,1.3576,0
622,75552,33757,36,Employed,Own,0.5665635263075979,4,6296.0,1057.82,0.7346,0
320,49696,31081,24,Employed,Rent,0.4755234864348912,5,4141.33,1405.71,0.815,0
519,49316,25803,84,Employed,Mortgage,0.1915937181501352,0,4109.67,402.17,0.2895,0
661,151132,29295,12,Employed,Rent,0.2776358561836208,0,12594.33,2548.33,0.48,1
601,158135,43253,84,Employed,Own,0.3238218074677855,2,13177.92,674.15,0.375,0
598,62372,48557,12,Employed,Own,0.1748565176340922,2,5197.67,4223.9,0.9875,0
465,149196,21783,12,Unemployed,Mortgage,0.3474638107021957,5,12433.0,1894.87,0.4999,0
550,111534,5660,60,Employed,Own,0.5761244504154813,1,9294.5,114.76,0.5885,0
507,126313,12430,60,Employed,Own,0.2651537514314349,1,10526.08,252.04,0.2891,0
577,136297,34840,12,Employed,Rent,0.2375697324971854,0,11358.08,3030.68,0.5044,0
512,120739,42090,24,Self-employed,Mortgage,0.4814084436776201,5,10061.58,1903.62,0.6706,0
788,198601,7902,12,Employed,Mortgage,0.1020578361535442,2,16550.08,687.38,0.1436,1
492,115176,37447,84,Employed,Own,0.4273833596612816,2,9598.0,583.66,0.4882,0
718,173768,1204,60,Unemployed,Own,0.2916284949559329,3,14480.67,24.41,0.2933,1
359,82093,9771,36,Employed,Rent,0.1719497604705173,5,6841.08,306.19,0.2167,0
661,188011,29319,36,Retired,Rent,0.0582026490205686,5,15667.58,918.75,0.1168,1
794,52275,30547,36,Employed,Mortgage,0.3123499272215019,0,4356.25,957.23,0.5321,1
525,136793,11707,120,Employed,Mortgage,0.5741066222334207,4,11399.42,142.04,0.5866,0
468,189283,17678,84,Employed,Mortgage,0.1432882868712946,3,15773.58,275.53,0.1608,0
518,147706,8010,24,Employed,Own,0.0874694539712943,1,12308.83,362.27,0.1169,0
636,30081,1777,84,Employed,Mortgage,0.1791530977839624,1,2506.75,27.7,0.1902,0
607,192665,5048,60,Employed,Mortgage,0.2208577219709993,5,16055.42,102.36,0.2272,0
760,24729,20358,60,Retired,Rent,0.4443624089675236,4,2060.75,412.79,0.6447,0
344,197803,11225,60,Self-employed,Rent,0.5753655767847341,2,16483.58,227.6,0.5892,0
506,176889,38488,84,Employed,Own,0.2420559429796085,2,14740.75,599.88,0.2828,0
843,188535,36236,120,Retired,Mortgage,0.500812163574582,4,15711.25,439.64,0.5288,1
671,198017,43002,60,Employed,Rent,0.4254928499174117,2,16501.42,871.93,0.4783,1
490,63066,49846,120,Retired,Rent,0.5489597834380994,2,5255.5,604.77,0.664,0
339,52523,14899,12,Employed,Rent,0.4660568981511407,3,4376.92,1296.04,0.7622,0
331,165859,33172,36,Retired,Rent,0.4037253724710999,2,13821.58,1039.49,0.4789,0
734,25270,42876,36,Retired,Own,0.4743654683382491,3,2105.83,1343.58,1.1124,0
472,159377,42037,12,Employed,Own,0.0327294605743126,3,13281.42,3656.73,0.3081,0
812,34208,3205,36,Employed,Mortgage,0.0878666846474069,3,2850.67,100.43,0.1231,0
734,21332,40962,12,Retired,Own,0.0903784910057604,5,1777.67,3563.22,2.0948,0
797,52216,43672,36,Retired,Rent,0.1622150464904635,1,4351.33,1368.52,0.4767,1
478,53780,48932,12,Employed,Rent,0.435683602168018,4,4481.67,4256.52,1.3854,0
547,23142,7927,24,Employed,Mortgage,0.4348963609423182,1,1928.5,358.52,0.6208,0
712,146114,5720,120,Unemployed,Rent,0.5497597600675292,4,12176.17,69.4,0.5555,1
655,39522,18494,12,Self-employed,Rent,0.3356987223710734,4,3293.5,1608.76,0.8242,0
835,99544,30899,12,Employed,Rent,0.5667742559986765,3,8295.33,2687.86,0.8908,0
379,90328,15323,60,Self-employed,Mortgage,0.507993327774014,3,7527.33,310.7,0.5493,0
392,105730,18008,24,Self-employed,Rent,0.4316976713615478,1,8810.83,814.45,0.5241,0
453,103156,1828,12,Employed,Mortgage,0.5557439578639095,4,8596.33,159.01,0.5742,0
428,99513,24201,12,Retired,Rent,0.4258504322006889,4,8292.75,2105.21,0.6797,0
488,92785,20982,12,Employed,Mortgage,0.5573324447037598,1,7732.08,1825.19,0.7934,0
482,136181,47315,84,Employed,Rent,0.231877744864666,0,11348.42,737.46,0.2969,0
510,165841,8106,24,Self-employed,Mortgage,0.2084357976620769,2,13820.08,366.61,0.235,0
354,121720,17931,36,Employed,Own,0.5403688959532991,1,10143.33,561.89,0.5958,0
705,59997,14398,84,Employed,Rent,0.1627850686390553,0,4999.75,224.41,0.2077,1
787,119766,23487,12,Unemployed,Rent,0.2546997643614681,0,9980.5,2043.1,0.4594,1
807,79795,21767,60,Self-employed,Rent,0.1796187852596052,2,6649.58,441.36,0.246,1
791,127399,30192,120,Self-employed,Own,0.2085261650557539,1,10616.58,366.31,0.243,1
384,187833,23489,60,Employed,Own,0.4833411599394012,5,15652.75,476.27,0.5138,0
644,89363,3794,36,Employed,Own,0.2211513378469941,1,7446.92,118.89,0.2371,0
576,168133,33326,84,Employed,Own,0.4408448176967094,3,14011.08,519.43,0.4779,0
307,26672,11319,60,Self-employed,Rent,0.5351191873525092,2,2222.67,229.51,0.6384,0
799,35334,14334,24,Unemployed,Mortgage,0.2748673965241895,1,2944.5,648.29,0.495,0
545,75206,34924,24,Employed,Own,0.5728260321436738,0,6267.17,1579.52,0.8249,0
796,79052,3545,36,Employed,Rent,0.1101013783188257,4,6587.67,111.09,0.127,1
600,128973,11304,84,Retired,Mortgage,0.0005116474383721,0,10747.75,176.19,0.0169,0
380,75946,23852,36,Unemployed,Rent,0.5113670337395252,4,6328.83,747.43,0.6295,0
591,168548,16984,12,Retired,Own,0.401279765320176,4,14045.67,1477.41,0.5065,0
730,138026,34440,36,Employed,Own,0.0715619313935721,1,11502.17,1079.22,0.1654,1
530,35139,15563,12,Retired,Rent,0.3190523971219136,5,2928.25,1353.8,0.7814,0
466,58098,28254,36,Employed,Own,0.3364807861941572,0,4841.5,885.38,0.5194,0
679,102398,21661,36,Self-employed,Rent,0.2797789524047168,5,8533.17,678.78,0.3593,1
825,102415,15439,36,Employed,Own,0.1396972138338755,0,8534.58,483.8,0.1964,1
402,183664,30342,36,Self-employed,Mortgage,0.3772577873428278,5,15305.33,950.81,0.4394,0
677,98781,34609,84,Self-employed,Mortgage,0.4230115323893548,0,8231.75,539.42,0.4885,1
515,153541,12809,84,Retired,Mortgage,0.3316809989748342,1,12795.08,199.64,0.3473,0
365,36107,2009,60,Self-employed,Rent,0.3098046095319243,1,3008.92,40.74,0.3233,0
564,66882,45013,24,Retired,Mortgage,0.48675490714514,0,5573.5,2035.82,0.852,0
495,134672,10501,24,Employed,Mortgage,0.2409389106515157,1,11222.67,474.93,0.2833,0
478,145806,30170,12,Self-employed,Rent,0.4884710180813813,2,12150.5,2624.44,0.7045,0
760,85643,49126,84,Employed,Own,0.4098112922085405,4,7136.92,765.69,0.5171,1
571,107663,29103,36,Employed,Rent,0.2535661905697441,4,8971.92,911.98,0.3552,0
711,170297,33845,120,Self-employed,Rent,0.3472460473656945,4,14191.42,410.63,0.3762,1
825,179588,43366,120,Employed,Rent,0.0918795832998447,3,14965.67,526.15,0.127,1
482,41384,26374,60,Employed,Own,0.1234085117903823,4,3448.67,534.77,0.2785,0
609,45771,21126,120,Employed,Rent,0.5008437562407647,1,3814.25,256.32,0.568,0
765,52659,36481,60,Employed,Own,0.1023578543172774,1,4388.25,739.7,0.2709,1
691,21358,23709,60,Employed,Mortgage,0.3171463624465732,4,1779.83,480.73,0.5872,0
474,51693,36014,60,Employed,Rent,0.167828122327818,4,4307.75,730.23,0.3373,0
708,179759,5090,24,Employed,Own,0.4280913327639694,1,14979.92,230.21,0.4435,1
733,58247,45677,36,Employed,Rent,0.5342332707463147,3,4853.92,1431.35,0.8291,0
692,172519,35398,24,Self-employed,Rent,0.2621473481957131,1,14376.58,1600.96,0.3735,1
721,44423,41854,36,Employed,Own,0.5236399644763068,0,3701.92,1311.55,0.8779,0
774,118777,47585,120,Employed,Mortgage,0.4344811848097614,2,9898.08,577.34,0.4928,1
581,60940,11888,24,Retired,Rent,0.3029391690085655,2,5078.33,537.66,0.4088,0
816,109210,17119,24,Employed,Own,0.1968442551178612,4,9100.83,774.25,0.2819,1
641,106018,31830,36,Self-employed,Mortgage,0.2855742113210006,1,8834.83,997.44,0.3985,0
484,167895,14889,84,Self-employed,Rent,0.4069358324847309,3,13991.25,232.06,0.4235,0
443,66917,48421,84,Self-employed,Rent,0.4360836320208275,4,5576.42,754.7,0.5714,0
305,52423,31599,36,Employed,Mortgage,0.0702669090967181,0,4368.58,990.2,0.2969,0
848,159083,12751,60,Employed,Rent,0.4564736738496414,1,13256.92,258.54,0.476,1
421,186518,7164,36,Self-employed,Mortgage,0.5888594010579014,0,15543.17,224.49,0.6033,0
538,190003,46656,60,Employed,Rent,0.4990614506046441,5,15833.58,946.02,0.5588,0
825,130832,16839,120,Self-employed,Mortgage,0.570858349568845,5,10902.67,204.3,0.5896,1
584,52403,8663,36,Self-employed,Mortgage,0.5620540918324078,0,4366.92,271.47,0.6242,0
786,198673,19073,24,Employed,Rent,0.2855854644531371,3,16556.08,862.62,0.3377,1
752,38802,7643,120,Self-employed,Mortgage,0.1317794042004781,0,3233.5,92.73,0.1605,0
541,166297,42433,12,Employed,Rent,0.3067618873635733,2,13858.08,3691.18,0.5731,0
615,162708,49328,24,Employed,Rent,0.2467995868996556,1,13559.0,2230.97,0.4113,0
340,199858,6128,24,Unemployed,Rent,0.1477614757827968,4,16654.83,277.15,0.1644,0
727,79828,20191,12,Employed,Rent,0.215503942467019,2,6652.33,1756.38,0.4795,1
365,104820,24182,60,Unemployed,Rent,0.100743311012519,2,8735.0,490.32,0.1569,0
469,92916,38169,84,Employed,Rent,0.1343459914960015,0,7743.0,594.91,0.2112,0
490,181674,30022,84,Self-employed,Rent,0.5333247307060968,1,15139.5,467.93,0.5642,0
662,140416,9102,12,Self-employed,Own,0.2662979833011614,5,11701.33,791.77,0.334,1
451,38501,7232,12,Self-employed,Own,0.490620537627656,4,3208.42,629.1,0.6867,0
519,160796,45829,24,Retired,Own,0.1643144669185891,2,13399.67,2072.72,0.319,0
702,31858,4805,120,Unemployed,Rent,0.5111055579130981,5,2654.83,58.3,0.5331,0
841,125813,27429,12,Retired,Own,0.3878079075303134,5,10484.42,2386.01,0.6154,0
645,27928,14929,36,Employed,Mortgage,0.2796213181089853,2,2327.33,467.82,0.4806,0
586,139704,35643,36,Employed,Mortgage,0.5234006280349095,2,11642.0,1116.92,0.6193,0
596,69812,7895,24,Self-employed,Own,0.0353789274854267,5,5817.67,357.07,0.0968,0
826,89672,24488,120,Self-employed,Mortgage,0.4411394888454512,4,7472.67,297.11,0.4809,1
588,86573,12812,60,Employed,Rent,0.179922637473055,1,7214.42,259.78,0.2159,0
628,196747,28105,24,Employed,Mortgage,0.363580095615206,1,16395.58,1271.11,0.4411,0
750,51619,15174,24,Self-employed,Rent,0.3438128532277835,5,4301.58,686.28,0.5034,1
481,65659,35962,84,Employed,Own,0.1864965064630134,3,5471.58,560.51,0.2889,0
768,47192,40700,36,Employed,Mortgage,0.156537826026487,1,3932.67,1275.39,0.4808,0
693,37198,39821,12,Employed,Mortgage,0.1308505174125316,4,3099.83,3463.97,1.2483,0
691,91754,8376,12,Unemployed,Mortgage,0.2430636827678443,2,7646.17,728.62,0.3384,1
437,123737,47648,84,Self-employed,Own,0.3533426458122177,3,10311.42,742.65,0.4254,0
772,178571,30660,84,Retired,Own,0.0255730511102711,5,14880.92,477.87,0.0577,1
818,112808,45332,60,Employed,Own,0.2887077528561659,0,9400.67,919.17,0.3865,1
474,119494,33034,120,Self-employed,Mortgage,0.3171223273963689,3,9957.83,400.79,0.3574,0
679,174009,2221,36,Employed,Own,0.1787714251849155,0,14500.75,69.6,0.1836,1
310,85589,23642,120,Self-employed,Mortgage,0.5716356254507924,1,7132.42,286.84,0.6119,0
810,65438,24639,36,Employed,Mortgage,0.5638254298699037,0,5453.17,772.1,0.7054,0
321,197313,31695,36,Employed,Own,0.5967005245963316,5,16442.75,993.21,0.6571,0
615,94121,31362,120,Retired,Rent,0.2281928680503953,4,7843.42,380.51,0.2767,0
457,160208,49486,36,Employed,Mortgage,0.0828145965312839,0,13350.67,1550.71,0.199,0
647,170920,9550,12,Self-employed,Rent,0.3140110579568749,5,14243.33,830.74,0.3723,0
395,66893,19535,84,Unemployed,Rent,0.5640897007318781,2,5574.42,304.48,0.6187,0
454,90768,25128,24,Employed,Rent,0.5654455358093281,2,7564.0,1136.47,0.7157,0
647,47923,24246,60,Employed,Mortgage,0.3942682075318204,2,3993.58,491.62,0.5174,0
576,80175,33411,60,Employed,Rent,0.0708701712601169,0,6681.25,677.45,0.1723,0
445,40088,30444,120,Employed,Mortgage,0.0401448576320025,0,3340.67,369.37,0.1507,0
476,148254,11813,60,Retired,Rent,0.1819735088322644,3,12354.5,239.53,0.2014,0
533,109340,3838,60,Unemployed,Own,0.3974939428204164,0,9111.67,77.82,0.406,0
388,33336,18601,24,Employed,Own,0.5463383477324709,5,2778.0,841.27,0.8492,0
407,98573,13574,12,Retired,Own,0.1139493720214801,2,8214.42,1180.78,0.2577,0
346,134707,40685,120,Employed,Rent,0.3232779546612856,3,11225.58,493.62,0.3673,0
736,119819,6363,12,Retired,Mortgage,0.4874841833950671,2,9984.92,553.51,0.5429,1
439,146640,3837,24,Employed,Own,0.4466161513314265,4,12220.0,173.54,0.4608,0
563,92222,30414,120,Employed,Rent,0.570001867750906,4,7685.17,369.01,0.618,0
503,28045,35727,12,Employed,Rent,0.5591205420929501,3,2337.08,3107.84,1.8889,0
523,20376,48298,12,Self-employed,Own,0.5221091182986449,3,1698.0,4201.37,2.9964,0
682,147369,5058,120,Employed,Mortgage,0.5128786166757863,0,12280.75,61.37,0.5179,1
639,68399,42934,60,Employed,Own,0.1337604279505413,2,5699.92,870.55,0.2865,0
334,115433,20169,84,Employed,Rent,0.3175018909441755,0,9619.42,314.36,0.3502,0
372,179038,3987,60,Employed,Rent,0.4874656433471317,2,14919.83,80.84,0.4929,0
325,32678,45768,36,Employed,Own,0.3334264957752294,0,2723.17,1434.2,0.8601,0
378,142261,35121,12,Employed,Rent,0.3294324872525422,1,11855.08,3055.12,0.5871,0
486,63998,9313,84,Employed,Own,0.5059637059419319,1,5333.17,145.15,0.5332,0
577,41412,23609,36,Self-employed,Rent,0.4832169107851544,1,3451.0,739.82,0.6976,0
752,158820,47387,24,Employed,Mortgage,0.3112355087261105,3,13235.0,2143.19,0.4732,1
667,148364,25799,60,Retired,Rent,0.2294932589811854,0,12363.67,523.11,0.2718,1
474,40479,7931,84,Employed,Own,0.0255324556706773,0,3373.25,123.61,0.0622,0
499,21819,7344,60,Employed,Rent,0.1202762876468529,1,1818.25,148.91,0.2022,0
326,177814,34909,36,Self-employed,Rent,0.3516350203024996,5,14817.83,1093.92,0.4255,0
358,97173,12729,60,Employed,Own,0.2417086276363547,3,8097.75,258.1,0.2736,0
495,44925,37705,24,Self-employed,Rent,0.069770162219366,1,3743.75,1705.3,0.5253,0
689,174694,41145,84,Employed,Rent,0.1720206124619318,0,14557.83,641.29,0.2161,1
343,184661,40382,36,Self-employed,Mortgage,0.1190137939626826,4,15388.42,1265.43,0.2012,0
521,32950,25476,24,Employed,Rent,0.5194600570607337,5,2745.83,1152.21,0.9391,0
620,197154,2875,36,Self-employed,Mortgage,0.1221904361647006,2,16429.5,90.09,0.1277,0
404,26375,26046,120,Employed,Rent,0.2722705814782388,5,2197.92,316.01,0.416,0
739,27112,49115,60,Unemployed,Own,0.3709434315891756,1,2259.33,995.88,0.8117,0
390,44064,38816,60,Self-employed,Rent,0.2808418775985348,1,3672.0,787.05,0.4952,0
731,188891,16753,120,Self-employed,Rent,0.2452348019703447,2,15740.92,203.26,0.2581,1
635,114983,2776,12,Employed,Mortgage,0.0681774920890396,1,9581.92,241.48,0.0934,0
427,98006,19183,120,Employed,Rent,0.089923688479608,2,8167.17,232.74,0.1184,0
694,91053,10553,84,Unemployed,Mortgage,0.262020449455201,2,7587.75,164.48,0.2837,1
520,134159,23530,24,Retired,Rent,0.253393232623797,3,11179.92,1064.2,0.3486,0
452,67900,19993,12,Employed,Own,0.4351239044771987,5,5658.33,1739.16,0.7425,0
331,183357,27418,12,Employed,Rent,0.4419268049012985,4,15279.75,2385.05,0.598,0
542,198244,18895,84,Self-employed,Own,0.2922760022798157,1,16520.33,294.5,0.3101,0
301,86956,27576,12,Unemployed,Own,0.2991890195316937,5,7246.33,2398.79,0.6302,0
382,53565,25513,24,Employed,Own,0.5630192530702879,0,4463.75,1153.88,0.8215,0
625,112548,3776,12,Employed,Own,0.061167427643871,1,9379.0,328.47,0.0962,0
416,153186,15821,60,Employed,Own,0.2566519643842102,5,12765.5,320.79,0.2818,0
849,152041,30027,120,Retired,Rent,0.1800480034158524,0,12670.08,364.31,0.2088,1
694,50757,43010,120,Employed,Mortgage,0.1412514601640243,3,4229.75,521.83,0.2646,1
835,45127,19783,36,Employed,Rent,0.457139653871204,1,3760.58,619.93,0.622,0
683,60803,44316,24,Employed,Rent,0.3339834820043323,1,5066.92,2004.29,0.7295,0
538,57400,2815,120,Self-employed,Mortgage,0.3205283343574889,4,4783.33,34.15,0.3277,0
721,190886,1198,24,Employed,Rent,0.2117447659318539,2,15907.17,54.18,0.2152,1
520,64237,42373,24,Employed,Own,0.127946010160482,2,5353.08,1916.42,0.4859,0
383,35445,37689,12,Employed,Rent,0.5721212135753995,4,2953.75,3278.51,1.6821,0
616,143237,18592,60,Self-employed,Rent,0.3892116500393574,0,11936.42,376.98,0.4208,0
668,62968,28922,12,Employed,Mortgage,0.36078952455178,5,5247.33,2515.88,0.8402,0
665,192955,14636,120,Self-employed,Rent,0.0161929587884186,5,16079.58,177.58,0.0272,1
401,191772,2421,60,Employed,Mortgage,0.0858441425514811,0,15981.0,49.09,0.0889,0
337,47351,8744,120,Self-employed,Own,0.5051923880792982,2,3945.92,106.09,0.5321,0
690,84442,30408,24,Employed,Mortgage,0.5740816807251313,1,7036.83,1375.27,0.7695,0
784,35866,1583,120,Employed,Rent,0.2867801471666719,4,2988.83,19.21,0.2932,0
766,92432,28422,24,Self-employed,Rent,0.0581797907695195,0,7702.67,1285.45,0.2251,1
474,161278,39632,24,Unemployed,Own,0.4335297401638402,1,13439.83,1792.45,0.5669,0
780,62119,39091,12,Retired,Own,0.0418816156192095,3,5176.58,3400.46,0.6988,0
765,35474,3797,60,Retired,Rent,0.421687541990793,4,2956.17,76.99,0.4477,0
667,106131,17347,12,Employed,Rent,0.0523992111180817,5,8844.25,1508.99,0.223,1
392,60293,27811,12,Employed,Own,0.3298622977798165,4,5024.42,2419.24,0.8114,0
560,95093,31930,12,Self-employed,Mortgage,0.1008925737388802,4,7924.42,2777.54,0.4514,0
655,59910,19662,60,Employed,Rent,0.0832997274842433,2,4992.5,398.67,0.1632,1
759,100628,9284,60,Employed,Mortgage,0.0821803031226147,0,8385.67,188.25,0.1046,1
548,165423,30964,24,Retired,Rent,0.0453650029349056,1,13785.25,1400.42,0.147,0
442,99107,41780,60,Employed,Rent,0.0713338635012335,1,8258.92,847.15,0.1739,0
560,122383,44585,120,Employed,Mortgage,0.3009259979502375,0,10198.58,540.94,0.354,0
432,83461,36351,120,Employed,Rent,0.1170735358588193,1,6955.08,441.04,0.1805,0
422,123696,19070,120,Self-employed,Rent,0.46275756680746,2,10308.0,231.37,0.4852,0
833,156488,38450,120,Employed,Own,0.4321544459037032,4,13040.67,466.5,0.4679,1
456,124779,25023,12,Retired,Rent,0.4421634640564595,4,10398.25,2176.71,0.6515,0
567,88302,9542,12,Employed,Rent,0.2671382119170533,1,7358.5,830.04,0.3799,0
609,63445,45874,24,Employed,Rent,0.4388086064220448,3,5287.08,2074.76,0.8312,0
410,73604,39310,120,Employed,Mortgage,0.5926517973948906,4,6133.67,476.94,0.6704,0
469,195855,4305,12,Employed,Mortgage,0.2431801421165735,5,16321.25,374.49,0.2661,0
366,94476,46571,60,Employed,Own,0.3649564435392164,0,7873.0,944.29,0.4849,0
532,183002,8498,24,Employed,Rent,0.4160656975693312,3,15250.17,384.34,0.4413,0
649,158336,38306,84,Unemployed,Rent,0.2067322479832326,0,13194.67,597.05,0.252,0
758,141928,44367,36,Employed,Mortgage,0.3891766391792353,2,11827.33,1390.3,0.5067,1
369,83033,12411,12,Employed,Mortgage,0.1417636378194569,0,6919.42,1079.61,0.2978,0
522,185699,31293,36,Retired,Rent,0.0001483031429098,3,15474.92,980.61,0.0635,0
678,130031,22819,84,Employed,Rent,0.5133801994655852,3,10835.92,355.66,0.5462,1
343,143791,1082,12,Employed,Rent,0.5667900236775808,1,11982.58,94.12,0.5746,0
391,189095,23167,60,Employed,Rent,0.3036497876055924,4,15757.92,469.74,0.3335,0
428,95813,1899,60,Employed,Own,0.5282630678580579,5,7984.42,38.5,0.5331,0
650,183230,7924,24,Employed,Mortgage,0.58231164316682,5,15269.17,358.38,0.6058,0
575,127253,6790,12,Self-employed,Rent,0.4824721504082804,5,10604.42,590.65,0.5382,0
351,65266,17334,84,Self-employed,Mortgage,0.5928630776882766,5,5438.83,270.17,0.6425,0
718,122479,39428,12,Employed,Own,0.045071003951406,2,10206.58,3429.78,0.3811,1
717,44148,7456,60,Unemployed,Mortgage,0.3660681192678384,2,3679.0,151.18,0.4072,0
567,61078,7342,60,Unemployed,Rent,0.2857846542867776,3,5089.83,148.87,0.315,0
594,115330,20587,12,Self-employed,Mortgage,0.382682514539843,4,9610.83,1790.83,0.569,0
651,87057,4952,12,Self-employed,Rent,0.2350463986641157,5,7254.75,430.77,0.2944,1
814,184315,8245,120,Retired,Own,0.5525662227706043,0,15359.58,100.03,0.5591,1
628,43374,4440,84,Employed,Rent,0.2751832543191714,5,3614.5,69.2,0.2943,0
447,169835,35486,36,Employed,Rent,0.0522859117550847,4,14152.92,1112.0,0.1309,0
449,57936,17444,36,Employed,Mortgage,0.1820243627571166,2,4828.0,546.63,0.2952,0
777,121369,47026,36,Employed,Own,0.0973211019697352,1,10114.08,1473.62,0.243,1
732,70354,39897,120,Employed,Mortgage,0.5155027802324798,5,5862.83,484.06,0.5981,1
393,105593,41833,24,Self-employed,Rent,0.3078181035529811,5,8799.42,1891.99,0.5228,0
440,197748,10824,84,Employed,Mortgage,0.4592393275815096,2,16479.0,168.71,0.4695,0
538,141457,33044,84,Employed,Mortgage,0.4445657263897491,1,11788.08,515.03,0.4883,0
321,170554,13139,12,Unemployed,Rent,0.3424166818390328,5,14212.83,1142.94,0.4228,0
413,71264,20691,120,Employed,Own,0.1791575913143087,0,5938.67,251.04,0.2214,0
495,78187,18556,36,Employed,Own,0.1317666418091848,5,6515.58,581.48,0.221,0
397,106808,28628,84,Unemployed,Rent,0.2319128580580229,3,8900.67,446.2,0.282,0
774,65125,40982,120,Employed,Rent,0.2918650461095468,3,5427.08,497.22,0.3835,1
404,124373,35272,60,Employed,Rent,0.1530706390700668,1,10364.42,715.19,0.2221,0
304,121011,1066,36,Employed,Own,0.393066527367749,5,10084.25,33.4,0.3964,0
729,27947,13904,84,Employed,Own,0.2836501698141606,1,2328.92,216.71,0.3767,0
520,179144,12126,60,Self-employed,Rent,0.0365212431529949,5,14928.67,245.87,0.053,0
367,55228,26215,24,Employed,Rent,0.2643324448215429,5,4602.33,1185.63,0.5219,0
779,112589,22236,120,Employed,Own,0.5544108605369958,3,9382.42,269.78,0.5832,1
770,58379,22073,120,Employed,Mortgage,0.4132370886288334,3,4864.92,267.81,0.4683,1
421,194598,32310,12,Employed,Rent,0.5890418774574484,3,16216.5,2810.6,0.7624,0
468,69712,49301,84,Unemployed,Own,0.0960807539534143,2,5809.33,768.42,0.2284,0
410,106378,30448,84,Employed,Own,0.4414579542043086,3,8864.83,474.57,0.495,0
495,22806,33375,12,Employed,Own,0.5361775358138314,0,1900.5,2903.24,2.0638,0
542,36463,38758,60,Employed,Mortgage,0.4134402911000858,0,3038.58,785.87,0.6721,0
307,86178,7171,84,Self-employed,Rent,0.4817209306135067,1,7181.5,111.77,0.4973,0
331,131764,37276,120,Retired,Rent,0.2974117449534441,0,10980.33,452.26,0.3386,0
697,106349,34313,36,Employed,Rent,0.5064335269174115,0,8862.42,1075.24,0.6278,0
751,159179,42030,84,Employed,Own,0.2968370139834211,3,13264.92,655.09,0.3462,1
829,190162,46331,12,Employed,Mortgage,0.5581049599132073,5,15846.83,4030.26,0.8124,0
718,77446,16927,84,Unemployed,Rent,0.2901955160211979,0,6453.83,263.83,0.3311,1
796,28817,26892,120,Self-employed,Own,0.0577062357216457,3,2401.42,326.27,0.1936,0
572,54108,7223,84,Employed,Own,0.0551720574859051,2,4509.0,112.58,0.0801,0
448,168253,7103,60,Employed,Rent,0.3941231280608931,0,14021.08,144.02,0.4044,0
716,140441,5209,120,Employed,Rent,0.0524808419669884,3,11703.42,63.2,0.0579,1
339,84445,43517,60,Self-employed,Mortgage,0.5446779416792819,1,7037.08,882.37,0.6701,0
404,183831,15359,12,Employed,Rent,0.4700097012813082,1,15319.25,1336.06,0.5572,0
673,133296,37700,60,Employed,Own,0.162864248320475,3,11108.0,764.42,0.2317,1
596,136907,27480,12,Employed,Own,0.5052103297655356,1,11408.92,2390.44,0.7147,0
467,157018,28808,36,Unemployed,Own,0.1041857731287162,2,13084.83,902.74,0.1732,0
775,155426,34834,24,Retired,Rent,0.1496956434397889,2,12952.17,1575.45,0.2713,1
467,89523,20175,36,Self-employed,Own,0.2149446180463475,0,7460.25,632.21,0.2997,0
429,112503,44880,120,Self-employed,Rent,0.3675611588156846,5,9375.25,544.52,0.4256,0
674,40183,39330,120,Employed,Own,0.4938520329782474,0,3348.58,477.18,0.6364,0
484,131778,22038,12,Self-employed,Rent,0.3130415055243932,5,10981.5,1917.05,0.4876,0
374,41925,9229,60,Retired,Mortgage,0.4511751112185972,3,3493.75,187.13,0.5047,0
518,162813,2730,120,Employed,Rent,0.1886296334130323,3,13567.75,33.12,0.1911,0
777,103347,12788,60,Employed,Mortgage,0.0085817672208809,3,8612.25,259.29,0.0387,1
850,95848,2581,60,Employed,Mortgage,0.2192353609118033,5,7987.33,52.33,0.2258,1
849,87379,27213,24,Employed,Rent,0.3712210433361598,5,7281.58,1230.77,0.5402,1
827,127666,28738,12,Self-employed,Rent,0.3729908311330603,3,10638.83,2499.87,0.608,0
612,92230,1781,60,Employed,Rent,0.2226978778523793,3,7685.83,36.11,0.2274,0
670,26558,23542,120,Unemployed,Own,0.2892086929881854,3,2213.17,285.63,0.4183,0
651,116923,12660,12,Employed,Rent,0.404816351152272,4,9743.58,1101.27,0.5178,1
415,26575,29346,120,Employed,Own,0.163745126618747,1,2214.58,356.05,0.3245,0
421,36807,42799,84,Retired,Mortgage,0.053548965737125,5,3067.25,667.07,0.271,0
584,57714,18531,84,Employed,Rent,0.4938304240709329,1,4809.5,288.83,0.5539,0
470,114464,49181,24,Employed,Rent,0.581663836280997,1,9538.67,2224.32,0.8149,0
410,188093,42946,60,Employed,Rent,0.2419924331189256,3,15674.42,870.79,0.2975,0
459,194654,34690,24,Employed,Own,0.0610100512210248,0,16221.17,1568.93,0.1577,0
501,158692,26056,24,Unemployed,Rent,0.3774554892072785,1,13224.33,1178.44,0.4666,0
658,147481,46822,36,Employed,Mortgage,0.497344466313805,1,12290.08,1467.23,0.6167,0
341,104639,46558,12,Self-employed,Rent,0.2261562348620839,4,8719.92,4050.01,0.6906,0
394,140294,10290,36,Unemployed,Mortgage,0.3808551993886041,4,11691.17,322.45,0.4084,0
707,67381,18172,60,Retired,Rent,0.3863920256260433,0,5615.08,368.46,0.452,1
831,87983,41219,60,Retired,Mortgage,0.5765158480039781,4,7331.92,835.77,0.6905,0
579,82033,42931,120,Self-employed,Own,0.4593994500110368,3,6836.08,520.87,0.5356,0
758,146488,17058,36,Self-employed,Rent,0.26592644343859,2,12207.33,534.54,0.3097,1
581,120538,37480,120,Employed,Rent,0.308672293397174,0,10044.83,454.74,0.3539,0
581,192315,42425,12,Employed,Rent,0.2257333008168217,3,16026.25,3690.48,0.456,0
513,24132,21207,120,Unemployed,Rent,0.399943516714638,5,2011.0,257.3,0.5279,0
695,89185,7395,84,Employed,Rent,0.2057612364209757,4,7432.08,115.26,0.2213,1
415,91520,9260,24,Employed,Rent,0.5468669706375994,0,7626.67,418.8,0.6018,0
315,23882,30984,84,Employed,Own,0.3749017422187916,2,1990.17,482.92,0.6176,0
300,169502,4222,36,Retired,Rent,0.1279733483546717,3,14125.17,132.3,0.1373,0
456,49848,38684,24,Employed,Rent,0.5964394435427477,4,4154.0,1749.57,1.0176,0
451,112951,28422,84,Unemployed,Own,0.5854196398739098,1,9412.58,442.99,0.6325,0
637,138165,12546,24,Retired,Mortgage,0.1042343171977051,1,11513.75,567.42,0.1535,0
744,21394,25781,60,Unemployed,Own,0.16819884594388,2,1782.83,522.75,0.4614,0
706,28570,30099,60,Employed,Mortgage,0.486108889679821,3,2380.83,610.3,0.7424,0
828,99594,47624,60,Employed,Rent,0.2211047796200056,5,8299.5,965.64,0.3375,1
358,155148,40339,12,Employed,Own,0.4753084646988366,4,12929.0,3509.03,0.7467,0
719,59009,46647,24,Unemployed,Rent,0.1298664990669853,3,4917.42,2109.72,0.5589,1
611,76924,1299,120,Unemployed,Mortgage,0.4607896997166124,2,6410.33,15.76,0.4632,0
389,52920,33471,36,Employed,Rent,0.371164798531,1,4410.0,1048.86,0.609,0
386,113335,16624,12,Self-employed,Rent,0.1180184902702856,4,9444.58,1446.1,0.2711,0
660,135296,1025,120,Employed,Rent,0.3473015538184842,5,11274.67,12.44,0.3484,1
777,82608,17992,60,Employed,Rent,0.1152401217298934,0,6884.0,364.81,0.1682,1
434,36070,23117,84,Self-employed,Mortgage,0.1478305755184546,0,3005.83,360.31,0.2677,0
393,47554,21980,24,Self-employed,Own,0.1846967494022785,5,3962.83,994.1,0.4356,0
389,136971,46576,36,Employed,Rent,0.4251754762810232,5,11414.25,1459.52,0.553,0
534,176069,16332,120,Employed,Mortgage,0.2984127225133313,2,14672.42,198.15,0.3119,0
373,173709,15949,12,Employed,Mortgage,0.2555630278284949,3,14475.75,1387.38,0.3514,0
774,171019,14056,120,Employed,Rent,0.5350913658996383,3,14251.58,170.54,0.5471,1
713,75769,34106,24,Employed,Rent,0.0194753629167091,5,6314.08,1542.52,0.2638,1
452,138157,32368,12,Retired,Own,0.4039658756022902,3,11513.08,2815.64,0.6485,0
723,162251,41231,120,Unemployed,Rent,0.1475309247568315,2,13520.92,500.25,0.1845,1
476,70670,30480,84,Employed,Mortgage,0.53359765419848,1,5889.17,475.07,0.6143,0
313,56325,13499,12,Employed,Rent,0.4544017881487936,5,4693.75,1174.26,0.7046,0
665,42136,44397,84,Employed,Own,0.2740999605658817,2,3511.33,691.98,0.4712,0
638,154238,29008,36,Employed,Own,0.0473793288148609,4,12853.17,909.01,0.1181,0
724,72734,9202,84,Employed,Mortgage,0.1343284562569409,5,6061.17,143.42,0.158,1
377,131687,11605,120,Employed,Own,0.1027309449946003,5,10973.92,140.8,0.1156,0
362,188601,9068,12,Unemployed,Own,0.1562704676986982,0,15716.75,788.81,0.2065,0
536,138886,2830,84,Self-employed,Own,0.1174374543982713,5,11573.83,44.11,0.1212,0
366,66482,42914,84,Self-employed,Own,0.3331878020908915,5,5540.17,668.87,0.4539,0
404,79814,35724,24,Employed,Own,0.3609376840373119,3,6651.17,1615.7,0.6039,0
654,119681,9546,24,Employed,Rent,0.4940271087977345,0,9973.42,431.74,0.5373,1
364,104107,46818,60,Employed,Own,0.2303926368104516,2,8675.58,949.3,0.3398,0
655,139106,38547,24,Employed,Own,0.2609373673106943,4,11592.17,1743.38,0.4113,1
848,28960,19413,60,Self-employed,Rent,0.3678279830340669,0,2413.33,393.63,0.5309,0
697,112153,30389,36,Self-employed,Rent,0.5517166137512074,1,9346.08,952.28,0.6536,0
663,44045,44159,24,Unemployed,Own,0.249739935154228,3,3670.42,1997.19,0.7939,0
476,106442,6618,36,Retired,Mortgage,0.5088812143249595,5,8870.17,207.38,0.5323,0
680,76852,4675,36,Self-employed,Own,0.3707013740514572,3,6404.33,146.5,0.3936,1
406,114488,31116,84,Self-employed,Mortgage,0.5012589512519301,3,9540.67,484.98,0.5521,0
642,66025,45667,120,Employed,Rent,0.061073155949147,4,5502.08,554.07,0.1618,0
639,168847,39043,84,Employed,Mortgage,0.5083572661118507,2,14070.58,608.53,0.5516,0
573,42948,25858,12,Self-employed,Rent,0.2517858488157516,2,3579.0,2249.35,0.8803,0
629,152766,48953,24,Employed,Mortgage,0.3550415871559292,5,12730.5,2214.01,0.529,0
555,155408,27750,36,Retired,Mortgage,0.0173301316296842,2,12950.67,869.58,0.0845,0
327,153351,2301,36,Employed,Mortgage,0.1215093941649873,1,12779.25,72.1,0.1272,0
821,184064,24738,60,Self-employed,Mortgage,0.3578940034352479,2,15338.67,501.6,0.3906,1
830,99556,35463,12,Employed,Rent,0.4596838603184358,2,8296.33,3084.87,0.8315,0
847,99660,47248,84,Employed,Rent,0.4517131767248228,2,8305.0,736.42,0.5404,1
372,65002,23782,60,Self-employed,Rent,0.5717056044095942,2,5416.83,482.21,0.6607,0
344,160003,10160,24,Unemployed,Own,0.3480563174718141,2,13333.58,459.51,0.3825,0
720,185224,31069,36,Employed,Rent,0.0033729662269843,5,15435.33,973.59,0.0664,1
472,58738,34896,60,Unemployed,Rent,0.308314888114078,2,4894.83,707.57,0.4529,0
673,107609,21771,84,Self-employed,Mortgage,0.4222934177236047,2,8967.42,339.33,0.4601,1
560,34765,40165,12,Retired,Own,0.3974549444564749,5,2897.08,3493.89,1.6035,0
459,71628,31534,24,Employed,Own,0.4454538538598631,5,5969.0,1426.2,0.6844,0
630,119423,32193,36,Employed,Own,0.5763969495471265,5,9951.92,1008.81,0.6778,0
581,167267,45824,24,Unemployed,Own,0.1438874547474843,0,13938.92,2072.5,0.2926,0
740,179740,47990,120,Employed,Rent,0.4127063697431231,3,14978.33,582.25,0.4516,1
724,48396,37102,84,Unemployed,Mortgage,0.3438893975279971,4,4033.0,578.28,0.4873,0
564,50988,42085,60,Employed,Own,0.1568508106481368,3,4249.0,853.33,0.3577,0
810,197539,11014,120,Employed,Mortgage,0.0299092217128268,5,16461.58,133.63,0.038,1
324,23821,35961,12,Unemployed,Rent,0.4332398620661569,5,1985.08,3128.19,2.0091,0
830,172839,23010,60,Employed,Mortgage,0.191521766081978,3,14403.25,466.56,0.2239,1
668,79924,12199,12,Employed,Mortgage,0.404402610584214,5,6660.33,1061.17,0.5637,1
402,83091,34644,120,Retired,Own,0.4364003536254318,0,6924.25,420.33,0.4971,0
498,176134,28916,120,Retired,Rent,0.2356865608559333,2,14677.83,350.83,0.2596,0
548,51715,31333,36,Employed,Mortgage,0.1539238698772247,0,4309.58,981.86,0.3818,0
724,27190,43545,36,Unemployed,Mortgage,0.2261134821871294,1,2265.83,1364.54,0.8283,0
734,50429,40493,24,Employed,Mortgage,0.5069909653123797,5,4202.42,1831.39,0.9428,0
404,137879,9428,120,Self-employed,Rent,0.1451061271011681,5,11489.92,114.39,0.1551,0
762,173899,4730,36,Self-employed,Own,0.4513701530265642,5,14491.58,148.22,0.4616,1
684,162548,43891,36,Self-employed,Rent,0.1280503934474449,5,13545.67,1375.38,0.2296,1
577,65696,18750,24,Retired,Rent,0.5890895189524927,2,5474.67,848.01,0.744,0
619,112037,26580,84,Self-employed,Mortgage,0.3172785045898496,4,9336.42,414.28,0.3617,0
745,69134,37966,12,Employed,Mortgage,0.2145558186175706,5,5761.17,3302.6,0.7878,0
657,50378,28863,12,Retired,Mortgage,0.5644614896065037,4,4198.17,2510.75,1.1625,0
605,182948,39076,120,Self-employed,Rent,0.1603006868912502,1,15245.67,474.1,0.1914,0
672,192183,33107,60,Self-employed,Rent,0.2731415287914957,0,16015.25,671.29,0.3151,1
688,63119,36144,24,Self-employed,Mortgage,0.3443105315083298,3,5259.92,1634.7,0.6551,0
312,42727,38095,84,Unemployed,Mortgage,0.0514432791440627,1,3560.58,593.76,0.2182,0
681,94022,38702,36,Self-employed,Mortgage,0.3062415767889849,1,7835.17,1212.78,0.461,1
732,31855,11048,120,Employed,Rent,0.0137983019625042,0,2654.58,134.04,0.0643,0
613,167101,4020,84,Self-employed,Mortgage,0.3142290458583683,3,13925.08,62.66,0.3187,0
783,155161,44077,36,Self-employed,Mortgage,0.2118368397757106,0,12930.08,1381.21,0.3187,1
415,120970,38748,12,Self-employed,Rent,0.5198991890911457,3,10080.83,3370.63,0.8543,0
662,99886,46469,120,Unemployed,Rent,0.259931020478754,5,8323.83,563.8,0.3277,1
449,198751,30082,12,Employed,Rent,0.3653226909801553,1,16562.58,2616.79,0.5233,0
784,79768,26759,120,Retired,Mortgage,0.2473668323070945,2,6647.33,324.66,0.2962,1
698,61761,30204,120,Employed,Mortgage,0.19493912414639,0,5146.75,366.46,0.2661,1
747,168392,34195,24,Retired,Rent,0.3638038550158091,5,14032.67,1546.55,0.474,1
830,150528,21021,120,Employed,Own,0.5436044239586666,4,12544.0,255.04,0.5639,1
742,28021,17232,84,Self-employed,Rent,0.4063638020346787,5,2335.08,268.58,0.5214,0
843,53744,26463,12,Self-employed,Rent,0.4318400106168893,3,4478.67,2301.97,0.9458,0
729,192426,2545,36,Employed,Own,0.1626831059751446,4,16035.5,79.75,0.1677,1
406,190950,15974,120,Self-employed,Own,0.3466693244742633,1,15912.5,193.81,0.3588,0
368,77608,33035,60,Unemployed,Rent,0.3991967750282718,3,6467.33,669.83,0.5028,0
575,88651,2591,60,Retired,Rent,0.3560829466302261,2,7387.58,52.54,0.3632,0
847,49950,15943,12,Unemployed,Rent,0.1138304287975509,4,4162.5,1386.86,0.447,0
649,198124,33095,12,Unemployed,Mortgage,0.4542238953362819,0,16510.33,2878.88,0.6286,0
423,191492,21822,36,Self-employed,Mortgage,0.2252324912319879,0,15957.67,683.82,0.2681,0
722,92595,30510,60,Employed,Own,0.4320540470667868,3,7716.25,618.63,0.5122,1
709,68540,25955,36,Retired,Rent,0.4137820229648389,3,5711.67,813.34,0.5562,1
751,184495,49671,120,Unemployed,Rent,0.0560597790156853,2,15374.58,602.65,0.0953,1
544,75312,6312,84,Employed,Own,0.2345111044497053,5,6276.0,98.38,0.2502,0
540,176703,49601,24,Employed,Rent,0.5273529396761983,3,14725.25,2243.32,0.6797,0
754,129129,42234,84,Employed,Own,0.0889341524593612,5,10760.75,658.27,0.1501,1
815,100088,4035,12,Employed,Own,0.319464843200213,0,8340.67,351.0,0.3615,1
659,132367,14053,84,Employed,Mortgage,0.0168181006560793,5,11030.58,219.03,0.0367,1
819,56606,37764,12,Self-employed,Own,0.1594210979723165,5,4717.17,3285.03,0.8558,0
610,135869,32671,60,Employed,Own,0.4766501642451118,0,11322.42,662.45,0.5352,0
572,71882,5270,84,Employed,Mortgage,0.1098439688564782,1,5990.17,82.14,0.1236,0
500,31851,15747,60,Employed,Mortgage,0.0694981389739795,3,2654.25,319.29,0.1898,0
447,56056,1302,36,Unemployed,Rent,0.4992956421093264,1,4671.33,40.8,0.508,0
818,88612,17824,24,Retired,Mortgage,0.0743614952353768,1,7384.33,806.13,0.1835,1
311,33352,43674,60,Unemployed,Rent,0.4554342175356393,2,2779.33,885.55,0.7741,0
309,156689,42838,24,Retired,Rent,0.5891148062147203,1,13057.42,1937.45,0.7375,0
587,73394,5258,60,Employed,Rent,0.1589267909885387,0,6116.17,106.61,0.1764,0
622,174807,48761,60,Retired,Own,0.3748944385668839,1,14567.25,988.7,0.4428,0
360,67180,48141,120,Unemployed,Rent,0.3469274220819076,3,5598.33,584.08,0.4513,0
403,145405,20915,84,Retired,Own,0.0141109470410034,4,12117.08,325.99,0.041,0
743,160806,27402,84,Self-employed,Own,0.0007319237992121,4,13400.5,427.09,0.0326,1
692,106213,28865,84,Employed,Mortgage,0.5978803079853447,5,8851.08,449.9,0.6487,0
624,41761,14021,60,Employed,Rent,0.3808925730861948,4,3480.08,284.3,0.4626,0
686,189353,26702,36,Retired,Rent,0.0434441832246095,4,15779.42,836.74,0.0965,1
380,102360,36665,60,Employed,Rent,0.3083121186823798,2,8530.0,743.43,0.3955,0
393,153564,12857,84,Employed,Own,0.5406625295089328,5,12797.0,200.39,0.5563,0
687,97282,35168,120,Employed,Own,0.5683215754133703,1,8106.83,426.68,0.621,0
320,70467,20919,84,Employed,Own,0.071628736024227,4,5872.25,326.05,0.1272,0
414,197506,47561,120,Employed,Rent,0.3459127288266232,4,16458.83,577.05,0.381,0
596,27940,5332,36,Employed,Own,0.3899753438836206,3,2328.33,167.09,0.4617,0
587,48670,17315,12,Unemployed,Mortgage,0.5558218150420904,0,4055.83,1506.2,0.9272,0
840,96416,6021,120,Self-employed,Mortgage,0.5653482734195551,0,8034.67,73.05,0.5744,1
620,80475,5761,120,Employed,Own,0.1945113514470151,4,6706.25,69.9,0.2049,0
581,53470,21951,60,Self-employed,Mortgage,0.3754921743067142,1,4455.83,445.09,0.4754,0
338,111493,13668,60,Retired,Mortgage,0.0536262131621196,2,9291.08,277.14,0.0835,0
470,46824,32464,24,Unemployed,Rent,0.0484406048777104,1,3902.0,1468.26,0.4247,0
380,26928,44210,120,Retired,Rent,0.0985754122572402,1,2244.0,536.39,0.3376,0
655,43862,21324,120,Employed,Own,0.4633694259208369,0,3655.17,258.72,0.5342,0
733,63054,10746,12,Employed,Own,0.4681517398960621,4,5254.5,934.78,0.6461,0
758,27156,45578,12,Self-employed,Own,0.2224648446479735,4,2263.0,3964.76,1.9745,0
356,127238,16219,60,Employed,Mortgage,0.5712940032164563,3,10603.17,328.86,0.6023,0
840,104667,22929,120,Retired,Own,0.5458999797218812,2,8722.25,278.19,0.5778,1
359,32217,11190,36,Employed,Rent,0.0415279908697709,4,2684.75,350.65,0.1721,0
333,190562,41207,36,Retired,Mortgage,0.3522438897048723,0,15880.17,1291.28,0.4336,0
315,62985,22185,12,Employed,Rent,0.1977150937241957,4,5248.75,1929.84,0.5654,0
460,32515,8332,12,Employed,Mortgage,0.456211914435399,2,2709.58,724.79,0.7237,0
829,32923,46970,12,Employed,Own,0.0645329477762145,3,2743.58,4085.85,1.5538,0
539,169725,35065,84,Employed,Mortgage,0.1336479077344869,1,14143.75,546.53,0.1723,0
487,83973,24312,84,Unemployed,Mortgage,0.2149448556702829,2,6997.75,378.93,0.2691,0
421,98080,15247,12,Employed,Own,0.4725067199021849,4,8173.33,1326.31,0.6348,0
734,109023,13405,60,Employed,Mortgage,0.4582343274433727,4,9085.25,271.81,0.4882,1
647,134134,1461,12,Self-employed,Mortgage,0.5362649757053247,2,11177.83,127.09,0.5476,0
455,114875,8106,60,Employed,Own,0.0927309485530323,0,9572.92,164.36,0.1099,0
337,31892,3051,120,Employed,Own,0.4852679228207954,3,2657.67,37.02,0.4992,0
580,112764,44437,24,Employed,Rent,0.560659160042653,0,9397.0,2009.77,0.7745,0
357,122629,48660,24,Self-employed,Own,0.164742751853924,2,10219.08,2200.76,0.3801,0
713,79562,2079,12,Employed,Mortgage,0.4297946827302265,1,6630.17,180.85,0.4571,1
315,179732,43101,60,Employed,Rent,0.3373345551475815,3,14977.67,873.93,0.3957,0
635,117375,17863,12,Employed,Own,0.0717123793828523,2,9781.25,1553.87,0.2306,0
591,132538,45905,36,Employed,Own,0.1834378309869556,1,11044.83,1438.5,0.3137,0
722,168368,30411,60,Employed,Rent,0.1323665053567403,0,14030.67,616.63,0.1763,1
342,192752,4888,60,Retired,Mortgage,0.3364594688157369,2,16062.67,99.11,0.3426,0
756,86463,10592,60,Unemployed,Own,0.0358654675784251,2,7205.25,214.77,0.0657,1
811,46693,20394,36,Employed,Own,0.1404791355925349,2,3891.08,639.07,0.3047,0
525,109675,2690,84,Self-employed,Mortgage,0.0679001138400273,5,9139.58,41.93,0.0725,0
385,29095,19565,120,Employed,Own,0.5734675714715727,2,2424.58,237.38,0.6714,0
520,75315,19149,24,Employed,Rent,0.2328149396536395,3,6276.25,866.06,0.3708,0
425,52546,37245,24,Employed,Rent,0.5397591973442296,0,4378.83,1684.49,0.9244,0
599,139833,44020,120,Employed,Mortgage,0.0235389794125389,0,11652.75,534.08,0.0694,0
375,78993,22730,84,Employed,Rent,0.0318356039961368,0,6582.75,354.27,0.0857,0
430,41511,16778,12,Employed,Own,0.3385139289442294,5,3459.25,1459.49,0.7604,0
752,93156,37968,36,Employed,Rent,0.0680996615390438,0,7763.0,1189.78,0.2214,1
511,181068,27910,60,Employed,Mortgage,0.0918239636547973,4,15089.0,565.91,0.1293,0
502,160970,16592,84,Employed,Rent,0.1966415389426784,1,13414.17,258.61,0.2159,0
700,49428,10219,36,Self-employed,Rent,0.0239720827367838,2,4119.0,320.23,0.1017,0
415,149926,41606,60,Unemployed,Rent,0.2318296225796821,2,12493.83,843.62,0.2994,0
305,20450,45366,120,Self-employed,Own,0.5492982482472193,0,1704.17,550.41,0.8723,0
815,78810,3649,84,Employed,Rent,0.5939104157603224,3,6567.5,56.87,0.6026,0
753,143533,37087,24,Self-employed,Mortgage,0.1114216618834842,2,11961.08,1677.34,0.2517,1
771,52140,5809,36,Retired,Own,0.3101662742886205,2,4345.0,182.03,0.3521,1
580,133398,23806,120,Employed,Rent,0.0914981462111447,4,11116.5,288.83,0.1175,0
541,142153,40959,36,Employed,Mortgage,0.5871943040139653,2,11846.08,1283.51,0.6955,0
648,159657,39893,84,Employed,Mortgage,0.5301486611930484,0,13304.75,621.78,0.5769,0
413,185162,4113,36,Employed,Rent,0.0545873788167395,0,15430.17,128.89,0.0629,0
347,185571,27884,120,Employed,Mortgage,0.19219456154183,1,15464.25,338.31,0.2141,0
729,52743,6103,60,Employed,Mortgage,0.4089341907597616,1,4395.25,123.75,0.4371,1
608,79796,36619,60,Employed,Own,0.1762776235045415,4,6649.67,742.5,0.2879,0
300,60702,30939,12,Employed,Own,0.4372701040971932,0,5058.5,2691.34,0.9693,0
727,165228,4820,120,Self-employed,Own,0.0062070959971105,1,13769.0,58.48,0.0105,1
633,118129,6699,84,Unemployed,Own,0.215546761206938,1,9844.08,104.41,0.2262,0
682,20562,10982,120,Employed,Own,0.2352100247395056,0,1713.5,133.24,0.313,0
634,40479,11463,84,Employed,Rent,0.3052409503983748,2,3373.25,178.66,0.3582,0
712,72958,8741,36,Self-employed,Mortgage,0.1271146715806788,3,6079.83,273.91,0.1722,1
316,103224,1050,12,Unemployed,Own,0.0488557815207728,5,8602.0,91.34,0.0595,0
805,169855,27909,12,Employed,Rent,0.2324418716213723,1,14154.58,2427.76,0.404,1
437,25317,1481,60,Retired,Own,0.3537894434975921,5,2109.75,30.03,0.368,0
830,88145,44952,120,Employed,Own,0.1782693513613052,3,7345.42,545.39,0.2525,1
737,100187,21156,36,Self-employed,Mortgage,0.5567857798065694,2,8348.92,662.95,0.6362,0
688,68518,17623,36,Employed,Rent,0.4032194618541812,1,5709.83,552.24,0.4999,1
641,94817,46087,36,Employed,Mortgage,0.0362136144307968,4,7901.42,1444.2,0.219,0
843,196138,26408,60,Employed,Mortgage,0.0632206349077749,0,16344.83,535.46,0.096,1
641,165184,18442,12,Employed,Mortgage,0.0843284880537836,2,13765.33,1604.24,0.2009,0
529,161708,16217,12,Employed,Own,0.3127752087076195,4,13475.67,1410.69,0.4175,0
741,147297,4120,84,Employed,Rent,0.164489976035724,2,12274.75,64.22,0.1697,1
758,106473,15436,84,Self-employed,Rent,0.550157163629429,4,8872.75,240.59,0.5773,1
790,42424,31325,12,Retired,Rent,0.0964155279536038,1,3535.33,2724.91,0.8672,0
457,93706,22280,24,Employed,Mortgage,0.2208373008525027,1,7808.83,1007.66,0.3499,0
560,125497,15095,120,Employed,Own,0.4706896695353761,2,10458.08,183.14,0.4882,0
731,96937,31389,36,Employed,Rent,0.2929742360669954,4,8078.08,983.62,0.4147,1
504,165890,33967,60,Employed,Mortgage,0.2044074452531729,1,13824.17,688.73,0.2542,0
721,127442,12895,24,Employed,Own,0.4121809325866615,0,10620.17,583.21,0.4671,1
483,48873,1126,24,Self-employed,Mortgage,0.3895080412753179,3,4072.75,50.93,0.402,0
707,107711,36632,120,Unemployed,Rent,0.418739708076414,0,8975.92,444.45,0.4683,1
558,112722,14922,24,Employed,Rent,0.4673184247425948,4,9393.5,674.88,0.5392,0
531,34352,40856,84,Employed,Mortgage,0.1443463663461435,4,2862.67,636.79,0.3668,0
777,121459,22608,120,Retired,Rent,0.4852928720419854,0,10121.58,274.3,0.5124,1
646,53996,5098,12,Employed,Own,0.5333078212372216,0,4499.67,443.47,0.6319,0
378,57507,36091,36,Employed,Own,0.0509764482053451,2,4792.25,1130.96,0.287,0
568,182877,25360,12,Employed,Rent,0.15013459817649,2,15239.75,2206.03,0.2949,0
687,128429,20960,12,Employed,Own,0.3602807671790922,1,10702.42,1823.28,0.5306,1
763,122625,1727,60,Employed,Rent,0.5965902924660141,5,10218.75,35.02,0.6,1
740,172353,36370,36,Self-employed,Mortgage,0.4772164797419244,0,14362.75,1139.7,0.5566,1
754,23260,21424,36,Self-employed,Rent,0.2205862714886363,3,1938.33,671.35,0.5669,0
554,197239,33374,12,Self-employed,Own,0.2164388013834678,0,16436.58,2903.15,0.3931,0
695,162740,25106,12,Retired,Own,0.4102509336851406,3,13561.67,2183.93,0.5713,1
511,60371,38858,84,Unemployed,Own,0.0174735038903338,3,5030.92,605.65,0.1379,0
525,32397,9268,84,Employed,Rent,0.0809530119468517,1,2699.75,144.45,0.1345,0
622,126054,27751,12,Unemployed,Mortgage,0.3173165918050315,3,10504.5,2414.02,0.5471,0
626,127010,39807,120,Retired,Rent,0.0981078057569747,5,10584.17,482.97,0.1437,0
823,80618,4775,60,Employed,Own,0.4522583335334943,0,6718.17,96.82,0.4667,1
484,69169,47574,60,Employed,Mortgage,0.0804127875180653,1,5764.08,964.63,0.2478,0
561,74605,11622,120,Employed,Rent,0.0360758379589974,5,6217.08,141.01,0.0588,0
672,87310,29238,120,Self-employed,Own,0.2352779762437431,5,7275.83,354.74,0.284,1
457,180956,29140,24,Employed,Rent,0.526946281268242,0,15079.67,1317.92,0.6143,0
725,95853,21680,36,Employed,Rent,0.5817462612280444,5,7987.75,679.37,0.6668,0
697,47560,14861,60,Employed,Rent,0.4111215202431704,2,3963.33,301.33,0.4872,0
683,126392,22439,120,Self-employed,Rent,0.5566336645974876,5,10532.67,272.25,0.5825,1
305,121696,28569,12,Employed,Mortgage,0.0177513979559708,0,10141.33,2485.17,0.2628,0
731,147245,21363,24,Self-employed,Own,0.1444687140731633,1,12270.42,966.19,0.2232,1
653,57791,16124,120,Employed,Mortgage,0.2250919626026243,0,4815.92,195.63,0.2657,1
585,120944,35774,60,Unemployed,Rent,0.54594811943292,5,10078.67,725.37,0.6179,0
847,85838,49961,84,Self-employed,Rent,0.2059682154762272,0,7153.17,778.7,0.3148,1
648,104870,15397,24,Employed,Rent,0.1399133943654229,1,8739.17,696.36,0.2196,0
649,45469,42459,60,Retired,Mortgage,0.1547997537420566,1,3789.08,860.92,0.382,0
682,119377,5488,84,Retired,Mortgage,0.1655568525536829,5,9948.08,85.54,0.1742,1
573,84123,22199,12,Employed,Own,0.0027538712493308,4,7010.25,1931.06,0.2782,0
658,105072,36515,60,Employed,Rent,0.0431035430482463,5,8756.0,740.39,0.1277,1
587,158440,44169,60,Self-employed,Rent,0.0332751077223917,0,13203.33,895.59,0.1011,0
447,20424,35200,24,Employed,Mortgage,0.3332351600898361,5,1702.0,1592.0,1.2686,0
798,163785,25737,12,Self-employed,Own,0.1686100662333989,0,13648.75,2238.82,0.3326,1
651,151838,48476,120,Employed,Rent,0.4568553049853182,0,12653.17,588.15,0.5033,1
604,195624,16278,12,Employed,Rent,0.2106926087548113,4,16302.0,1416.0,0.2976,0
749,143657,28202,24,Self-employed,Mortgage,0.3888562897652813,4,11971.42,1275.5,0.4954,1
657,40428,37237,84,Self-employed,Own,0.2627067534857663,0,3369.0,580.38,0.435,0
366,101053,12968,120,Employed,Rent,0.0934891495950071,0,8421.08,157.34,0.1122,0
628,121514,9180,24,Employed,Mortgage,0.5530239488545003,2,10126.17,415.19,0.594,0
743,85113,47189,60,Self-employed,Rent,0.489489357817402,0,7092.75,956.82,0.6244,0
306,122379,6379,120,Employed,Mortgage,0.2005498360532492,2,10198.25,77.39,0.2081,0
484,77766,4480,36,Employed,Mortgage,0.3119930964740847,0,6480.5,140.39,0.3337,0
735,46558,12801,36,Employed,Own,0.4766716729999112,5,3879.83,401.14,0.5801,0
444,21132,46899,60,Employed,Mortgage,0.4264365185913564,5,1761.0,950.94,0.9664,0
768,157883,39236,120,Employed,Rent,0.4552577421165187,4,13156.92,476.04,0.4914,1
567,125725,20138,12,Employed,Rent,0.4672390878077028,2,10477.08,1751.77,0.6344,0
672,97848,44717,36,Employed,Mortgage,0.5672693784837999,2,8154.0,1401.27,0.7391,0
551,76451,10726,120,Employed,Mortgage,0.0662355983367427,5,6370.92,130.14,0.0867,0
338,177853,26514,84,Self-employed,Mortgage,0.4393441724957225,0,14821.08,413.25,0.4672,0
411,163911,25725,36,Self-employed,Mortgage,0.3202371206587227,3,13659.25,806.13,0.3793,0
558,95734,42450,12,Employed,Mortgage,0.5318871011991533,1,7977.83,3692.66,0.9948,0
652,174051,43640,84,Employed,Mortgage,0.2034962769526515,5,14504.25,680.18,0.2504,1
712,100967,46443,24,Retired,Mortgage,0.0791229851795124,0,8413.92,2100.49,0.3288,1
520,168439,48556,120,Employed,Rent,0.3632898447448769,4,14036.58,589.12,0.4053,0
525,120757,44606,12,Employed,Rent,0.1385545841139966,4,10063.08,3880.21,0.5241,0
371,128906,40502,120,Employed,Rent,0.1793940620031828,3,10742.17,491.4,0.2251,0
455,78525,24181,36,Employed,Own,0.0952242253990138,5,6543.75,757.74,0.211,0
737,119876,28553,36,Self-employed,Rent,0.3269544320153107,2,9989.67,894.75,0.4165,1
408,181448,4945,120,Self-employed,Own,0.5968307751744443,0,15120.67,60.0,0.6008,0
827,59410,47395,84,Retired,Own,0.4263470226677857,4,4950.83,738.71,0.5756,1
362,99732,45192,120,Employed,Mortgage,0.3236663909818911,3,8311.0,548.3,0.3896,0
454,154125,39160,84,Self-employed,Rent,0.3338391136150438,2,12843.75,610.36,0.3814,0
762,136899,5898,12,Employed,Own,0.5370571802915014,2,11408.25,513.06,0.582,1
545,197955,33698,24,Unemployed,Own,0.4072093209181283,5,16496.25,1524.07,0.4996,0
614,28675,43512,24,Unemployed,Mortgage,0.279927837228716,0,2389.58,1967.93,1.1035,0
401,193318,45156,36,Self-employed,Rent,0.5003571589308361,4,16109.83,1415.02,0.5882,0
589,171854,35017,12,Employed,Mortgage,0.1015581772459058,5,14321.17,3046.07,0.3143,0
708,87663,48699,12,Employed,Rent,0.5245062999726192,1,7305.25,4236.25,1.1044,0
554,77546,6918,120,Self-employed,Rent,0.5972813131445345,3,6462.17,83.93,0.6103,0
434,83633,28545,60,Employed,Mortgage,0.3859066567943425,5,6969.42,578.79,0.469,0
843,174594,8419,84,Employed,Mortgage,0.3521057078216026,4,14549.5,131.22,0.3611,1
656,95778,8008,60,Self-employed,Own,0.1359852729083758,4,7981.5,162.37,0.1563,1
838,121074,11292,12,Employed,Rent,0.2738672539650258,2,10089.5,982.27,0.3712,1
393,77058,25411,12,Employed,Own,0.4834233942111194,3,6421.5,2210.46,0.8277,0
500,159890,47240,12,Self-employed,Own,0.4721949002633575,2,13324.17,4109.33,0.7806,0
674,118659,29620,24,Employed,Rent,0.3096274518862731,0,9888.25,1339.63,0.4451,1
402,131643,20252,120,Employed,Own,0.1539303863724894,0,10970.25,245.71,0.1763,0
522,79837,43251,120,Employed,Rent,0.1400811456013753,5,6653.08,524.75,0.219,0
461,73081,3047,84,Self-employed,Own,0.469316416951172,4,6090.08,47.49,0.4771,0
541,47252,35945,60,Employed,Mortgage,0.5377867231959303,0,3937.67,728.83,0.7229,0
418,30476,30826,36,Employed,Rent,0.5014360737617384,3,2539.67,965.97,0.8818,0
316,45806,12751,12,Self-employed,Rent,0.1490177177571101,0,3817.17,1109.19,0.4396,0
702,184211,5951,60,Employed,Rent,0.3233707427917679,3,15350.92,120.66,0.3312,1
311,184210,25593,24,Employed,Own,0.2399392528868819,1,15350.83,1157.5,0.3153,0
460,93936,20193,12,Employed,Rent,0.0149308652254691,0,7828.0,1756.56,0.2393,0
751,146275,46594,120,Retired,Rent,0.1040298550016404,3,12189.58,565.31,0.1504,1
765,41765,14424,36,Employed,Rent,0.1113839414867081,4,3480.42,452.0,0.2413,0
437,43232,5529,24,Self-employed,Rent,0.1962960808442032,3,3602.67,250.06,0.2657,0
711,59719,22063,36,Unemployed,Rent,0.362028229945866,2,4976.58,691.37,0.501,1
380,189465,14479,12,Employed,Mortgage,0.5015801044855531,0,15788.75,1259.51,0.5814,0
319,138309,23038,12,Employed,Rent,0.0642971469256127,2,11525.75,2004.04,0.2382,0
768,184240,3933,12,Unemployed,Mortgage,0.302317803030309,3,15353.33,342.13,0.3246,1
578,68549,13317,36,Retired,Mortgage,0.552569080163691,5,5712.42,417.31,0.6256,0
696,74074,47155,24,Employed,Own,0.5588109270074811,1,6172.83,2132.69,0.9043,0
737,75552,2845,12,Employed,Own,0.468737099146896,2,6296.0,247.48,0.508,1
309,47614,8571,60,Employed,Mortgage,0.1135470795788532,0,3967.83,173.79,0.1573,0
327,143040,40750,120,Employed,Rent,0.5583377327624944,5,11920.0,494.41,0.5998,0
320,183182,28035,24,Employed,Mortgage,0.4159689080866558,5,15265.17,1267.95,0.499,0
672,175506,29579,120,Retired,Rent,0.3342836949764885,2,14625.5,358.87,0.3588,1
701,105974,29689,36,Employed,Own,0.1212235440343145,3,8831.17,930.35,0.2266,1
615,48308,15467,84,Unemployed,Own,0.4469479307015118,2,4025.67,241.07,0.5068,0
421,144518,14368,84,Retired,Own,0.2741044679343324,0,12043.17,223.94,0.2927,0
642,180615,4265,12,Employed,Mortgage,0.3431729498790978,0,15051.25,371.01,0.3678,0
625,154887,29511,36,Unemployed,Rent,0.0076071269050509,0,12907.25,924.77,0.0793,0
336,195729,18598,36,Employed,Mortgage,0.5396275572277506,2,16310.75,582.79,0.5754,0
410,116827,46198,12,Employed,Own,0.5725956291108045,5,9735.58,4018.69,0.9854,0
403,104519,36758,84,Self-employed,Own,0.4890365399152437,3,8709.92,572.92,0.5548,0
665,54696,42534,60,Self-employed,Rent,0.3328218070457261,5,4558.0,862.44,0.522,1
349,48509,44137,12,Employed,Rent,0.0401284686816345,4,4042.42,3839.41,0.9899,0
628,54399,25763,60,Employed,Own,0.0568184440704616,4,4533.25,522.38,0.1721,0
326,51062,18384,60,Unemployed,Mortgage,0.4167904453990367,3,4255.17,372.76,0.5044,0
415,172288,31959,36,Employed,Own,0.2356855954670484,2,14357.33,1001.48,0.3054,0
385,80626,16345,12,Employed,Rent,0.5440104993330184,1,6718.83,1421.83,0.7556,0
804,143196,5804,36,Employed,Own,0.4165779677531547,2,11933.0,181.88,0.4318,1
733,171288,46753,120,Retired,Mortgage,0.534915536030991,1,14274.0,567.24,0.5747,1
446,64266,21726,84,Employed,Mortgage,0.1160227400238535,2,5355.5,338.63,0.1793,0
497,27509,32031,24,Retired,Own,0.1276257309747074,5,2292.42,1448.68,0.7596,0
571,198773,3385,120,Employed,Rent,0.2629845740233946,2,16564.42,41.07,0.2655,0
794,74166,7880,24,Self-employed,Rent,0.5588216774887913,1,6180.5,356.39,0.6165,0
338,154242,14107,60,Employed,Own,0.2814444387254816,5,12853.5,286.04,0.3037,0
419,23722,44815,60,Employed,Rent,0.1758530622986606,4,1976.83,908.69,0.6355,0
328,179995,17561,12,Retired,Own,0.4288215381045768,0,14999.58,1527.6,0.5307,0
449,63764,29100,24,Employed,Mortgage,0.58010568905147,3,5313.67,1316.11,0.8278,0
675,70491,35772,24,Unemployed,Rent,0.160522242433819,4,5874.25,1617.87,0.4359,1
417,89229,33095,60,Self-employed,Own,0.1887319663983923,0,7435.75,671.05,0.279,0
809,178630,40911,60,Employed,Mortgage,0.1809283964954603,3,14885.83,829.53,0.2367,1
550,164173,28310,84,Retired,Rent,0.1353684050735625,4,13681.08,441.25,0.1676,0
424,69104,35785,36,Employed,Own,0.2398985903683388,4,5758.67,1121.37,0.4346,0
336,63974,31293,120,Unemployed,Own,0.2859925336076738,0,5331.17,379.67,0.3572,0
740,189175,39503,24,Employed,Rent,0.1265887298795986,3,15764.58,1786.61,0.2399,1
788,83007,31297,84,Employed,Mortgage,0.1634426636024612,0,6917.25,487.8,0.234,1
692,148929,12405,84,Employed,Mortgage,0.1266932385507583,2,12410.75,193.35,0.1423,1
803,100443,49288,60,Self-employed,Own,0.5413514508705272,4,8370.25,999.38,0.6607,0
457,150779,12782,12,Self-employed,Rent,0.41538770454666,0,12564.92,1111.89,0.5039,0
488,29949,34611,24,Employed,Rent,0.1415455434729969,5,2495.75,1565.36,0.7688,0
326,193028,33084,120,Retired,Mortgage,0.1200333293406664,5,16085.67,401.4,0.145,0
415,59406,30152,36,Self-employed,Mortgage,0.0917287015875663,4,4950.5,944.85,0.2826,0
574,99231,42686,120,Self-employed,Mortgage,0.4889246981738374,4,8269.25,517.9,0.5516,0
355,37814,25476,12,Employed,Mortgage,0.5109147211017684,4,3151.17,2216.12,1.2142,0
423,159525,47821,12,Employed,Own,0.1951861290135383,5,13293.75,4159.87,0.5081,0
703,102526,11427,84,Self-employed,Own,0.575696125494179,0,8543.83,178.1,0.5965,1
729,126765,43022,60,Self-employed,Rent,0.3299288104385178,4,10563.75,872.33,0.4125,1
795,129819,16523,120,Employed,Mortgage,0.4991488555090841,3,10818.25,200.47,0.5177,1
569,93543,31333,24,Employed,Rent,0.5304382070300293,5,7795.25,1417.11,0.7122,0
369,21726,40885,24,Unemployed,Mortgage,0.4467556913107628,4,1810.5,1849.12,1.4681,0
557,38876,31021,120,Employed,Mortgage,0.4602538055636795,1,3239.67,376.37,0.5764,0
422,87552,16944,24,Employed,Rent,0.1612113698162681,4,7296.0,766.33,0.2662,0
834,107387,42199,120,Employed,Own,0.3776816076557857,1,8948.92,511.99,0.4349,1
662,128830,9186,60,Employed,Rent,0.2996534543893592,3,10735.83,186.26,0.317,1
563,140049,21848,60,Self-employed,Rent,0.1134201506777359,0,11670.75,443.0,0.1514,0
653,121733,17797,60,Employed,Own,0.3210015705476928,3,10144.42,360.86,0.3566,1
450,23594,36590,60,Employed,Own,0.0255762390031149,1,1966.17,741.91,0.4029,0
794,36229,27393,36,Employed,Mortgage,0.0132040995119656,2,3019.08,858.4,0.2975,0
528,98524,1479,60,Self-employed,Mortgage,0.0387251348914998,1,8210.33,29.99,0.0424,0
718,164398,38945,84,Retired,Own,0.4229300876226803,4,13699.83,607.01,0.4672,1
500,174422,3419,36,Employed,Own,0.0288882664127072,5,14535.17,107.14,0.0363,0
844,67932,18764,24,Unemployed,Mortgage,0.1449635025153623,2,5661.0,848.64,0.2949,1
766,78160,44520,120,Self-employed,Own,0.1266251214427193,2,6513.33,540.15,0.2096,1
444,57464,47017,24,Self-employed,Rent,0.4428083519235529,2,4788.67,2126.45,0.8869,0
649,58845,10612,24,Employed,Rent,0.435081681102323,4,4903.75,479.95,0.533,0
736,70991,25823,24,Retired,Own,0.5054025688788357,0,5915.92,1167.9,0.7028,0
538,33439,19592,84,Self-employed,Rent,0.4181201252473587,3,2786.58,305.37,0.5277,0
356,103331,44221,84,Employed,Rent,0.3496989859837431,3,8610.92,689.24,0.4297,0
678,124497,42259,24,Employed,Rent,0.1423527942611975,0,10374.75,1911.26,0.3266,1
342,71095,14229,24,Self-employed,Own,0.0336465943366623,0,5924.58,643.54,0.1423,0
377,163464,47156,84,Self-employed,Rent,0.4153050245041453,3,13622.0,734.98,0.4693,0
617,25770,16228,24,Employed,Own,0.4067259368293637,4,2147.5,733.95,0.7485,0
408,188004,16659,36,Employed,Mortgage,0.3732683560648734,0,15667.0,522.03,0.4066,0
534,37935,46227,24,Employed,Mortgage,0.270094546286355,2,3161.25,2090.72,0.9315,0
459,192458,15061,120,Unemployed,Own,0.4042465283489673,2,16038.17,182.73,0.4156,0
414,134282,37011,60,Employed,Rent,0.1146027652370698,5,11190.17,750.45,0.1817,0
711,74205,18018,24,Employed,Mortgage,0.0298432325341564,3,6183.75,814.91,0.1616,1
714,179176,29286,120,Unemployed,Mortgage,0.3175634651099928,1,14931.33,355.32,0.3414,1
755,67098,26365,120,Unemployed,Own,0.1517633012774798,2,5591.5,319.88,0.209,1
845,76400,47494,12,Employed,Mortgage,0.4421839032010102,0,6366.67,4131.43,1.0911,0
412,165607,9142,60,Employed,Own,0.2909609985291208,3,13800.58,185.37,0.3044,0
698,42572,1817,12,Self-employed,Own,0.2666365865084394,4,3547.67,158.06,0.3112,0
349,145353,27750,36,Employed,Mortgage,0.4792565422762591,4,12112.75,869.58,0.551,0
536,163683,4390,84,Employed,Mortgage,0.08349957178623,0,13640.25,68.42,0.0885,0
320,34115,12956,120,Employed,Rent,0.332969923978281,5,2842.92,157.19,0.3883,0
820,111350,11745,36,Employed,Rent,0.5945894946056123,1,9279.17,368.05,0.6343,0
495,42354,8004,24,Unemployed,Own,0.0129349887020974,1,3529.5,362.0,0.1155,0
835,88822,27149,12,Retired,Mortgage,0.0116150615840802,4,7401.83,2361.65,0.3307,1
550,58706,2511,60,Retired,Own,0.2351648621583793,0,4892.17,50.91,0.2456,0
825,30071,10354,60,Self-employed,Own,0.1271707701953235,3,2505.92,209.94,0.2109,0
596,90717,38917,12,Unemployed,Own,0.1071137349779466,1,7559.75,3385.33,0.5549,0
800,127764,39577,84,Retired,Rent,0.4619707755645073,5,10647.0,616.86,0.5199,1
339,167201,26371,120,Employed,Rent,0.3430061932247885,3,13933.42,319.95,0.366,0
646,59433,36272,36,Employed,Own,0.3672447163543366,5,4952.75,1136.63,0.5967,0
381,78072,2807,120,Employed,Own,0.2085299920786493,2,6506.0,34.06,0.2138,0
631,37388,15538,120,Retired,Mortgage,0.1044179168251847,3,3115.67,188.52,0.1649,0
735,112492,24908,120,Retired,Rent,0.03014003557598,4,9374.33,302.2,0.0624,1
734,61030,3140,24,Employed,Rent,0.4681308954911323,3,5085.83,142.01,0.4961,1
647,174358,21764,84,Self-employed,Own,0.4056067345806934,5,14529.83,339.22,0.429,0
614,71023,6729,12,Employed,Rent,0.3140323561987606,3,5918.58,585.35,0.4129,0
759,176765,23609,24,Unemployed,Own,0.0224858952163775,0,14730.42,1067.77,0.095,1
712,95967,34589,24,Employed,Rent,0.1803067308021399,3,7997.25,1564.37,0.3759,1
569,58548,14993,60,Self-employed,Rent,0.2386885284592097,0,4879.0,304.0,0.301,0
309,34725,42078,24,Unemployed,Rent,0.3087640899176921,1,2893.75,1903.07,0.9664,0
738,171258,7290,120,Employed,Own,0.1007889043424371,5,14271.5,88.45,0.107,1
463,29473,5891,120,Employed,Mortgage,0.0913561686693507,0,2456.08,71.47,0.1205,0
737,91272,37840,84,Employed,Rent,0.3755403322524822,4,7606.0,589.78,0.4531,1
470,199427,27772,120,Employed,Own,0.3742437245287076,3,16618.92,336.95,0.3945,0
686,54471,43129,120,Employed,Own,0.3839218477323146,3,4539.25,523.27,0.4992,1
762,197685,40421,12,Employed,Rent,0.306627286554395,3,16473.75,3516.16,0.5201,1
325,183678,34723,84,Retired,Rent,0.5677594434400606,3,15306.5,541.2,0.6031,0
749,169216,20931,36,Employed,Rent,0.0918536971196042,3,14101.33,655.9,0.1384,1
509,32098,43416,36,Self-employed,Mortgage,0.5636765683527447,2,2674.83,1360.5,1.0723,0
368,153810,25304,24,Employed,Mortgage,0.3252279523903454,4,12817.5,1144.43,0.4145,0
604,49048,13395,36,Self-employed,Rent,0.5742780018525449,5,4087.33,419.75,0.677,0
715,29884,39792,84,Employed,Mortgage,0.423430277752635,2,2490.33,620.21,0.6725,0
509,174195,26366,84,Employed,Mortgage,0.154057841098314,5,14516.25,410.95,0.1824,0
822,147618,33907,24,Employed,Own,0.571773934913005,2,12301.5,1533.52,0.6964,0
780,136582,27946,24,Self-employed,Own,0.5528596332318101,4,11381.83,1263.92,0.6639,0
411,81489,47627,36,Unemployed,Mortgage,0.4052812010570761,5,6790.75,1492.46,0.6251,0
579,102832,11271,36,Employed,Mortgage,0.4712225758235124,0,8569.33,353.19,0.5124,0
575,112368,12656,36,Unemployed,Rent,0.2054977802596828,1,9364.0,396.59,0.2479,0
744,126973,19507,60,Employed,Rent,0.3203268080693116,3,10581.08,395.53,0.3577,1
773,172462,10417,12,Employed,Own,0.4639681121295811,0,14371.83,906.16,0.527,1
312,187831,16312,12,Employed,Rent,0.357529140091521,1,15652.58,1418.96,0.4482,0
520,105038,25377,120,Self-employed,Own,0.0630766904858664,0,8753.17,307.89,0.0983,0
522,53749,22719,120,Employed,Rent,0.3655018505453091,5,4479.08,275.64,0.427,0
459,179118,43564,120,Employed,Mortgage,0.0391604002743434,0,14926.5,528.55,0.0746,0
449,94367,29644,12,Self-employed,Rent,0.3474473705822153,4,7863.92,2578.68,0.6754,0
324,80320,8682,24,Employed,Mortgage,0.1510783876857465,0,6693.33,392.66,0.2097,0
466,110852,30812,36,Employed,Rent,0.2188531860062321,2,9237.67,965.54,0.3234,0
446,103707,14323,24,Employed,Mortgage,0.2658918008148207,3,8642.25,647.79,0.3408,0
535,95912,37376,24,Employed,Rent,0.5997016727301385,1,7992.67,1690.42,0.8112,0
603,162149,35504,24,Unemployed,Rent,0.2944682879301092,4,13512.42,1605.75,0.4133,0
468,24360,4002,60,Employed,Own,0.554874927057288,0,2030.0,81.15,0.5949,0
695,67768,33238,84,Self-employed,Mortgage,0.3442352302157821,0,5647.33,518.05,0.436,1
733,54847,45008,84,Employed,Mortgage,0.3074688691075196,2,4570.58,701.5,0.461,1
636,104679,11170,120,Employed,Own,0.1714646102623713,3,8723.25,135.52,0.187,0
311,45218,41620,84,Employed,Own,0.0854861822882836,3,3768.17,648.7,0.2576,0
655,92042,3851,12,Employed,Rent,0.2244046168689224,1,7670.17,334.99,0.2681,1
336,146412,8669,12,Unemployed,Mortgage,0.5380991610088295,0,12201.0,754.1,0.5999,0
449,192295,18450,24,Employed,Own,0.3998714156838022,4,16024.58,834.44,0.4519,0
657,185992,38344,120,Employed,Rent,0.0955541542019515,5,15499.33,465.22,0.1256,1
424,120850,42222,12,Self-employed,Own,0.0494425028814811,1,10070.83,3672.83,0.4141,0
449,154375,32316,36,Unemployed,Mortgage,0.2285241922342844,3,12864.58,1012.67,0.3072,0
515,83268,45989,120,Retired,Rent,0.3722337751279206,4,6939.0,557.97,0.4526,0
608,51295,30439,84,Retired,Own,0.1299334454752697,4,4274.58,474.43,0.2409,0
439,77464,6773,36,Retired,Rent,0.5383717370740972,5,6455.33,212.24,0.5712,0
756,177178,24882,36,Employed,Own,0.4572577825508128,4,14764.83,779.71,0.5101,1
383,92705,44048,12,Employed,Own,0.3061743136293138,0,7725.42,3831.67,0.8022,0
616,148557,12029,12,Employed,Own,0.4232642121393957,3,12379.75,1046.38,0.5078,0
609,99272,48069,60,Self-employed,Own,0.1556872989088267,2,8272.67,974.67,0.2735,0
471,168693,37924,12,Self-employed,Rent,0.3991666918327467,2,14057.75,3298.95,0.6338,0
687,36551,14808,60,Retired,Mortgage,0.351834693289709,2,3045.92,300.25,0.4504,0
761,93900,46097,12,Retired,Own,0.3280080072893663,3,7825.0,4009.91,0.8405,0
515,72714,46182,84,Self-employed,Rent,0.4749655336705956,5,6059.5,719.8,0.5938,0
520,108691,23912,36,Retired,Rent,0.5285863498394694,0,9057.58,749.32,0.6113,0
687,31047,40914,120,Employed,Mortgage,0.390732937967358,1,2587.25,496.4,0.5826,0
323,146118,36098,84,Employed,Mortgage,0.0975096001914857,5,12176.5,562.63,0.1437,0
341,92631,11031,60,Employed,Mortgage,0.3317056088766529,3,7719.25,223.67,0.3607,0
572,101410,23541,60,Employed,Own,0.2515858561480927,0,8450.83,477.33,0.3081,0
721,116250,42694,36,Unemployed,Mortgage,0.0094665675137993,3,9687.5,1337.87,0.1476,1
565,138714,29510,36,Employed,Mortgage,0.3642538770823889,1,11559.5,924.74,0.4443,0
622,186857,9604,60,Employed,Own,0.5727380248004865,3,15571.42,194.73,0.5852,0
459,190995,29666,24,Employed,Rent,0.0097293801532938,4,15916.25,1341.71,0.094,0
613,139254,7643,36,Employed,Mortgage,0.5383440348920359,0,11604.5,239.5,0.559,0
624,193380,28138,84,Employed,Rent,0.2125389262560989,3,16115.0,438.56,0.2398,0
386,76431,24474,84,Employed,Own,0.4639178413499402,4,6369.25,381.46,0.5238,0
669,28539,37035,36,Unemployed,Mortgage,0.214343866058138,3,2378.25,1160.54,0.7023,0
419,100135,11341,36,Employed,Mortgage,0.40096953600621,3,8344.58,355.39,0.4436,0
382,42851,19791,60,Employed,Mortgage,0.0698323727302902,0,3570.92,401.29,0.1822,0
600,137475,18684,120,Employed,Mortgage,0.2771836808849716,1,11456.25,226.69,0.297,0
750,142403,6451,36,Employed,Rent,0.4668261105332542,0,11866.92,202.15,0.4839,1
764,193762,30437,60,Employed,Own,0.3044904392861665,1,16146.83,617.15,0.3427,1
830,53054,14135,120,Employed,Rent,0.199853902375079,5,4421.17,171.5,0.2386,1
419,37231,25003,24,Employed,Rent,0.5297189476661328,4,3102.58,1130.82,0.8942,0
735,99745,27146,36,Retired,Rent,0.0026975825965606,5,8312.08,850.66,0.105,1
562,28035,47367,36,Employed,Own,0.0587515173746846,0,2336.25,1484.31,0.6941,0
774,64511,3508,24,Employed,Mortgage,0.5742382451712258,4,5375.92,158.66,0.6038,0
331,194008,24889,12,Employed,Mortgage,0.0291957218106727,2,16167.33,2165.06,0.1631,0
713,119773,9868,24,Employed,Mortgage,0.3318262194564171,3,9981.08,446.3,0.3765,1
404,177189,26438,60,Employed,Rent,0.0339553709104158,4,14765.75,536.07,0.0703,0
748,70050,44775,12,Retired,Rent,0.59771476451549,1,5837.5,3894.91,1.2649,0
469,146677,12169,36,Employed,Mortgage,0.3804422234979305,3,12223.08,381.33,0.4116,0
503,169362,48823,84,Employed,Own,0.0608809703033731,5,14113.5,760.97,0.1148,0
562,148796,13108,84,Employed,Own,0.5834281566076701,5,12399.67,204.3,0.5999,0
800,152306,31755,84,Self-employed,Rent,0.3019243284962667,1,12692.17,494.94,0.3409,1
525,174004,9414,36,Employed,Own,0.1467011210057892,2,14500.33,295.0,0.167,0
488,196606,32479,24,Employed,Own,0.4813060193114744,0,16383.83,1468.94,0.571,0
435,129425,26245,36,Employed,Rent,0.0639121687688153,3,10785.42,822.42,0.1402,0
463,182486,45306,84,Self-employed,Rent,0.2464148582044591,3,15207.17,706.15,0.2929,0
330,195444,10754,60,Employed,Mortgage,0.0568643052964855,0,16287.0,218.05,0.0703,0
619,184168,31149,36,Self-employed,Mortgage,0.0050417996107336,3,15347.33,976.1,0.0686,0
360,80575,48270,84,Retired,Mortgage,0.3949836642778895,4,6714.58,752.35,0.507,0
753,144531,33297,120,Employed,Rent,0.2198480815637644,2,12044.25,403.98,0.2534,1
781,169373,7212,60,Self-employed,Rent,0.1050640657606976,0,14114.42,146.23,0.1154,1
412,93022,40615,12,Unemployed,Rent,0.0819926540422002,5,7751.83,3533.04,0.5378,0
740,163466,30317,60,Retired,Rent,0.0294306880171209,5,13622.17,614.72,0.0746,1
533,109338,21765,60,Employed,Mortgage,0.5418536136154178,5,9111.5,441.32,0.5903,0
533,120570,14539,36,Unemployed,Own,0.3228617838044629,1,10047.5,455.6,0.3682,0
520,62291,49093,24,Self-employed,Mortgage,0.341016844999957,5,5190.92,2220.34,0.7688,0
692,136524,34526,84,Retired,Rent,0.188923257784706,1,11377.0,538.13,0.2362,1
773,109800,27393,12,Self-employed,Rent,0.5844417983490414,5,9150.0,2382.87,0.8449,0
436,147848,30643,60,Employed,Rent,0.1638654413197419,2,12320.67,621.33,0.2143,0
426,89615,31372,12,Self-employed,Rent,0.5424419845434665,5,7467.92,2729.0,0.9079,0
670,139739,37147,84,Employed,Rent,0.5191591854978108,1,11644.92,578.98,0.5689,1
596,159997,9465,120,Self-employed,Rent,0.3304531906150676,5,13333.08,114.84,0.3391,0
794,80978,18818,36,Employed,Mortgage,0.5810913780155424,4,6748.17,589.69,0.6685,0
606,146113,24892,24,Employed,Rent,0.5869827032312283,1,12176.08,1125.8,0.6794,0
723,26114,3781,120,Self-employed,Mortgage,0.5553640195223639,4,2176.17,45.87,0.5764,0
678,41316,1942,36,Self-employed,Rent,0.1903852494285328,4,3443.0,60.86,0.2081,0
703,99374,34471,12,Employed,Mortgage,0.4243503344507024,5,8281.17,2998.58,0.7864,0
772,146321,32922,120,Employed,Rent,0.5405436011562339,4,12193.42,399.43,0.5733,1
767,152734,16047,36,Employed,Rent,0.535695662729194,2,12727.83,502.85,0.5752,1
515,72094,14758,84,Self-employed,Mortgage,0.1557485796405198,5,6007.83,230.02,0.194,0
699,89918,27934,36,Employed,Own,0.5811886145916908,1,7493.17,875.35,0.698,0
524,101787,44462,60,Employed,Rent,0.512956038349574,4,8482.25,901.53,0.6192,0
662,84585,3477,24,Employed,Rent,0.3775269886930579,0,7048.75,157.26,0.3998,1
621,47069,25040,60,Employed,Rent,0.2816971564469915,4,3922.42,507.72,0.4111,0
510,20419,42605,120,Self-employed,Mortgage,0.5627444796853166,2,1701.58,516.92,0.8665,0
812,178374,36075,12,Self-employed,Mortgage,0.111269352104816,5,14864.5,3138.11,0.3224,1
498,37097,10330,36,Employed,Mortgage,0.0468877304799259,2,3091.42,323.7,0.1516,0
363,36604,44789,36,Employed,Rent,0.5754432545892149,5,3050.33,1403.52,1.0356,0
477,85144,9471,12,Unemployed,Rent,0.489796819374252,3,7095.33,823.87,0.6059,0
390,156180,9351,60,Self-employed,Mortgage,0.0175982197039895,3,13015.0,189.6,0.0322,0
789,141576,2271,84,Self-employed,Rent,0.1927921088030578,4,11798.0,35.4,0.1958,1
423,158725,38257,12,Employed,Mortgage,0.3107864815468035,1,13227.08,3327.92,0.5624,0
446,86172,35523,84,Employed,Mortgage,0.0378352850116961,0,7181.0,553.67,0.1149,0
647,31523,15766,24,Retired,Own,0.5335072414248699,3,2626.92,713.05,0.8049,0
737,86105,46298,12,Employed,Rent,0.2018265877947548,2,7175.42,4027.39,0.7631,0
829,61677,42002,24,Self-employed,Mortgage,0.570739368144872,4,5139.75,1899.64,0.9403,0
598,164001,1620,36,Unemployed,Rent,0.2539520088625054,5,13666.75,50.76,0.2577,0
791,53076,14308,60,Employed,Mortgage,0.2201067800784341,1,4423.0,290.11,0.2857,1
334,161295,24315,12,Employed,Mortgage,0.1484298034194227,5,13441.25,2115.12,0.3058,0
671,49639,13423,84,Self-employed,Mortgage,0.2422033057759052,2,4136.58,209.21,0.2928,0
795,143406,16327,24,Employed,Mortgage,0.3556252233853328,0,11950.5,738.43,0.4174,1
345,128485,23376,12,Employed,Own,0.5229906175013469,4,10707.08,2033.44,0.7129,0
844,21320,46538,36,Employed,Mortgage,0.289208758924545,2,1776.67,1458.33,1.11,0
823,134627,21140,60,Unemployed,Mortgage,0.2211115513196644,5,11218.92,428.64,0.2593,1
578,52232,5703,12,Employed,Rent,0.2932782860864498,3,4352.67,496.1,0.4073,0
519,160975,22286,84,Self-employed,Rent,0.4712149715285697,0,13414.58,347.35,0.4971,0
491,166500,37381,36,Retired,Rent,0.5281490296483347,1,13875.0,1171.38,0.6126,0
391,53555,46849,36,Self-employed,Rent,0.0043422539254477,5,4462.92,1468.08,0.3333,0
308,153929,1946,36,Employed,Rent,0.3966177411895598,1,12827.42,60.98,0.4014,0
547,163555,9586,84,Employed,Rent,0.5390438198441032,0,13629.58,149.41,0.55,0
336,125033,23126,12,Retired,Mortgage,0.5170132554635988,3,10419.42,2011.69,0.7101,0
458,29739,33253,120,Employed,Mortgage,0.4597374419003279,4,2478.25,403.45,0.6225,0
778,123898,2415,84,Employed,Mortgage,0.3909407622797704,3,10324.83,37.64,0.3946,1
428,29043,2550,24,Employed,Own,0.5832784610091108,3,2420.25,115.33,0.6309,0
515,178761,10133,120,Employed,Rent,0.3204764430140348,2,14896.75,122.94,0.3287,0
771,59266,20334,36,Self-employed,Own,0.0040609377874076,3,4938.83,637.19,0.1331,1
720,154371,14062,24,Employed,Own,0.347113634392148,3,12864.25,635.99,0.3966,1
406,155438,22199,12,Employed,Rent,0.4379217187678615,0,12953.17,1931.06,0.587,0
508,131010,12016,120,Employed,Mortgage,0.520851362948811,4,10917.5,145.79,0.5342,0
412,127633,36185,24,Employed,Mortgage,0.1552611092395989,4,10636.08,1636.55,0.3091,0
535,112687,33471,36,Employed,Own,0.4071238519157314,2,9390.58,1048.86,0.5188,0
817,66149,39086,60,Employed,Rent,0.2258529549415027,0,5512.42,792.52,0.3696,1
562,124559,41364,24,Employed,Mortgage,0.4543394418068274,4,10379.92,1870.78,0.6346,0
741,193256,10212,24,Employed,Own,0.2015692327385875,4,16104.67,461.86,0.2302,1
819,119935,40046,84,Employed,Mortgage,0.0569793853748617,4,9994.58,624.17,0.1194,1
659,27545,17318,24,Unemployed,Own,0.0378121256340376,2,2295.42,783.25,0.379,0
353,111382,34959,36,Unemployed,Rent,0.5975567294691855,3,9281.83,1095.49,0.7156,0
398,178871,26973,12,Retired,Mortgage,0.57598601769969,0,14905.92,2346.34,0.7334,0
371,190259,37107,36,Employed,Own,0.3630510871677835,1,15854.92,1162.8,0.4364,0
461,38855,46926,60,Employed,Mortgage,0.3842154967071893,2,3237.92,951.49,0.6781,0
351,45573,3324,120,Employed,Rent,0.2730263790588809,0,3797.75,40.33,0.2836,0
334,149396,48364,24,Employed,Own,0.3909755457148082,4,12449.67,2187.37,0.5667,0
379,54441,13041,120,Unemployed,Own,0.3068738647584226,1,4536.75,158.22,0.3417,0
656,25279,19114,12,Employed,Own,0.1620939975865949,0,2106.58,1662.7,0.9514,0
316,148843,45363,120,Employed,Mortgage,0.1695553217899218,2,12403.58,550.38,0.2139,0
838,64177,14483,84,Self-employed,Rent,0.470159638628945,4,5348.08,225.74,0.5124,1
370,177087,30978,12,Self-employed,Own,0.5332626013744246,4,14757.25,2694.73,0.7159,0
575,76604,43137,24,Employed,Mortgage,0.1487450070534149,2,6383.67,1950.97,0.4544,0
837,119249,46760,120,Employed,Mortgage,0.2073145034817556,5,9937.42,567.33,0.2644,1
513,62146,11150,24,Employed,Own,0.0393641002636322,5,5178.83,504.28,0.1367,0
383,145607,33963,84,Employed,Rent,0.4988691712098437,4,12133.92,529.35,0.5425,0
622,29077,43371,120,Self-employed,Rent,0.0615016897084423,1,2423.08,526.21,0.2787,0
343,117710,23265,36,Employed,Mortgage,0.3156836767508027,3,9809.17,729.04,0.39,0
534,162662,37999,60,Employed,Own,0.4854389758513813,1,13555.17,770.48,0.5423,0
385,165003,3823,36,Employed,Own,0.5985328066998841,4,13750.25,119.8,0.6072,0
459,167498,33715,120,Self-employed,Own,0.4815246781443984,0,13958.17,409.06,0.5108,0
695,35024,19784,84,Self-employed,Mortgage,0.1225190032710138,0,2918.67,308.36,0.2282,0
712,58254,5081,24,Self-employed,Own,0.1889672853582827,5,4854.5,229.8,0.2363,1
818,73045,10856,120,Employed,Own,0.1867662093307733,3,6087.08,131.71,0.2084,1
408,106993,29435,36,Retired,Mortgage,0.3557868019972481,0,8916.08,922.39,0.4592,0
425,102155,37264,84,Retired,Rent,0.3533828612806797,4,8512.92,580.8,0.4216,0
374,185434,11215,12,Employed,Mortgage,0.2219793397197372,4,15452.83,975.58,0.2851,0
518,180923,36518,120,Employed,Own,0.3538036133789753,3,15076.92,443.06,0.3832,0
340,63462,13021,24,Self-employed,Rent,0.2286295383792389,2,5288.5,588.9,0.34,0
777,121843,39527,84,Employed,Mortgage,0.0929738123697146,3,10153.58,616.08,0.1536,1
342,176730,25629,24,Unemployed,Rent,0.2923993526083736,2,14727.5,1159.13,0.3711,0
345,177878,21402,84,Self-employed,Rent,0.2364523864046446,1,14823.17,333.58,0.259,0
634,54378,36338,84,Employed,Mortgage,0.1215367510395657,4,4531.5,566.37,0.2465,0
433,62577,15004,84,Employed,Rent,0.5225573303988623,2,5214.75,233.86,0.5674,0
491,121284,18977,12,Employed,Mortgage,0.3070333769220366,4,10107.0,1650.78,0.4704,0
488,61200,27370,12,Self-employed,Mortgage,0.183611138254174,4,5100.0,2380.87,0.6504,0
349,97921,28890,60,Self-employed,Mortgage,0.3272953651412021,1,8160.08,585.79,0.3991,0
624,146638,27944,36,Unemployed,Rent,0.1515735956199651,4,12219.83,875.66,0.2232,0
446,186493,15598,24,Employed,Rent,0.1240095017533054,0,15541.08,705.46,0.1694,0
637,101498,26334,84,Employed,Own,0.2881599794772379,5,8458.17,410.45,0.3367,0
585,151160,41701,84,Unemployed,Rent,0.596193806244613,4,12596.67,649.96,0.6478,0
616,92442,7132,120,Employed,Mortgage,0.0886778100034398,1,7703.5,86.53,0.0999,0
689,72269,39873,120,Unemployed,Own,0.3687978303025322,3,6022.42,483.77,0.4491,1
306,193754,27701,60,Employed,Own,0.3218148210981373,0,16146.17,561.68,0.3566,0
759,131361,23448,84,Employed,Rent,0.3737972268562284,3,10946.75,365.47,0.4072,1
429,156085,30144,12,Employed,Rent,0.2492408138847105,0,13007.08,2622.18,0.4508,0
663,45194,12521,120,Employed,Rent,0.3773943972722277,3,3766.17,151.91,0.4177,0
737,57550,18805,60,Unemployed,Mortgage,0.5661921758377237,3,4795.83,381.3,0.6457,0
386,140527,18004,12,Employed,Own,0.0981656329185063,0,11710.58,1566.14,0.2319,0
337,45414,5041,84,Employed,Mortgage,0.1687155703677401,0,3784.5,78.57,0.1895,0
535,150255,34375,24,Self-employed,Own,0.1646130607902269,5,12521.25,1554.69,0.2888,0
722,64909,19148,84,Employed,Own,0.3314319415607601,3,5409.08,298.44,0.3866,1
523,57062,49933,36,Self-employed,Rent,0.3345279805194527,5,4755.17,1564.72,0.6636,0
434,60249,15939,60,Employed,Rent,0.51500453826387,3,5020.75,323.19,0.5794,0
309,41142,13002,84,Employed,Own,0.1035485423333099,2,3428.5,202.65,0.1627,0
660,152824,49680,24,Employed,Rent,0.3612486063965553,4,12735.33,2246.89,0.5377,1
694,35745,5945,84,Retired,Own,0.1799318294822899,0,2978.75,92.66,0.211,0
754,61007,11457,12,Employed,Mortgage,0.5449103553734252,3,5083.92,996.63,0.7409,0
321,140881,9111,24,Self-employed,Rent,0.1793764362284698,3,11740.08,412.07,0.2145,0
419,61415,38144,12,Employed,Own,0.0216030931332161,5,5117.92,3318.09,0.6699,0
539,43509,1901,24,Self-employed,Rent,0.5057336324752992,4,3625.75,85.98,0.5294,0
321,46340,14677,84,Self-employed,Mortgage,0.1531564347659353,2,3861.67,228.76,0.2124,0
639,167782,4700,84,Employed,Rent,0.4335596334799879,4,13981.83,73.26,0.4388,0
395,123139,25971,24,Employed,Mortgage,0.3039459481778138,5,10261.58,1174.6,0.4184,0
302,106315,49133,12,Employed,Own,0.4423562256893047,3,8859.58,4274.0,0.9248,0
698,44515,22712,120,Employed,Rent,0.2935527750527583,0,3709.58,275.56,0.3678,0
440,196158,16297,120,Employed,Mortgage,0.4027259327304771,3,16346.5,197.73,0.4148,0
435,111154,28396,120,Self-employed,Mortgage,0.2331148166041487,3,9262.83,344.52,0.2703,0
313,112382,36002,24,Employed,Rent,0.1974338021271304,0,9365.17,1628.27,0.3713,0
509,172928,18244,36,Employed,Rent,0.4733017002132326,2,14410.67,571.7,0.513,0
456,182448,42022,84,Employed,Rent,0.0542671480901543,3,15204.0,654.96,0.0973,0
462,153169,27460,120,Employed,Own,0.5042760355872562,5,12764.08,333.17,0.5304,0
512,67681,43925,84,Retired,Own,0.202081986912148,2,5640.08,684.62,0.3235,0
315,76469,33610,12,Employed,Rent,0.0551278687571338,1,6372.42,2923.68,0.5139,0
784,137687,16712,84,Employed,Own,0.1049796857066863,0,11473.92,260.48,0.1277,1
414,76864,41792,24,Retired,Own,0.524144681039221,0,6405.33,1890.14,0.8192,0
825,129382,8263,84,Retired,Mortgage,0.2147338940770408,2,10781.83,128.79,0.2267,1
677,142776,20122,36,Employed,Rent,0.5308099504775707,5,11898.0,630.55,0.5838,1
328,158867,25832,84,Employed,Rent,0.0487275461157311,0,13238.92,402.62,0.0791,0
303,34020,45236,36,Employed,Own,0.1612687037985079,5,2835.0,1417.53,0.6613,0
830,190782,12935,36,Employed,Mortgage,0.3340446678456706,4,15898.5,405.34,0.3595,1
327,183434,33728,60,Self-employed,Mortgage,0.4142748856966112,0,15286.17,683.88,0.459,0
417,109468,42027,12,Employed,Own,0.2936559067497601,4,9122.33,3655.86,0.6944,0
593,34294,43193,120,Self-employed,Own,0.0359978940055208,0,2857.83,524.05,0.2194,0
714,55165,39783,84,Employed,Rent,0.3314235153904929,0,4597.08,620.07,0.4663,1
845,139345,24448,120,Employed,Rent,0.36728529499291,4,11612.08,296.62,0.3928,1
512,192285,34825,24,Self-employed,Own,0.2931881841742522,5,16023.75,1575.04,0.3915,0
710,184123,16234,84,Employed,Mortgage,0.0078893146495284,0,15343.58,253.03,0.0244,1
811,154405,43435,84,Retired,Mortgage,0.1878181514579715,5,12867.08,676.99,0.2404,1
762,97273,25224,24,Employed,Mortgage,0.0695108731712044,1,8106.08,1140.81,0.2102,1
608,199583,24197,84,Employed,Mortgage,0.3987306592185358,0,16631.92,377.14,0.4214,0
332,173539,38061,120,Employed,Own,0.3069711457832109,4,14461.58,461.78,0.3389,0
645,28589,15286,24,Self-employed,Rent,0.0573701388915553,2,2382.42,691.34,0.3476,0
383,71680,23211,12,Self-employed,Own,0.548421614669192,0,5973.33,2019.09,0.8864,0
314,120691,13570,120,Employed,Rent,0.4944992780137226,1,10057.58,164.64,0.5109,0
484,111086,48469,120,Employed,Own,0.0803712558036435,3,9257.17,588.06,0.1439,0
554,94494,31115,120,Employed,Own,0.5069779205915026,1,7874.5,377.51,0.5549,0
767,60823,49489,12,Employed,Rent,0.4035005713755444,4,5068.58,4304.97,1.2528,0
551,199770,12098,12,Employed,Mortgage,0.0395232212138754,1,16647.5,1052.39,0.1027,0
832,94467,5225,12,Self-employed,Mortgage,0.390760216289021,3,7872.25,454.51,0.4485,1
430,117811,23938,36,Employed,Rent,0.4439132994470802,2,9817.58,750.13,0.5203,0
525,61991,23385,60,Employed,Mortgage,0.5742663138825554,4,5165.92,474.16,0.6661,0
647,135168,44163,24,Self-employed,Mortgage,0.0645589357057212,1,11264.0,1997.37,0.2419,0
733,87697,20345,120,Employed,Own,0.3433178394616081,2,7308.08,246.84,0.3771,1
812,83021,46716,84,Self-employed,Rent,0.0591359081073975,1,6918.42,728.13,0.1644,1
513,127902,49202,36,Employed,Own,0.2288364959885738,0,10658.5,1541.81,0.3735,0
329,58253,40878,120,Employed,Rent,0.1173714801332906,5,4854.42,495.96,0.2195,0
708,56057,47576,120,Retired,Own,0.3103855058454287,5,4671.42,577.23,0.434,1
686,62264,45837,84,Self-employed,Rent,0.0937303443751376,2,5188.67,714.43,0.2314,1
709,68948,9123,24,Unemployed,Mortgage,0.1764348928751426,2,5745.67,412.61,0.2482,1
538,188326,37162,60,Unemployed,Mortgage,0.3054867731491968,2,15693.83,753.51,0.3535,0
332,121024,6556,84,Employed,Own,0.1463479354406249,3,10085.33,102.18,0.1565,0
449,36250,2216,120,Employed,Own,0.3072510981581229,1,3020.83,26.89,0.3162,0
670,101102,20864,84,Employed,Own,0.141548735870696,0,8425.17,325.19,0.1801,1
631,34319,39741,36,Employed,Mortgage,0.1044984011490165,3,2859.92,1245.34,0.5399,0
300,34318,43912,24,Employed,Rent,0.4213260550609064,2,2859.83,1986.02,1.1158,0
758,43865,1221,120,Employed,Own,0.5944403143386187,5,3655.42,14.81,0.5985,0
585,160775,35316,12,Employed,Own,0.264467737183793,1,13397.92,3072.08,0.4938,0
602,67399,45805,12,Self-employed,Mortgage,0.5009669592658499,0,5616.58,3984.5,1.2104,0
459,40188,49775,12,Employed,Own,0.1752654979697731,4,3349.0,4329.85,1.4681,0
392,64289,17612,36,Self-employed,Mortgage,0.3649650513297062,4,5357.42,551.9,0.468,0
628,92742,37502,120,Employed,Rent,0.5324003934112788,0,7728.5,455.0,0.5913,0
642,50788,12098,12,Employed,Own,0.4722616263009759,1,4232.33,1052.39,0.7209,0
340,142592,7339,12,Employed,Mortgage,0.4250971210618494,1,11882.67,638.41,0.4788,0
366,78475,1474,60,Unemployed,Mortgage,0.3366778217746003,0,6539.58,29.89,0.3412,0
576,58680,27953,12,Employed,Own,0.2250270270215276,0,4890.0,2431.59,0.7223,0
596,61029,43036,60,Self-employed,Rent,0.453013212223701,2,5085.75,872.61,0.6246,0
849,56237,23121,120,Self-employed,Rent,0.46758073754581,5,4686.42,280.52,0.5274,1
717,121752,31555,12,Self-employed,Own,0.1886683106922382,1,10146.0,2744.92,0.4592,1
458,34298,43057,24,Self-employed,Rent,0.0778034963621389,5,2858.17,1947.35,0.7591,0
766,129123,16578,84,Employed,Mortgage,0.4122340003977572,0,10760.25,258.39,0.4362,1
651,85106,23490,12,Self-employed,Own,0.4547649655354355,3,7092.17,2043.36,0.7429,0
472,159749,48820,36,Employed,Rent,0.1816717828915041,2,13312.42,1529.84,0.2966,0
306,49826,19332,24,Unemployed,Rent,0.4182390291339046,1,4152.17,874.33,0.6288,0
602,112786,18521,24,Unemployed,Mortgage,0.5063361661387493,5,9398.83,837.65,0.5955,0
462,51374,40740,12,Employed,Mortgage,0.3708376033604122,0,4281.17,3543.91,1.1986,0
342,45186,16315,12,Employed,Rent,0.3497452878145853,2,3765.5,1419.22,0.7266,0
556,48724,29771,36,Self-employed,Own,0.2490387354846483,1,4060.33,932.91,0.4788,0
793,118610,4632,60,Self-employed,Mortgage,0.4546549692698042,1,9884.17,93.92,0.4642,1
829,65096,2450,60,Employed,Rent,0.0690316868105134,2,5424.67,49.68,0.0782,1
552,86004,31363,60,Employed,Own,0.1329102616475786,4,7167.0,635.93,0.2216,0
468,77586,47937,36,Employed,Mortgage,0.2110491874537274,1,6465.5,1502.17,0.4434,0
510,105891,5126,24,Employed,Rent,0.4903276058380353,1,8824.25,231.84,0.5166,0
742,193935,10474,12,Unemployed,Mortgage,0.5145883660793997,2,16161.25,911.12,0.571,1
445,125090,6671,12,Employed,Rent,0.3129349594440394,3,10424.17,580.3,0.3686,0
765,193286,29677,120,Employed,Mortgage,0.4435249626856984,1,16107.17,360.06,0.4659,1
422,51273,39263,12,Employed,Own,0.1328275503880923,4,4272.75,3415.43,0.9322,0
559,189337,1434,36,Employed,Mortgage,0.0251773059046505,0,15778.08,44.94,0.028,0
502,172824,15377,36,Unemployed,Own,0.2267395362026621,1,14402.0,481.86,0.2602,0
712,70678,32070,60,Self-employed,Mortgage,0.1633974941341132,5,5889.83,650.26,0.2738,1
638,176106,15514,36,Employed,Rent,0.1152817150735119,5,14675.5,486.15,0.1484,0
645,104621,3756,84,Employed,Own,0.2972089218453707,1,8718.42,58.54,0.3039,0
350,25628,49017,36,Employed,Own,0.3933035028711808,0,2135.67,1536.01,1.1125,0
787,31746,44025,36,Unemployed,Rent,0.05113088848434,5,2645.5,1379.58,0.5726,0
439,90577,32906,84,Employed,Own,0.0120027821668047,4,7548.08,512.88,0.08,0
811,43905,23975,24,Employed,Mortgage,0.0066215851603035,1,3658.75,1084.32,0.303,0
476,108294,19070,60,Unemployed,Rent,0.1409075508056421,4,9024.5,386.67,0.1838,0
646,62613,9255,60,Employed,Mortgage,0.2157405042294436,5,5217.75,187.66,0.2517,0
677,152018,14733,12,Employed,Mortgage,0.2000672515854466,5,12668.17,1281.6,0.3012,1
500,31688,16182,120,Employed,Mortgage,0.0339130480425817,4,2640.67,196.33,0.1083,0
511,49091,28550,120,Employed,Rent,0.3654331356076802,3,4090.92,346.39,0.4501,0
310,30412,27158,12,Employed,Rent,0.3568321924115409,5,2534.33,2362.43,1.289,0
705,103027,9362,84,Employed,Mortgage,0.1643791938247896,3,8585.58,145.92,0.1814,1
804,60215,7358,120,Employed,Mortgage,0.1672692939967991,4,5017.92,89.27,0.1851,1
669,42541,9578,24,Employed,Own,0.0628337197450763,3,3545.08,433.19,0.185,0
322,74305,44930,24,Employed,Mortgage,0.4564194858527329,2,6192.08,2032.06,0.7846,0
467,40450,2709,60,Employed,Mortgage,0.3301100844414553,4,3370.83,54.93,0.3464,0
730,27193,41552,60,Self-employed,Mortgage,0.0848011364921802,0,2266.08,842.52,0.4566,0
847,27482,28420,36,Employed,Rent,0.1858332139042842,0,2290.17,890.58,0.5747,0
391,133954,20323,12,Self-employed,Rent,0.2861633544275489,4,11162.83,1767.87,0.4445,0
822,60690,19126,60,Self-employed,Rent,0.2011158183574296,0,5057.5,387.81,0.2778,1
362,76275,14479,36,Self-employed,Mortgage,0.071321584723958,4,6356.25,453.72,0.1427,0
557,90926,11707,24,Employed,Rent,0.5704909555953098,0,7577.17,529.48,0.6404,0
493,49946,48574,84,Self-employed,Rent,0.5570682595092294,4,4162.17,757.08,0.739,0
582,35976,44556,120,Retired,Own,0.2120618073103137,4,2998.0,540.59,0.3924,0
360,72341,20408,84,Employed,Rent,0.1887693347556076,4,6028.42,318.08,0.2415,0
730,48096,47646,120,Employed,Rent,0.0290111572175859,2,4008.0,578.08,0.1732,0
400,139722,35285,12,Employed,Own,0.1134917211538897,0,11643.5,3069.39,0.3771,0
627,128367,32382,60,Employed,Own,0.3074535743196338,2,10697.25,656.59,0.3688,0
416,60445,45110,12,Employed,Mortgage,0.4606704383369465,3,5037.08,3924.05,1.2397,0
335,128577,31310,12,Employed,Rent,0.3865624656405915,3,10714.75,2723.61,0.6408,0
522,146035,47721,24,Employed,Rent,0.3071701209879677,5,12169.58,2158.29,0.4845,0
705,94887,23563,60,Self-employed,Rent,0.3912048439796063,2,7907.25,477.77,0.4516,1
624,38754,43062,84,Self-employed,Mortgage,0.2001655511006345,2,3229.5,671.17,0.408,0
817,135148,28872,84,Employed,Rent,0.0018619500255755,0,11262.33,450.01,0.0418,1
497,48620,31471,36,Self-employed,Own,0.3783186165834098,1,4051.67,986.19,0.6217,0
398,159094,47799,120,Employed,Mortgage,0.3736348447527944,4,13257.83,579.93,0.4174,0
362,23025,6990,12,Retired,Rent,0.1782169081487271,5,1918.75,608.05,0.4951,0
699,69622,24264,60,Employed,Mortgage,0.1420750348755827,3,5801.83,491.99,0.2269,1
817,162432,19702,24,Employed,Rent,0.0280119439872117,5,13536.0,891.07,0.0938,1
307,198215,12965,60,Employed,Own,0.2263342757462555,0,16517.92,262.88,0.2422,0
708,100404,29497,84,Employed,Rent,0.3778050052440855,2,8367.0,459.75,0.4328,1
640,175140,6921,120,Employed,Rent,0.5074477105446628,4,14595.0,83.97,0.5132,0
480,151922,10502,36,Employed,Own,0.2756423046362823,1,12660.17,329.09,0.3016,0
833,169081,9859,60,Employed,Mortgage,0.2598231202293893,0,14090.08,199.9,0.274,1
490,152527,25874,36,Employed,Rent,0.3387728460264463,3,12710.58,810.8,0.4026,0
524,172893,6032,12,Self-employed,Own,0.4810777786662562,4,14407.75,524.71,0.5175,0
716,45278,35084,12,Employed,Own,0.3086020800123667,1,3773.17,3051.9,1.1174,0
836,177599,47200,60,Self-employed,Own,0.5557970449520876,3,14799.92,957.05,0.6205,0
614,23428,26630,60,Unemployed,Own,0.3810725169585703,0,1952.33,539.96,0.6576,0
550,32803,34822,24,Employed,Mortgage,0.4590980583088479,0,2733.58,1574.9,1.0352,0
512,68429,23656,60,Employed,Mortgage,0.115025487372975,3,5702.42,479.66,0.1991,0
553,58232,44049,84,Employed,Mortgage,0.072039981092796,3,4852.67,686.56,0.2135,0
747,91380,45218,60,Employed,Rent,0.0908501239679812,1,7615.0,916.86,0.2113,1
458,97562,42699,60,Employed,Mortgage,0.293678776030699,0,8130.17,865.78,0.4002,0
769,97331,44847,120,Employed,Rent,0.4740376533301353,4,8110.92,544.12,0.5411,1
686,157123,26688,84,Employed,Own,0.1816846716272956,1,13093.58,415.96,0.2135,1
744,51119,2059,12,Employed,Own,0.2582548549659235,0,4259.92,179.11,0.3003,1
500,162934,10576,36,Employed,Rent,0.1761906122429374,3,13577.83,331.41,0.2006,0
304,137379,4111,24,Unemployed,Rent,0.3464524344706223,0,11448.25,185.93,0.3627,0
437,97248,16047,24,Employed,Own,0.1733574691735554,5,8104.0,725.76,0.2629,0
489,45289,21192,120,Employed,Mortgage,0.1293426634177174,5,3774.08,257.12,0.1975,0
798,73711,24436,120,Employed,Own,0.2131785345779354,0,6142.58,296.48,0.2614,1
311,110849,48435,60,Self-employed,Rent,0.2196041222572693,3,9237.42,982.09,0.3259,0
304,81041,8184,120,Employed,Own,0.3380762095045773,2,6753.42,99.29,0.3528,0
524,58869,45924,36,Self-employed,Mortgage,0.2784403264530981,4,4905.75,1439.09,0.5718,0
633,59348,3622,84,Self-employed,Rent,0.0595941109888946,3,4945.67,56.45,0.071,0
447,160475,18271,84,Employed,Rent,0.5539880494772387,4,13372.92,284.78,0.5753,0
437,33364,13234,12,Retired,Own,0.2781526470391865,3,2780.33,1151.2,0.6922,0
592,158042,4182,84,Employed,Rent,0.1193052837608384,1,13170.17,65.18,0.1243,0
568,107167,9625,24,Self-employed,Rent,0.3042392822872623,3,8930.58,435.31,0.353,0
311,168242,18042,24,Employed,Rent,0.2856789317308987,1,14020.17,815.99,0.3439,0
716,61214,17337,12,Unemployed,Mortgage,0.5025477204837454,4,5101.17,1508.12,0.7982,0
341,31607,32884,84,Self-employed,Rent,0.4376218233522077,1,2633.92,512.54,0.6322,0
731,30617,20392,84,Self-employed,Mortgage,0.5074849630614833,5,2551.42,317.83,0.6321,0
485,184882,28674,24,Unemployed,Own,0.0094975991376369,0,15406.83,1296.85,0.0937,0
347,177931,37019,60,Employed,Rent,0.4620505656552149,1,14827.58,750.61,0.5127,0
777,35158,27535,60,Employed,Mortgage,0.5059057566474442,2,2929.83,558.31,0.6965,0
492,141175,40425,12,Employed,Mortgage,0.4599339090117525,1,11764.58,3516.51,0.7588,0
345,148910,7847,60,Employed,Mortgage,0.5313470220030149,0,12409.17,159.11,0.5442,0
539,37199,12520,60,Retired,Rent,0.5322863765425208,2,3099.92,253.86,0.6142,0
734,184350,1275,60,Self-employed,Mortgage,0.3379581674180127,5,15362.5,25.85,0.3396,1
461,28824,23719,12,Unemployed,Mortgage,0.5872755530680727,5,2402.0,2063.28,1.4463,0
657,187182,15461,60,Employed,Own,0.072068819160835,1,15598.5,313.49,0.0922,1
309,156358,40963,84,Employed,Own,0.1904748338540116,2,13029.83,638.46,0.2395,0
608,199095,49591,36,Employed,Rent,0.5423920506724776,4,16591.25,1554.0,0.6361,0
725,44140,17191,84,Employed,Mortgage,0.2776521707843152,2,3678.33,267.94,0.3505,0
711,159923,23666,120,Employed,Own,0.3528434542779514,0,13326.92,287.13,0.3744,1
728,31657,19346,24,Employed,Rent,0.5310706723389259,2,2638.08,874.97,0.8627,0
599,155431,18980,24,Employed,Mortgage,0.299566144917731,4,12952.58,858.41,0.3658,0
540,26290,2471,120,Employed,Rent,0.1443363095286575,2,2190.83,29.98,0.158,0
373,76274,33763,12,Unemployed,Mortgage,0.538374978454513,5,6356.17,2936.99,1.0004,0
430,53123,19533,36,Employed,Rent,0.3180479782116263,4,4426.92,612.09,0.4563,0
408,54411,13599,120,Self-employed,Own,0.4258931818867332,1,4534.25,164.99,0.4623,0
693,181305,42908,120,Employed,Own,0.1395529185205059,2,15108.75,520.59,0.174,1
750,75064,39338,84,Retired,Rent,0.3552371317690317,2,6255.33,613.13,0.4533,1
381,56446,27717,36,Employed,Mortgage,0.0765205776866833,2,4703.83,868.55,0.2612,0
357,63022,28840,84,Unemployed,Mortgage,0.2123988043058129,2,5251.83,449.51,0.298,0
763,122127,36281,120,Employed,Mortgage,0.5546132529196396,4,10177.25,440.19,0.5979,1
648,189687,11996,120,Unemployed,Rent,0.2116585699357828,5,15807.25,145.54,0.2209,0
687,96519,35926,120,Employed,Mortgage,0.3889267141468246,1,8043.25,435.88,0.4431,1
343,199752,19349,12,Self-employed,Own,0.1943322547384106,5,16646.0,1683.14,0.2954,0
411,154446,24814,12,Employed,Mortgage,0.0447153275674753,3,12870.5,2158.53,0.2124,0
701,147694,9683,24,Employed,Rent,0.4712561265852873,3,12307.83,437.94,0.5068,1
421,37286,18378,36,Employed,Rent,0.2251813937532185,0,3107.17,575.9,0.4105,0
774,99386,41796,12,Employed,Rent,0.4546590280003733,2,8282.17,3635.77,0.8936,0
365,134902,25080,120,Employed,Rent,0.1116613490124382,4,11241.83,304.29,0.1387,0
412,133854,38083,24,Self-employed,Mortgage,0.1921581993079107,4,11154.5,1722.39,0.3466,0
701,129667,32645,24,Employed,Mortgage,0.2705208520549715,3,10805.58,1476.44,0.4072,1
841,58791,3514,36,Self-employed,Mortgage,0.5067265895511227,4,4899.25,110.12,0.5292,1
459,111603,9892,12,Self-employed,Rent,0.3889033871372401,0,9300.25,860.49,0.4814,0
684,171114,38088,60,Employed,Rent,0.2740774718415042,2,14259.5,772.29,0.3282,1
610,20569,10581,60,Employed,Rent,0.3453632566624047,4,1714.08,214.54,0.4705,0
844,104384,23159,120,Employed,Own,0.2911710117638824,4,8698.67,280.98,0.3235,1
767,114159,37789,36,Employed,Rent,0.0260729122957882,2,9513.25,1184.17,0.1505,1
320,103130,2238,120,Employed,Own,0.1156093804098378,3,8594.17,27.15,0.1188,0
576,141400,34309,120,Employed,Mortgage,0.2264984123715525,3,11783.33,416.26,0.2618,0
316,161086,32833,12,Employed,Rent,0.3591019222465015,5,13423.83,2856.09,0.5719,0
609,128330,17475,84,Self-employed,Mortgage,0.377288253325582,3,10694.17,272.37,0.4028,0
606,160484,41663,120,Employed,Own,0.0094217630641123,0,13373.67,505.49,0.0472,0
711,125265,26257,12,Employed,Mortgage,0.3087826951520452,4,10438.75,2284.06,0.5276,1
740,67209,45088,120,Self-employed,Rent,0.3645585928296363,5,5600.75,547.04,0.4622,1
840,131156,32020,84,Self-employed,Rent,0.0361908527653858,0,10929.67,499.07,0.0819,1
537,173753,34064,24,Employed,Mortgage,0.0536572537858466,4,14479.42,1540.62,0.1601,0
450,132552,18889,36,Employed,Mortgage,0.1773910245061242,1,11046.0,591.91,0.231,0
601,106808,28043,12,Self-employed,Own,0.1443841962544176,0,8900.67,2439.42,0.4185,0
452,104654,16060,12,Self-employed,Rent,0.2690941453152886,2,8721.17,1397.03,0.4293,0
318,64309,24109,24,Employed,Rent,0.3440447118081345,1,5359.08,1090.38,0.5475,0
626,91560,46010,12,Unemployed,Mortgage,0.3967865918181905,4,7630.0,4002.34,0.9213,0
503,163035,6121,60,Employed,Mortgage,0.312270994075752,2,13586.25,124.11,0.3214,0
318,127416,18275,24,Employed,Rent,0.3685276805787705,5,10618.0,826.53,0.4464,0
623,73323,13736,120,Employed,Mortgage,0.4053951795564397,3,6110.25,166.66,0.4327,0
459,21887,9073,24,Unemployed,Mortgage,0.034884631403406,1,1823.92,410.35,0.2599,0
597,117653,19349,60,Employed,Mortgage,0.2457298102426546,4,9804.42,392.33,0.2857,0
304,118489,11657,24,Employed,Mortgage,0.5436912896031822,3,9874.08,527.21,0.5971,0
485,155581,40492,60,Employed,Rent,0.2522316992885361,5,12965.08,821.03,0.3156,0
340,97815,36349,24,Self-employed,Rent,0.5244288425859485,4,8151.25,1643.97,0.7261,0
462,41978,31584,84,Unemployed,Mortgage,0.0184429812078207,4,3498.17,492.27,0.1592,0
680,31414,43183,12,Unemployed,Mortgage,0.1864554050567727,2,2617.83,3756.42,1.6214,0
578,178869,35536,120,Retired,Rent,0.2433245549809219,5,14905.75,431.15,0.2722,0
540,47629,48458,84,Employed,Rent,0.3310983989987577,1,3969.08,755.28,0.5214,0
522,69952,22884,24,Employed,Mortgage,0.0766681500872281,5,5829.33,1034.98,0.2542,0
536,142701,21015,24,Employed,Own,0.0729085233149454,3,11891.75,950.45,0.1528,0
514,133190,16866,120,Employed,Own,0.3883752003646492,3,11099.17,204.63,0.4068,0
311,110545,3714,24,Employed,Mortgage,0.4049532746585244,4,9212.08,167.97,0.4232,0
721,29687,47801,36,Self-employed,Own,0.0142602345186921,4,2473.92,1497.91,0.6197,0
300,63851,9130,12,Employed,Rent,0.0705938283733002,1,5320.92,794.2,0.2199,0
736,82641,16134,120,Employed,Rent,0.5792364439450151,5,6886.75,195.75,0.6077,0
832,29850,20051,24,Employed,Own,0.0339107620737695,5,2487.5,906.85,0.3985,0
387,134460,14595,120,Retired,Own,0.0203494538033983,0,11205.0,177.08,0.0362,0
415,39615,41602,84,Employed,Own,0.5884776563455693,2,3301.25,648.42,0.7849,0
774,64051,11666,60,Employed,Rent,0.1561339552231465,1,5337.58,236.54,0.2004,1
451,127656,11068,120,Employed,Rent,0.0999726242465095,1,10638.0,134.29,0.1126,0
603,74482,45022,24,Retired,Rent,0.5194937083190194,3,6206.83,2036.22,0.8476,0
316,148836,16610,24,Employed,Rent,0.3056618943845723,5,12403.0,751.23,0.3662,0
788,81721,14495,24,Retired,Rent,0.5811959156315061,0,6810.08,655.57,0.6775,0
660,90711,2332,24,Employed,Own,0.44126827008831,4,7559.25,105.47,0.4552,1
370,30542,7478,120,Self-employed,Rent,0.1389284236396569,4,2545.17,90.73,0.1746,0
654,97029,3017,12,Employed,Mortgage,0.299356088970243,2,8085.75,262.44,0.3318,1
718,83402,24825,60,Employed,Mortgage,0.1973226722160936,0,6950.17,503.36,0.2697,1
545,182786,25491,24,Self-employed,Mortgage,0.0797627418112209,2,15232.17,1152.89,0.1555,0
308,86172,49277,24,Employed,Rent,0.3884863071587165,1,7181.0,2228.67,0.6988,0
596,110996,39455,36,Unemployed,Rent,0.1187846688302519,1,9249.67,1236.38,0.2525,0
310,134222,8292,60,Retired,Mortgage,0.3945387292106816,5,11185.17,168.13,0.4096,0
403,94813,7348,24,Employed,Own,0.579285845653,2,7901.08,332.33,0.6213,0
580,176188,18807,60,Employed,Own,0.3672458396932094,3,14682.33,381.34,0.3932,0
673,72033,15126,12,Employed,Rent,0.0785975614854416,4,6002.75,1315.79,0.2978,1
427,125440,1579,60,Employed,Mortgage,0.5579184727963633,1,10453.33,32.02,0.561,0
759,151722,49911,84,Self-employed,Mortgage,0.3924012476111215,2,12643.5,777.92,0.4539,1
664,83244,25420,84,Employed,Rent,0.3993025860082463,2,6937.0,396.2,0.4564,1
660,26092,16858,36,Retired,Rent,0.2464824626058524,0,2174.33,528.27,0.4894,0
511,171858,10900,36,Retired,Rent,0.3303143595739854,2,14321.5,341.57,0.3542,0
653,157320,20652,84,Unemployed,Rent,0.3727540867768792,2,13110.0,321.89,0.3973,1
397,177851,36461,24,Employed,Mortgage,0.4448108346025767,1,14820.92,1649.03,0.5561,0
338,134392,24900,60,Employed,Mortgage,0.4827693570870272,4,11199.33,504.88,0.5279,0
653,91633,7709,60,Self-employed,Own,0.515994492168684,4,7636.08,156.31,0.5365,1
319,88836,7694,36,Employed,Mortgage,0.2964790944266947,3,7403.0,241.1,0.329,0
493,105191,15754,12,Employed,Own,0.0411534097992857,3,8765.92,1370.42,0.1975,0
306,139326,40484,36,Employed,Rent,0.1560022513450595,4,11610.5,1268.62,0.2653,0
673,138763,15182,84,Employed,Rent,0.0476783992305749,4,11563.58,236.63,0.0681,1
774,154063,9231,60,Employed,Mortgage,0.0100106881977462,5,12838.58,187.17,0.0246,1
713,112316,14151,12,Employed,Rent,0.255768463165438,4,9359.67,1230.97,0.3873,1
546,107955,25846,60,Employed,Rent,0.0781240951612016,5,8996.25,524.06,0.1364,0
794,120020,37478,12,Unemployed,Mortgage,0.1409432417210617,0,10001.67,3260.15,0.4669,1
569,78274,17368,12,Self-employed,Rent,0.0606610895004027,4,6522.83,1510.82,0.2923,0
549,51999,40040,60,Employed,Mortgage,0.1393053504704524,0,4333.25,811.87,0.3267,0
559,106856,20759,12,Employed,Mortgage,0.5767054900161694,3,8904.67,1805.79,0.7795,0
781,182980,42069,60,Employed,Mortgage,0.3262443870735455,3,15248.33,853.01,0.3822,1
540,185920,39566,60,Unemployed,Mortgage,0.3239721992127673,4,15493.33,802.26,0.3758,0
688,190575,33054,36,Retired,Rent,0.5945987998985289,2,15881.25,1035.79,0.6598,0
538,167761,49737,24,Employed,Rent,0.2485866467147365,2,13980.08,2249.47,0.4095,0
782,28772,9110,24,Employed,Own,0.2829229131490622,5,2397.67,412.02,0.4548,0
482,126324,8214,84,Employed,Rent,0.0342428013614737,4,10527.0,128.03,0.0464,0
580,32569,14971,60,Self-employed,Own,0.4858804030477893,3,2714.08,303.56,0.5977,0
300,151109,43516,60,Employed,Own,0.5697242577177639,5,12592.42,882.35,0.6398,0
659,199477,41973,120,Employed,Own,0.5039184963738009,2,16623.08,509.25,0.5346,1
342,86319,49328,12,Employed,Mortgage,0.2608200805628949,0,7193.25,4290.97,0.8573,0
391,21116,43681,120,Self-employed,Mortgage,0.2236651189300801,0,1759.67,529.97,0.5248,0
648,85417,47258,36,Self-employed,Mortgage,0.5486240140818542,5,7118.08,1480.89,0.7567,0
562,65498,29954,24,Unemployed,Own,0.5026859452657292,3,5458.17,1354.74,0.7509,0
592,177871,11392,12,Employed,Mortgage,0.5038399641834703,0,14822.58,990.97,0.5707,0
589,150770,30325,24,Employed,Rent,0.5671926320224024,1,12564.17,1371.52,0.6764,0
455,199198,45119,120,Employed,Rent,0.2686601672891338,0,16599.83,547.42,0.3016,0
320,93447,9050,60,Unemployed,Rent,0.3851156143862179,4,7787.25,183.5,0.4087,0
543,32145,13188,36,Self-employed,Rent,0.1926374396951606,0,2678.75,413.26,0.3469,0
475,49772,27012,60,Self-employed,Rent,0.1596008938767854,3,4147.67,547.71,0.2917,0
427,35339,39378,36,Employed,Rent,0.4093484278815524,5,2944.92,1233.96,0.8284,0
420,121710,33831,12,Unemployed,Own,0.4271233346549664,0,10142.5,2942.91,0.7173,0
560,125413,7723,120,Employed,Rent,0.0835829909730376,1,10451.08,93.7,0.0925,0
439,159220,46528,12,Employed,Mortgage,0.4929428591027032,2,13268.33,4047.4,0.798,0
516,166727,47677,60,Self-employed,Rent,0.1924845164108467,1,13893.92,966.72,0.2621,0
817,69234,19669,120,Self-employed,Mortgage,0.0963116545417211,4,5769.5,238.64,0.1377,1
688,193947,11984,60,Employed,Rent,0.5554523057675713,0,16162.25,242.99,0.5705,1
813,117937,30708,120,Employed,Own,0.0324370274064921,5,9828.08,372.57,0.0703,1
729,160943,27115,12,Employed,Rent,0.3660873962256469,4,13411.92,2358.69,0.542,1
314,117313,6539,120,Employed,Own,0.2634190671178544,2,9776.08,79.34,0.2715,0
786,144907,31126,36,Employed,Rent,0.454217010914334,2,12075.58,975.38,0.535,1
847,71130,42329,84,Self-employed,Own,0.1438932003651976,4,5927.5,659.75,0.2552,1
674,160775,2394,12,Employed,Own,0.4706678727746153,1,13397.92,208.25,0.4862,1
574,163657,37751,12,Retired,Own,0.3292020703521082,4,13638.08,3283.9,0.57,0
747,55719,16080,84,Employed,Mortgage,0.0016398002941552,5,4643.25,250.63,0.0556,1
522,167534,9138,24,Employed,Own,0.1292482621086874,3,13961.17,413.29,0.1589,0
750,106791,26592,84,Employed,Rent,0.5619432437805718,0,8899.25,414.47,0.6085,0
329,189394,1947,12,Employed,Mortgage,0.1269275808787502,5,15782.83,169.37,0.1377,0
457,164913,1105,12,Employed,Own,0.5448680023347517,4,13742.75,96.12,0.5519,0
669,90949,5640,120,Unemployed,Rent,0.3865831154212328,5,7579.08,68.43,0.3956,1
621,83793,30349,120,Employed,Rent,0.5566886149661538,0,6982.75,368.22,0.6094,0
685,68342,7017,84,Employed,Rent,0.5166542236319769,4,5695.17,109.37,0.5359,1
545,65911,25404,24,Retired,Rent,0.5887635981372807,1,5492.58,1148.95,0.7979,0
549,189155,6583,84,Employed,Rent,0.3465191683674086,0,15762.92,102.6,0.353,0
452,64499,12153,12,Self-employed,Own,0.118714668123156,4,5374.92,1057.17,0.3154,0
774,128512,13316,60,Self-employed,Rent,0.225113047723605,4,10709.33,270.0,0.2503,1
820,148786,11318,60,Retired,Mortgage,0.2716883863867141,0,12398.83,229.49,0.2902,1
354,23836,17859,120,Employed,Rent,0.3694727000360374,2,1986.33,216.68,0.4786,0
470,101835,7682,60,Employed,Own,0.0161683131424589,2,8486.25,155.76,0.0345,0
642,86884,18380,24,Employed,Rent,0.5167364223323029,0,7240.33,831.28,0.6315,0
596,185989,47143,36,Self-employed,Mortgage,0.0226861160049711,3,15499.08,1477.29,0.118,0
354,35160,47209,24,Employed,Own,0.477507531195833,2,2930.0,2135.14,1.2062,0
662,158760,34122,12,Employed,Own,0.1724833409032521,2,13230.0,2968.22,0.3968,1
681,109044,10709,24,Employed,Mortgage,0.4034621581348513,5,9087.0,484.34,0.4568,1
635,38835,7178,84,Employed,Mortgage,0.2294776587865901,5,3236.25,111.88,0.264,0
380,35352,23098,120,Unemployed,Own,0.1602380581392285,3,2946.0,280.24,0.2554,0
680,89068,8051,84,Self-employed,Rent,0.571736361037308,2,7422.33,125.48,0.5886,1
317,42369,8635,12,Employed,Rent,0.5359200667404745,5,3530.75,751.15,0.7487,0
530,62507,30762,24,Unemployed,Rent,0.1005706456860046,5,5208.92,1391.28,0.3677,0
847,51312,45387,60,Employed,Mortgage,0.3286655726013455,3,4276.0,920.28,0.5439,1
571,135627,28302,36,Self-employed,Mortgage,0.2968174281195783,5,11302.25,886.88,0.3753,0
579,193283,33246,120,Retired,Mortgage,0.147444238860659,5,16106.92,403.37,0.1725,0
840,83056,28776,120,Employed,Rent,0.1280060203315729,2,6921.33,349.13,0.1784,1
461,137468,16671,84,Self-employed,Mortgage,0.461336573813665,0,11455.67,259.84,0.484,0
388,178744,23410,120,Employed,Mortgage,0.5664385740481049,1,14895.33,284.03,0.5855,0
615,40708,27648,12,Employed,Rent,0.5720646828773257,3,3392.33,2405.06,1.281,0
809,143676,8922,120,Self-employed,Mortgage,0.0302835172580851,4,11973.0,108.25,0.0393,1
332,72416,22580,24,Employed,Mortgage,0.0236754200839653,3,6034.67,1021.23,0.1929,0
563,38500,30017,24,Employed,Mortgage,0.2862817920938291,1,3208.33,1357.59,0.7094,0
560,63564,35520,120,Retired,Rent,0.0024643388405168,1,5297.0,430.96,0.0838,0
376,71366,9576,84,Employed,Rent,0.0543017063762344,2,5947.17,149.25,0.0794,0
541,140097,17796,36,Employed,Mortgage,0.1317963921231477,4,11674.75,557.66,0.1796,0
515,175940,25042,12,Employed,Own,0.5287939296582861,3,14661.67,2178.36,0.6774,0
582,47804,25555,60,Employed,Own,0.2675005855760284,4,3983.67,518.16,0.3976,0
801,62141,1802,24,Employed,Rent,0.5562243526987198,3,5178.42,81.5,0.572,1
600,56289,39108,12,Self-employed,Mortgage,0.0619188806518686,1,4690.75,3401.94,0.7872,0
516,99718,29444,12,Self-employed,Mortgage,0.0826122650626206,1,8309.83,2561.29,0.3908,0
364,36156,8433,84,Unemployed,Mortgage,0.1020988258096571,3,3013.0,131.44,0.1457,0
831,70923,17120,12,Employed,Own,0.0952278410378231,1,5910.25,1489.24,0.3472,1
355,47500,18307,36,Employed,Rent,0.1122871584567426,3,3958.33,573.67,0.2572,0
370,111725,46289,24,Employed,Mortgage,0.3476129836861815,4,9310.42,2093.53,0.5725,0
633,50576,19755,36,Unemployed,Own,0.5902767799011396,3,4214.67,619.05,0.7372,0
576,93087,22237,120,Unemployed,Rent,0.1929783543832432,4,7757.25,269.8,0.2278,0
427,81164,10806,36,Unemployed,Mortgage,0.2619507969233131,0,6763.67,338.62,0.312,0
738,158451,1134,36,Employed,Own,0.1471314336789642,3,13204.25,35.54,0.1498,1
422,86563,31048,12,Self-employed,Own,0.5380235588962279,2,7213.58,2700.82,0.9124,0
328,131292,16472,24,Unemployed,Own,0.0580395685639681,3,10941.0,744.98,0.1261,0
362,50072,47586,36,Retired,Mortgage,0.0240734846193929,5,4172.67,1491.17,0.3814,0
725,98813,49685,12,Self-employed,Own,0.3142382267331637,3,8234.42,4322.02,0.8391,0
599,143155,45969,120,Employed,Mortgage,0.2432144283651375,1,11929.58,557.73,0.29,0
386,82276,8390,36,Employed,Own,0.1182080346657173,4,6856.33,262.91,0.1566,0
819,159435,19476,12,Employed,Rent,0.5588009471634974,5,13286.25,1694.19,0.6863,0
762,34125,36549,120,Self-employed,Rent,0.3190810087922351,1,2843.75,443.44,0.475,0
509,152248,46116,12,Employed,Own,0.3180627818011304,0,12687.33,4011.56,0.6342,0
499,113664,41142,84,Employed,Own,0.1884846005345191,5,9472.0,641.25,0.2562,0
327,106684,4703,84,Employed,Rent,0.1181258548014755,5,8890.33,73.3,0.1264,0
488,65548,19868,120,Retired,Rent,0.322380618552497,1,5462.33,241.05,0.3665,0
823,194083,26095,24,Employed,Mortgage,0.3184910533798061,1,16173.58,1180.21,0.3915,1
337,100940,38740,36,Employed,Own,0.4974209909685662,5,8411.67,1213.97,0.6417,0
506,113742,43499,24,Unemployed,Mortgage,0.5594234218816938,1,9478.5,1967.34,0.767,0
662,83333,34305,60,Employed,Own,0.5191330841336405,4,6944.42,695.58,0.6193,0
700,190401,35017,60,Employed,Own,0.5709806519050092,2,15866.75,710.02,0.6157,0
550,82167,40189,24,Self-employed,Rent,0.1244942554043792,2,6847.25,1817.64,0.3899,0
688,155681,5226,12,Retired,Rent,0.227443814433421,2,12973.42,454.6,0.2625,1
345,152469,20875,60,Self-employed,Mortgage,0.10038461874373,3,12705.75,423.27,0.1337,0
768,144568,19338,24,Employed,Own,0.0187408130268648,3,12047.33,874.61,0.0913,1
702,179440,3557,36,Employed,Mortgage,0.1672448361686422,2,14953.33,111.46,0.1747,1
379,39336,18990,24,Unemployed,Own,0.1047405870413449,2,3278.0,858.87,0.3668,0
632,148037,28318,60,Employed,Own,0.1205666137753166,3,12336.42,574.19,0.1671,0
826,21156,15835,60,Employed,Rent,0.0994909747124453,5,1763.0,321.08,0.2816,0
837,159127,22490,84,Employed,Rent,0.0467972059365759,2,13260.58,350.53,0.0732,1
444,135934,31622,36,Retired,Rent,0.5973322802192539,0,11327.83,990.92,0.6848,0
447,54912,19366,12,Retired,Mortgage,0.4167127881059517,1,4576.0,1684.62,0.7849,0
524,141836,20952,84,Employed,Rent,0.2071085441753437,1,11819.67,326.56,0.2347,0
361,61734,28538,36,Employed,Rent,0.094813939624328,0,5144.5,894.28,0.2686,0
576,130207,28136,60,Employed,Rent,0.0729089832043057,4,10850.58,570.5,0.1255,0
561,122820,37155,36,Employed,Rent,0.2401355486571693,5,10235.0,1164.3,0.3539,0
798,88349,2544,12,Employed,Rent,0.4197328701068158,1,7362.42,221.3,0.4498,1
598,69079,3344,12,Employed,Own,0.2508331232286497,1,5756.58,290.89,0.3014,0
722,138672,44816,60,Unemployed,Own,0.0154397452009872,3,11556.0,908.71,0.0941,1
767,30737,19393,36,Self-employed,Rent,0.2258342318294748,4,2561.42,607.71,0.4631,0
834,37202,30117,60,Employed,Own,0.2241572936612644,4,3100.17,610.66,0.4211,0
370,113120,13566,84,Employed,Mortgage,0.1182102004386944,1,9426.67,211.44,0.1406,0
614,178065,6896,60,Employed,Rent,0.1266843896085236,2,14838.75,139.83,0.1361,0
461,127655,33017,12,Self-employed,Own,0.544579840177719,4,10637.92,2872.1,0.8146,0
330,198721,44496,24,Retired,Own,0.5590009291654032,2,16560.08,2012.43,0.6805,0
545,35741,14056,120,Employed,Rent,0.2448504869124529,5,2978.42,170.54,0.3021,0
744,106484,42660,84,Employed,Rent,0.1705377518181872,4,8873.67,664.91,0.2455,1
756,113829,28540,60,Retired,Rent,0.2739901185788865,4,9485.75,578.69,0.335,1
320,58012,6004,84,Employed,Mortgage,0.5189971955559922,4,4834.33,93.58,0.5384,0
717,146616,8168,24,Self-employed,Rent,0.1671160131538309,0,12218.0,369.42,0.1974,1
520,76591,35431,84,Unemployed,Mortgage,0.3500664312583847,5,6382.58,552.24,0.4366,0
593,38454,16295,24,Employed,Own,0.0797054517188824,2,3204.5,736.98,0.3097,0
744,182717,22547,24,Employed,Rent,0.3850302728697918,4,15226.42,1019.74,0.452,1
323,126041,20849,24,Employed,Rent,0.4014556091018347,1,10503.42,942.94,0.4912,0
446,43962,16116,120,Employed,Mortgage,0.148759936318493,4,3663.5,195.53,0.2021,0
843,78985,14906,36,Self-employed,Rent,0.5738224200490424,2,6582.08,467.1,0.6448,0
699,90686,44500,12,Retired,Rent,0.3704149622132807,1,7557.17,3870.99,0.8826,0
497,60793,13900,24,Employed,Own,0.5880643141200865,5,5066.08,628.66,0.7122,0
783,113583,12832,84,Employed,Mortgage,0.3611429342250578,0,9465.25,200.0,0.3823,1
410,190377,3743,84,Employed,Rent,0.1017813530145379,4,15864.75,58.34,0.1055,0
810,183459,15066,84,Employed,Rent,0.37253012104409,1,15288.25,234.82,0.3879,1
524,161948,48700,120,Unemployed,Mortgage,0.3683927403854409,4,13495.67,590.87,0.4122,0
317,171984,20515,36,Self-employed,Mortgage,0.5281077871810647,4,14332.0,642.87,0.573,0
644,51304,26956,84,Self-employed,Rent,0.0429257491781187,2,4275.33,420.14,0.1412,0
435,41677,2591,24,Employed,Own,0.3454273819917109,3,3473.08,117.18,0.3792,0
702,49801,27499,84,Employed,Own,0.3470083300934283,0,4150.08,428.61,0.4503,0
322,181031,13068,84,Employed,Rent,0.3819749067390933,4,15085.92,203.68,0.3955,0
615,139552,36712,12,Unemployed,Rent,0.5906967764395745,5,11629.33,3193.52,0.8653,0
606,101665,22472,36,Unemployed,Mortgage,0.553662209183952,5,8472.08,704.19,0.6368,0
421,132832,37959,12,Employed,Rent,0.072238420885332,4,11069.33,3301.99,0.3705,0
579,48546,10517,24,Retired,Own,0.4926200013425068,2,4045.5,475.66,0.6102,0
785,79715,19827,24,Employed,Own,0.472673109951955,0,6642.92,896.72,0.6077,0
452,152453,41881,24,Employed,Mortgage,0.2791504311877626,4,12704.42,1894.16,0.4282,0
446,31744,28631,24,Self-employed,Own,0.1899302057470155,3,2645.33,1294.9,0.6794,0
820,81306,9647,36,Employed,Mortgage,0.3785683876486247,5,6775.5,302.3,0.4232,1
437,193615,23050,24,Unemployed,Rent,0.018074931226024,2,16134.58,1042.49,0.0827,0
707,147610,48516,12,Employed,Mortgage,0.5810940004704703,4,12300.83,4220.33,0.9242,0
334,192435,21518,84,Employed,Own,0.345698678661164,3,16036.25,335.38,0.3666,0
436,81679,37659,60,Employed,Rent,0.2176675298372987,4,6806.58,763.59,0.3299,0
503,138972,32839,12,Employed,Rent,0.0252911449487213,3,11581.0,2856.61,0.272,0
691,32084,25495,60,Self-employed,Own,0.1567907636996567,4,2673.67,516.95,0.3501,0
704,173858,18753,36,Self-employed,Own,0.0420809542283153,3,14488.17,587.65,0.0826,1
470,60055,17939,24,Unemployed,Rent,0.3888735834634357,5,5004.58,811.33,0.551,0
691,155736,11416,12,Unemployed,Mortgage,0.5725826008503541,5,12978.0,993.06,0.6491,0
485,63497,31602,12,Self-employed,Mortgage,0.4760415967320628,4,5291.42,2749.01,0.9956,0
642,129574,40475,84,Employed,Own,0.1707701400259209,5,10797.83,630.85,0.2292,0
691,62354,49770,120,Employed,Mortgage,0.0300931798177195,1,5196.17,603.85,0.1463,1
566,193993,47597,24,Self-employed,Mortgage,0.2822136300082301,5,16166.08,2152.68,0.4154,0
745,122759,32345,84,Unemployed,Mortgage,0.0693928800921751,5,10229.92,504.14,0.1187,1
346,130571,30631,24,Employed,Own,0.0736284917300521,4,10880.92,1385.36,0.2009,0
301,20864,11142,36,Employed,Own,0.1660472439215239,4,1738.67,349.15,0.3669,0
850,89691,44823,12,Self-employed,Own,0.4086215767589949,3,7474.25,3899.08,0.9303,0
629,192006,3996,84,Self-employed,Rent,0.4219960044045221,2,16000.5,62.28,0.4259,0
741,89163,1978,24,Employed,Own,0.4851583304914322,1,7430.25,89.46,0.4972,1
505,114837,42490,12,Employed,Rent,0.5547175950408828,3,9569.75,3696.14,0.9409,0
773,88558,9260,84,Self-employed,Rent,0.1725583089617531,1,7379.83,144.33,0.1921,1
433,95290,2200,24,Self-employed,Mortgage,0.5606321790378636,4,7940.83,99.5,0.5732,0
504,57615,23378,120,Employed,Mortgage,0.5441443814643462,3,4801.25,283.64,0.6032,0
537,106183,9651,120,Employed,Own,0.3215508231527774,5,8848.58,117.09,0.3348,0
440,132739,32293,12,Employed,Mortgage,0.1336228053103423,5,11061.58,2809.12,0.3876,0
307,36567,34371,84,Employed,Own,0.5750461492397928,2,3047.25,535.71,0.7508,0
332,175732,6964,36,Employed,Own,0.1061767450177668,0,14644.33,218.23,0.1211,0
493,191124,2764,24,Employed,Rent,0.1618923171305755,1,15927.0,125.01,0.1697,0
360,99175,16318,12,Employed,Own,0.1850944903218043,4,8264.58,1419.48,0.3568,0
430,146891,8559,36,Employed,Rent,0.3112636571194682,4,12240.92,268.21,0.3332,0
607,131215,12702,120,Employed,Own,0.1876739580481053,0,10934.58,154.11,0.2018,0
392,151665,18139,24,Employed,Mortgage,0.4067770917176622,3,12638.75,820.38,0.4717,0
771,93692,17165,120,Employed,Rent,0.5429356909094742,0,7807.67,208.26,0.5696,1
776,126590,28359,120,Self-employed,Rent,0.2268900387282617,1,10549.17,344.07,0.2595,1
711,82104,29973,60,Employed,Own,0.5690738151778866,5,6842.0,607.74,0.6579,0
546,134238,5979,24,Employed,Own,0.5745169740041177,5,11186.5,270.41,0.5987,0
693,179844,34357,84,Unemployed,Rent,0.3528136483241093,5,14987.0,535.5,0.3885,1
681,144032,35044,36,Employed,Own,0.2865559061618509,3,12002.67,1098.15,0.378,1
846,89096,49150,84,Employed,Mortgage,0.1054868863162605,2,7424.67,766.06,0.2087,1
736,137159,3776,84,Self-employed,Mortgage,0.446644351560561,5,11429.92,58.85,0.4518,1
850,152611,15421,24,Self-employed,Rent,0.3469933900156103,2,12717.58,697.45,0.4018,1
369,118021,40419,24,Employed,Mortgage,0.4973298004790084,1,9835.08,1828.04,0.6832,0
308,22888,17836,60,Employed,Own,0.2690624293978704,2,1907.33,361.65,0.4587,0
789,83026,4775,12,Employed,Own,0.4428424376264763,1,6918.83,415.37,0.5029,1
622,30184,49624,60,Employed,Own,0.2523803884164334,5,2515.33,1006.2,0.6524,0
680,155094,13055,60,Employed,Rent,0.1878041839958109,4,12924.5,264.71,0.2083,1
600,53662,10253,120,Employed,Own,0.0775968276891295,0,4471.83,124.4,0.1054,0
602,127124,26378,36,Retired,Rent,0.0035250585206004,1,10593.67,826.59,0.0816,0
679,31777,20242,120,Unemployed,Own,0.1588830711709533,4,2648.08,245.59,0.2516,0
321,168454,36749,120,Self-employed,Own,0.497389339407018,4,14037.83,445.87,0.5292,0
659,124754,34547,120,Employed,Own,0.403909034696527,0,10396.17,419.15,0.4442,1
786,60575,18629,60,Employed,Own,0.531860091234966,0,5047.92,377.73,0.6067,0
523,87576,5689,12,Employed,Rent,0.4668999759861001,1,7298.0,494.88,0.5347,0
813,91495,37965,120,Employed,Rent,0.2285071674956605,4,7624.58,460.62,0.2889,1
439,159709,14871,120,Self-employed,Rent,0.4587009552234529,4,13309.08,180.43,0.4723,0
818,70051,17526,60,Self-employed,Mortgage,0.048228701524174,2,5837.58,355.36,0.1091,1
421,92471,44657,36,Self-employed,Own,0.2432756366960089,5,7705.92,1399.39,0.4249,0
575,167006,30575,120,Unemployed,Own,0.5278468653125552,4,13917.17,370.96,0.5545,0
731,58098,5481,12,Retired,Mortgage,0.1606382189682809,0,4841.5,476.78,0.2591,1
621,74043,20710,60,Employed,Mortgage,0.0679683215259968,5,6170.25,419.92,0.136,0
640,71013,46473,84,Employed,Mortgage,0.5774155123738052,1,5917.75,724.34,0.6998,0
313,71223,2469,84,Employed,Rent,0.2534747300551314,3,5935.25,38.48,0.26,0
626,61318,8051,36,Employed,Rent,0.1146427878672422,0,5109.83,252.29,0.164,0
805,143027,43084,12,Retired,Mortgage,0.5018810566157584,2,11918.92,3747.81,0.8163,0
425,142827,24661,84,Employed,Mortgage,0.2315892699907009,3,11902.25,384.37,0.2639,0
792,73398,1734,120,Employed,Mortgage,0.007035625710606,1,6116.5,21.04,0.0105,1
554,77427,31520,120,Retired,Own,0.2172876050925881,1,6452.25,382.42,0.2766,0
678,52513,6780,60,Unemployed,Mortgage,0.2203090148158818,3,4376.08,137.47,0.2517,1
463,197519,2427,120,Self-employed,Rent,0.0429947558227416,3,16459.92,29.45,0.0448,0
702,174933,8848,24,Self-employed,Own,0.2111549074318887,0,14577.75,400.17,0.2386,1
621,31579,13814,24,Unemployed,Rent,0.3820288486006133,5,2631.58,624.77,0.6194,0
730,42086,29775,36,Employed,Rent,0.4328874076360663,2,3507.17,933.04,0.6989,0
391,123762,29292,12,Employed,Mortgage,0.2162006390251852,0,10313.5,2548.07,0.4633,0
315,127363,25046,60,Employed,Rent,0.5348724783487259,2,10613.58,507.84,0.5827,0
419,168941,28202,84,Retired,Own,0.1428517671938523,5,14078.42,439.56,0.1741,0
651,82886,9190,24,Employed,Rent,0.1010928687214234,1,6907.17,415.64,0.1613,1
369,192066,40436,84,Employed,Mortgage,0.1449317874917751,1,16005.5,630.24,0.1843,0
483,105697,36748,60,Employed,Mortgage,0.348983318995361,3,8808.08,745.12,0.4336,0
747,125323,12276,36,Employed,Own,0.2521210505134009,4,10443.58,384.69,0.289,1
382,133917,11464,60,Employed,Rent,0.3399591942764176,3,11159.75,232.45,0.3608,0
762,180411,27067,84,Retired,Mortgage,0.0417573617834333,1,15034.25,421.87,0.0698,1
339,139251,4748,60,Employed,Rent,0.4277249183030175,3,11604.25,96.27,0.436,0
618,75349,5287,120,Self-employed,Mortgage,0.5480923765610415,3,6279.08,64.15,0.5583,0
410,29669,48497,84,Employed,Mortgage,0.4578089544291657,4,2472.42,755.88,0.7635,0
404,130941,33436,12,Employed,Mortgage,0.2028512873208659,1,10911.75,2908.55,0.4694,0
792,125198,32326,60,Employed,Rent,0.1941954524221611,0,10433.17,655.45,0.257,1
349,198715,2970,84,Employed,Mortgage,0.4918451344179692,4,16559.58,46.29,0.4946,0
662,113668,46123,60,Employed,Own,0.4207944817856632,5,9472.33,935.21,0.5195,1
574,26145,49239,60,Retired,Rent,0.271334867900711,0,2178.75,998.39,0.7296,0
652,22236,47540,84,Employed,Mortgage,0.4905224478674306,1,1853.0,740.97,0.8904,0
346,56446,10089,84,Employed,Mortgage,0.2585908719444432,0,4703.83,157.25,0.292,0
303,117625,29695,24,Self-employed,Mortgage,0.3998062013506453,0,9802.08,1343.02,0.5368,0
821,182379,45359,120,Employed,Rent,0.3848859967366773,4,15198.25,550.33,0.4211,1
829,66934,7573,36,Self-employed,Rent,0.3426790284700101,0,5577.83,237.31,0.3852,1
561,149341,5969,84,Employed,Own,0.1973237437619383,5,12445.08,93.03,0.2048,0
555,191184,5412,12,Employed,Mortgage,0.542315219868073,3,15932.0,470.78,0.5719,0
815,173890,44012,36,Employed,Mortgage,0.4422610832101795,1,14490.83,1379.18,0.5374,1
342,84584,6877,12,Employed,Own,0.1204133646626782,0,7048.67,598.22,0.2053,0
842,93295,33813,12,Employed,Rent,0.1945473015335871,4,7774.58,2941.34,0.5729,1
710,42392,20956,36,Employed,Own,0.588108099246734,0,3532.67,656.68,0.774,0
779,159739,30404,60,Employed,Own,0.4243602832448976,4,13311.58,616.48,0.4707,1
586,172057,49905,12,Employed,Mortgage,0.0039607756256721,4,14338.08,4341.16,0.3067,0
496,61356,17449,84,Employed,Mortgage,0.4236949412041076,5,5113.0,271.96,0.4769,0
819,83259,17565,36,Self-employed,Rent,0.595846110098139,3,6938.25,550.42,0.6752,0
725,152304,35394,120,Self-employed,Mortgage,0.1888966200993123,1,12692.0,429.43,0.2227,1
423,170354,11330,36,Employed,Mortgage,0.2286193554640611,1,14196.17,355.04,0.2536,0
547,175795,20241,12,Employed,Rent,0.1024974077323794,1,14649.58,1760.73,0.2227,0
845,28542,42364,36,Self-employed,Mortgage,0.4288247699384123,4,2378.5,1327.53,0.987,0
333,154895,1122,84,Self-employed,Mortgage,0.5839898864557335,3,12907.92,17.49,0.5853,0
452,130010,14348,12,Self-employed,Rent,0.0585152971567422,1,10834.17,1248.11,0.1737,0
828,64722,5071,36,Self-employed,Rent,0.1992983700945889,5,5393.5,158.91,0.2288,1
686,169415,46674,36,Employed,Mortgage,0.1407542159753667,0,14117.92,1462.59,0.2444,1
709,187816,44197,24,Employed,Mortgage,0.4099138410087158,0,15651.33,1998.91,0.5376,1
778,22704,34727,120,Employed,Mortgage,0.0711119756373584,0,1892.0,421.33,0.2938,0
818,173075,26422,24,Employed,Own,0.0690494059474327,4,14422.92,1195.0,0.1519,1
819,146182,27191,60,Retired,Mortgage,0.0218071294884222,3,12181.83,551.34,0.0671,1
384,155716,18178,120,Employed,Own,0.5870663368667687,5,12976.33,220.55,0.6041,0
405,179719,49616,60,Self-employed,Rent,0.5625512234491644,0,14976.58,1006.03,0.6297,0
318,60339,42218,24,Employed,Own,0.1115569652842991,2,5028.25,1909.41,0.4913,0
472,50878,9678,36,Employed,Mortgage,0.4096368553590646,5,4239.83,303.27,0.4812,0
521,109601,41218,24,Employed,Rent,0.4881069159063305,0,9133.42,1864.18,0.6922,0
430,102680,31435,36,Unemployed,Own,0.1758385314908923,3,8556.67,985.06,0.291,0
783,127196,12627,36,Employed,Mortgage,0.4143870529610074,5,10599.67,395.68,0.4517,1
504,94124,40398,60,Self-employed,Mortgage,0.4200350779200898,5,7843.67,819.13,0.5245,0
420,141097,36114,120,Retired,Own,0.4182927293033229,0,11758.08,438.16,0.4556,0
840,171556,7666,84,Employed,Mortgage,0.5233894612595379,3,14296.33,119.48,0.5317,1
840,147778,43821,24,Unemployed,Rent,0.069361902929983,1,12314.83,1981.91,0.2303,1
600,71184,31982,84,Employed,Rent,0.1402147887438373,2,5932.0,498.48,0.2242,0
471,189482,28664,120,Employed,Mortgage,0.5948834150509126,4,15790.17,347.77,0.6169,0
369,52607,14731,84,Self-employed,Rent,0.3282157866116578,1,4383.92,229.6,0.3806,0
825,177012,8653,84,Employed,Mortgage,0.1443283881076963,0,14751.0,134.87,0.1535,1
555,160023,8084,24,Unemployed,Mortgage,0.0927835560031015,0,13335.25,365.62,0.1202,0
665,49371,23178,84,Self-employed,Own,0.5564958756052294,1,4114.25,361.26,0.6443,0
563,142981,42977,120,Self-employed,Rent,0.5158316556549052,5,11915.08,521.43,0.5596,0
431,89901,27397,120,Employed,Mortgage,0.2334209949764242,3,7491.75,332.4,0.2778,0
792,22528,28304,36,Employed,Own,0.2378011277266369,5,1877.33,886.94,0.7102,0
326,23507,27201,60,Employed,Rent,0.5498796192258543,5,1958.92,551.54,0.8314,0
421,164388,3866,12,Self-employed,Rent,0.2205549984719362,1,13699.0,336.3,0.2451,0
832,24326,19681,60,Self-employed,Rent,0.5234270530330125,3,2027.17,399.06,0.7203,0
839,195551,3448,60,Retired,Rent,0.0181380223210342,1,16295.92,69.91,0.0224,1
478,186219,9570,84,Employed,Own,0.5710874752071435,5,15518.25,149.16,0.5807,0
415,94166,38355,120,Self-employed,Rent,0.2323436191854246,5,7847.17,465.35,0.2916,0
618,165510,4700,36,Employed,Mortgage,0.2059219699136017,1,13792.5,147.28,0.2166,0
386,104225,15550,60,Employed,Rent,0.1121243504867776,3,8685.42,315.3,0.1484,0
681,137272,18798,60,Employed,Mortgage,0.2547448153076825,2,11439.33,381.16,0.2881,1
812,50732,39938,36,Unemployed,Mortgage,0.3764845683541651,0,4227.67,1251.51,0.6725,0
437,180210,47891,24,Employed,Mortgage,0.5960448814145738,5,15017.5,2165.98,0.7403,0
647,38545,31372,120,Retired,Own,0.2177590911264203,1,3212.08,380.63,0.3363,0
657,113304,11649,84,Unemployed,Mortgage,0.0494377336074026,5,9442.0,181.56,0.0687,1
758,144684,32648,120,Employed,Rent,0.0517467438395157,1,12057.0,396.11,0.0846,1
809,118595,39320,60,Employed,Rent,0.120783132982698,5,9882.92,797.27,0.2015,1
581,57506,22587,84,Employed,Own,0.5369250204946681,2,4792.17,352.05,0.6104,0
564,87039,38327,24,Retired,Mortgage,0.0947236764791692,3,7253.25,1733.43,0.3337,0
525,61565,13414,84,Self-employed,Mortgage,0.1949772731885575,3,5130.42,209.07,0.2357,0
666,122970,21158,24,Employed,Mortgage,0.015980477553306,1,10247.5,956.92,0.1094,1
600,68874,34918,120,Employed,Own,0.5296313078522178,5,5739.5,423.65,0.6034,0
446,138841,13868,36,Self-employed,Own,0.4325769128782223,5,11570.08,434.57,0.4701,0
506,75321,36052,12,Employed,Rent,0.1619625573386629,4,6276.75,3136.11,0.6616,0
340,94574,16028,84,Unemployed,Rent,0.3089902858094133,5,7881.17,249.82,0.3407,0
510,60233,4979,24,Employed,Own,0.3783478835280915,4,5019.42,225.19,0.4232,0
459,129611,15144,36,Employed,Own,0.0090642882365088,4,10800.92,474.56,0.053,0
377,165613,7537,60,Employed,Own,0.0376810590750563,2,13801.08,152.82,0.0488,0
670,193809,44674,60,Employed,Rent,0.0460458310044126,1,16150.75,905.83,0.1021,1
511,83275,16462,120,Unemployed,Mortgage,0.4893209566159302,3,6939.58,199.73,0.5181,0
571,77230,40489,60,Employed,Rent,0.3299626746023682,3,6435.83,820.97,0.4575,0
808,81823,23760,12,Self-employed,Rent,0.2454584034528925,0,6818.58,2066.85,0.5486,1
649,171835,35105,36,Self-employed,Own,0.4830096352989219,5,14319.58,1100.06,0.5598,0
446,176109,15095,120,Employed,Rent,0.0497284688648357,4,14675.75,183.14,0.0622,0
431,197148,42690,36,Employed,Rent,0.3740028110885872,0,16429.0,1337.75,0.4554,0
439,195647,44961,36,Retired,Rent,0.541794491452958,2,16303.92,1408.91,0.6282,0
641,73672,16694,120,Unemployed,Rent,0.4347175886511732,4,6139.33,202.54,0.4677,0
522,181112,7588,36,Employed,Own,0.4421836177048596,3,15092.67,237.78,0.4579,0
804,76781,8638,36,Self-employed,Own,0.1134340057017903,4,6398.42,270.68,0.1557,1
558,48818,19708,36,Unemployed,Own,0.5756363527877865,3,4068.17,617.58,0.7274,0
367,83291,43730,60,Self-employed,Mortgage,0.3466273196127162,5,6940.92,886.69,0.4744,0
633,100737,32823,84,Retired,Mortgage,0.1253931933174499,3,8394.75,511.59,0.1863,0
692,133076,32688,36,Employed,Own,0.3493094003757833,2,11089.67,1024.32,0.4417,1
705,32996,38008,120,Employed,Rent,0.5972833237440497,4,2749.67,461.14,0.765,0
661,193647,10393,36,Employed,Rent,0.1971059089371968,4,16137.25,325.68,0.2173,1
651,70490,16293,60,Self-employed,Rent,0.2217274128462685,4,5874.17,330.36,0.278,1
691,188566,49999,120,Employed,Own,0.403346758515631,4,15713.83,606.63,0.442,1
313,25933,32938,36,Employed,Rent,0.423888184125556,2,2161.08,1032.16,0.9015,0
391,102799,44670,12,Retired,Own,0.1074135343402092,3,8566.58,3885.77,0.561,0
591,32077,14880,36,Employed,Own,0.4658560609140308,4,2673.08,466.29,0.6403,0
813,176631,7411,120,Employed,Mortgage,0.3797283962438157,1,14719.25,89.92,0.3858,1
737,137545,14640,12,Employed,Mortgage,0.3145436633433519,1,11462.08,1273.51,0.4257,1
829,173442,9715,120,Retired,Own,0.5634274192521059,5,14453.5,117.87,0.5716,1
384,93944,21615,60,Self-employed,Mortgage,0.4979467969078241,2,7828.67,438.27,0.5539,0
369,38893,2164,12,Employed,Own,0.4777829166618407,3,3241.08,188.24,0.5359,0
708,180859,29018,12,Employed,Rent,0.5272931278594507,4,15071.58,2524.23,0.6948,0
411,155822,7038,12,Self-employed,Own,0.0433434481187244,5,12985.17,612.22,0.0905,0
822,106057,12641,60,Employed,Mortgage,0.0240254404023442,5,8838.08,256.31,0.053,1
593,84020,25752,24,Employed,Rent,0.3496783282466857,0,7001.67,1164.69,0.516,0
647,24056,6754,60,Employed,Own,0.2825377879908313,2,2004.67,136.95,0.3509,0
618,124325,15241,12,Self-employed,Mortgage,0.3480596679383273,5,10360.42,1325.79,0.476,0
426,190383,34528,60,Employed,Rent,0.4728971040157899,1,15865.25,700.1,0.517,0
655,148258,28548,60,Self-employed,Mortgage,0.5356653009270518,1,12354.83,578.85,0.5825,1
545,118442,12123,24,Retired,Own,0.4368187994249475,4,9870.17,548.29,0.4924,0
454,78699,17405,24,Self-employed,Rent,0.2353827655439925,3,6558.25,787.18,0.3554,0
575,72647,1897,24,Self-employed,Rent,0.0897065022129474,2,6053.92,85.8,0.1039,0
471,146601,35298,36,Employed,Mortgage,0.5417705164770454,1,12216.75,1106.11,0.6323,0
588,86110,11643,36,Employed,Rent,0.4237213845909104,4,7175.83,364.85,0.4746,0
770,187874,19862,84,Self-employed,Own,0.220322977291856,0,15656.17,309.57,0.2401,1
699,169680,24247,60,Employed,Mortgage,0.0734964534400966,0,14140.0,491.64,0.1083,1
743,177506,40344,84,Employed,Rent,0.5149041500330434,4,14792.17,628.81,0.5574,1
319,32976,43159,84,Retired,Mortgage,0.0394008734862122,2,2748.0,672.69,0.2842,0
413,178865,8090,60,Employed,Rent,0.127846042781797,0,14905.42,164.04,0.1389,0
314,175972,40754,12,Employed,Own,0.2877109757692441,3,14664.33,3545.13,0.5295,0
625,25376,23290,12,Employed,Mortgage,0.1698365405543548,4,2114.67,2025.96,1.1279,0
697,23248,2977,12,Employed,Rent,0.3615450275407906,2,1937.33,258.96,0.4952,0
361,80991,8168,36,Employed,Own,0.2004363514141554,3,6749.25,255.96,0.2384,0
829,162608,27978,36,Employed,Mortgage,0.4731852330198978,0,13550.67,876.73,0.5379,1
485,29653,1454,24,Employed,Own,0.2526716020227011,1,2471.08,65.76,0.2793,0
592,36211,4447,84,Retired,Mortgage,0.0032842614309267,5,3017.58,69.31,0.0263,0
763,184029,1655,84,Unemployed,Mortgage,0.1359711455457334,5,15335.75,25.8,0.1377,1
318,30816,31031,36,Employed,Mortgage,0.1560812159997972,1,2568.0,972.4,0.5347,0
392,150351,41688,12,Employed,Mortgage,0.4334484721381025,3,12529.25,3626.37,0.7229,0
388,142163,5167,36,Employed,Rent,0.1262315743993452,5,11846.92,161.92,0.1399,0
774,22955,17857,60,Self-employed,Rent,0.2224055021103484,1,1912.92,362.08,0.4117,0
652,143138,34964,24,Employed,Rent,0.2174038118100272,3,11928.17,1581.33,0.35,1
722,56671,12135,12,Employed,Rent,0.5333076782433201,1,4722.58,1055.6,0.7568,0
484,83452,41108,36,Employed,Own,0.0429345837073081,0,6954.33,1288.18,0.2282,0
750,81979,48899,84,Employed,Rent,0.0472712181828184,2,6831.58,762.15,0.1588,1
531,49015,30607,36,Unemployed,Own,0.4099526709440067,4,4084.58,959.11,0.6448,0
745,174686,47570,60,Employed,Rent,0.1152343376980614,3,14557.17,964.55,0.1815,1
416,102752,5666,24,Retired,Own,0.3105903354119428,1,8562.67,256.26,0.3405,0
515,80315,36342,60,Self-employed,Rent,0.3220928373683517,2,6692.92,736.88,0.4322,0
600,130164,42014,24,Employed,Own,0.2549167970280271,1,10847.0,1900.18,0.4301,0
361,160035,14675,120,Self-employed,Own,0.1920918031925938,4,13336.25,178.05,0.2054,0
538,69590,20066,36,Employed,Rent,0.5774154860680192,3,5799.17,628.8,0.6858,0
413,30093,17902,24,Employed,Own,0.4549248716432031,2,2507.75,809.66,0.7778,0
764,157886,24186,36,Unemployed,Own,0.0018854053650055,3,13157.17,757.9,0.0595,1
654,130626,11931,60,Employed,Own,0.1177436225701745,2,10885.5,241.92,0.14,1
827,157413,14195,84,Employed,Own,0.1218266294866257,3,13117.75,221.25,0.1387,1
795,60121,17239,84,Unemployed,Rent,0.1750548443455951,5,5010.08,268.69,0.2287,1
729,181345,29962,12,Employed,Mortgage,0.1187161633105722,4,15112.08,2606.35,0.2912,1
506,74696,25419,24,Self-employed,Own,0.0172700596181559,3,6224.67,1149.63,0.202,0
319,143281,43194,84,Self-employed,Own,0.4737772208117266,4,11940.08,673.23,0.5302,0
827,47789,42796,84,Employed,Mortgage,0.345127179223446,4,3982.42,667.03,0.5126,0
526,95816,23722,24,Unemployed,Own,0.5297178422915104,3,7984.67,1072.88,0.6641,0
764,55763,35747,36,Employed,Own,0.452642826641633,4,4646.92,1120.18,0.6937,0
774,83565,41735,36,Employed,Own,0.5711794137364752,4,6963.75,1307.82,0.759,0
428,164891,3964,120,Self-employed,Mortgage,0.5778180431837141,4,13740.92,48.09,0.5813,0
479,79637,32885,24,Retired,Mortgage,0.2518541950044996,5,6636.42,1487.3,0.476,0
473,174951,19256,60,Retired,Mortgage,0.276218325853745,0,14579.25,390.44,0.303,0
772,157866,47551,12,Employed,Own,0.1042266588352493,2,13155.5,4136.39,0.4186,1
567,20834,24954,24,Retired,Mortgage,0.2585658588489591,4,1736.17,1128.6,0.9086,0
380,94530,29100,24,Retired,Own,0.453732652178114,2,7877.5,1316.11,0.6208,0
640,78955,42250,84,Self-employed,Rent,0.1520069615117318,5,6579.58,658.52,0.2521,0
513,131673,44859,24,Employed,Rent,0.0783930995400375,2,10972.75,2028.85,0.2633,0
567,117915,49383,84,Self-employed,Mortgage,0.4265862372408268,2,9826.25,769.69,0.5049,0
334,101326,12887,36,Employed,Mortgage,0.5006826089449372,4,8443.83,403.83,0.5485,0
487,105674,30622,84,Employed,Own,0.082692598973823,4,8806.17,477.28,0.1369,0
562,31871,7289,84,Retired,Mortgage,0.5118905005158136,4,2655.92,113.61,0.5547,0
698,123910,31779,120,Employed,Own,0.2704541382321628,4,10325.83,385.57,0.3078,1
383,169637,1985,60,Employed,Own,0.0786188457653006,5,14136.42,40.25,0.0815,0
312,110186,24721,36,Employed,Own,0.1749329407039196,1,9182.17,774.67,0.2593,0
824,47182,34012,60,Self-employed,Rent,0.0344175633385296,3,3931.83,689.64,0.2098,0
510,164753,26906,24,Employed,Own,0.072762498023606,3,13729.42,1216.89,0.1614,0
470,135464,20778,36,Employed,Rent,0.5475328358331053,5,11288.67,651.11,0.6052,0
680,38123,25410,24,Employed,Mortgage,0.2151665108402099,1,3176.92,1149.23,0.5769,0
804,29944,27976,84,Unemployed,Own,0.5709655677941504,1,2495.33,436.04,0.7457,0
781,68065,36367,24,Self-employed,Own,0.3522544793107458,1,5672.08,1644.78,0.6422,0
405,142043,37557,84,Employed,Rent,0.4166998541526803,5,11836.92,585.37,0.4662,0
777,34375,21411,60,Employed,Mortgage,0.0201728933645427,1,2864.58,434.14,0.1717,0
527,150614,31394,120,Retired,Mortgage,0.3338046948860678,5,12551.17,380.9,0.3642,0
423,77567,2164,24,Employed,Mortgage,0.4975174019988301,0,6463.92,97.87,0.5127,0
577,186867,40765,60,Retired,Mortgage,0.5908682728779873,3,15572.25,826.57,0.6439,0
738,141405,19824,36,Unemployed,Own,0.1446091706995909,1,11783.75,621.21,0.1973,1
725,58271,25922,60,Retired,Mortgage,0.3842076467163236,1,4855.92,525.6,0.4924,1
666,155644,8983,24,Employed,Rent,0.1352812823013502,1,12970.33,406.28,0.1666,1
480,115926,30348,120,Employed,Own,0.2766072413136652,2,9660.5,368.2,0.3147,0
794,191407,39696,12,Employed,Own,0.071760300969308,1,15950.58,3453.09,0.2882,1
714,81987,11488,84,Employed,Own,0.5377576838748185,0,6832.25,179.05,0.564,1
320,70336,40360,12,Employed,Rent,0.2916748498495176,0,5861.33,3510.85,0.8907,0
554,156723,22724,84,Self-employed,Mortgage,0.5618688658190389,0,13060.25,354.18,0.589,0
785,98061,31554,84,Retired,Rent,0.1222133813650776,5,8171.75,491.81,0.1824,1
794,41347,48595,12,Employed,Mortgage,0.5012464397196785,4,3445.58,4227.2,1.7281,0
467,78790,45192,36,Self-employed,Rent,0.0888331851572264,5,6565.83,1416.15,0.3045,0
387,105090,40427,84,Unemployed,Mortgage,0.0026895038256173,2,8757.5,630.1,0.0746,0
312,190107,17618,120,Self-employed,Mortgage,0.3054348587243402,5,15842.25,213.75,0.3189,0
591,124422,19909,120,Employed,Rent,0.5265776282166329,5,10368.5,241.55,0.5499,0
632,167036,33633,24,Self-employed,Own,0.3286878531105974,5,13919.67,1521.13,0.438,0
605,144472,13849,24,Self-employed,Rent,0.2966164164353519,0,12039.33,626.35,0.3486,0
696,187444,11895,60,Employed,Rent,0.2587277964806461,1,15620.33,241.19,0.2742,1
753,94564,30939,12,Employed,Rent,0.1693355901635833,3,7880.33,2691.34,0.5109,1
521,36116,36807,24,Employed,Mortgage,0.5832304619263321,4,3009.67,1664.68,1.1363,0
536,44007,2332,24,Employed,Own,0.4074602121423034,3,3667.25,105.47,0.4362,0
583,82932,10204,120,Employed,Own,0.468747510141254,5,6911.0,123.8,0.4867,0
532,171552,8733,84,Self-employed,Mortgage,0.3524577141321867,1,14296.0,136.11,0.362,0
844,99055,36073,60,Self-employed,Own,0.0106406411935785,0,8254.58,731.43,0.0992,1
645,75569,7928,120,Employed,Mortgage,0.2111956241873548,3,6297.42,96.19,0.2265,0
839,70322,43397,120,Employed,Mortgage,0.2831943399809215,0,5860.17,526.53,0.373,1
782,61115,35010,120,Employed,Rent,0.0989817986673059,4,5092.92,424.77,0.1824,1
576,158308,3790,60,Employed,Rent,0.5370155187323236,3,13192.33,76.85,0.5428,0
628,71815,30436,36,Employed,Rent,0.5991244692993051,0,5984.58,953.75,0.7585,0
778,186616,26955,24,Self-employed,Mortgage,0.1960068384433268,0,15551.33,1219.1,0.2744,1
316,192073,3286,84,Employed,Rent,0.2806225024430213,0,16006.08,51.22,0.2838,0
556,41946,15455,120,Retired,Rent,0.5803107217265907,2,3495.5,187.51,0.634,0
600,24650,33187,36,Employed,Mortgage,0.5141415737712165,3,2054.17,1039.96,1.0204,0
597,189499,30300,36,Unemployed,Mortgage,0.4919762628409183,1,15791.58,949.49,0.5521,0
326,72085,7271,60,Retired,Mortgage,0.4682580310994533,2,6007.08,147.43,0.4928,0
655,178027,46089,24,Employed,Mortgage,0.2831068865020749,2,14835.58,2084.48,0.4236,1
836,140901,38498,120,Employed,Mortgage,0.287187697931672,1,11741.75,467.09,0.327,1
801,132480,26647,24,Self-employed,Rent,0.3581404970880344,1,11040.0,1205.17,0.4673,1
781,172362,29956,84,Employed,Mortgage,0.4299095570957379,5,14363.5,466.9,0.4624,1
552,26943,23008,12,Employed,Rent,0.1137804220350406,5,2245.25,2001.43,1.0052,0
510,188886,16567,84,Retired,Own,0.5573412435463418,5,15740.5,258.22,0.5737,0
537,90280,22933,24,Employed,Rent,0.528661944978758,1,7523.33,1037.2,0.6665,0
314,76613,3555,24,Retired,Mortgage,0.3469783289172578,4,6384.42,160.78,0.3722,0
315,31906,7564,60,Self-employed,Own,0.4316409148036,2,2658.83,153.37,0.4893,0
844,184302,44331,84,Employed,Rent,0.529264797298934,0,15358.5,690.95,0.5743,1
664,81899,10996,120,Self-employed,Mortgage,0.0406227422358434,1,6824.92,133.41,0.0602,1
519,83311,43002,24,Employed,Mortgage,0.4446196078204272,4,6942.58,1944.86,0.7248,0
639,88470,31810,84,Employed,Rent,0.3858757874574593,0,7372.5,495.8,0.4531,0
414,71463,24408,84,Self-employed,Rent,0.576671672362052,5,5955.25,380.43,0.6406,0
660,154202,3793,24,Employed,Rent,0.304263847431467,3,12850.17,171.55,0.3176,1
728,167196,22216,120,Self-employed,Mortgage,0.0918358034639874,3,13933.0,269.54,0.1112,1
714,126353,24145,120,Employed,Mortgage,0.3373557276768513,4,10529.42,292.95,0.3652,1
785,95099,48748,84,Employed,Rent,0.3393861658275413,2,7924.92,759.8,0.4353,1
538,197123,42833,24,Employed,Rent,0.3745583175950983,2,16426.92,1937.22,0.4925,0
302,43933,21841,36,Unemployed,Rent,0.010589643567583,4,3661.08,684.42,0.1975,0
490,71348,26336,24,Self-employed,Rent,0.4000261980313404,0,5945.67,1191.11,0.6004,0
362,97037,39395,12,Employed,Own,0.4027958027031355,4,8086.42,3426.91,0.8266,0
768,190556,25939,24,Employed,Rent,0.0589259577950798,2,15879.67,1173.15,0.1328,1
617,76794,43533,36,Self-employed,Rent,0.0494055657825389,0,6399.5,1364.17,0.2626,0
348,96191,16206,84,Employed,Rent,0.288999866240436,5,8015.92,252.59,0.3205,0
837,89509,24198,36,Employed,Rent,0.2797961488811766,4,7459.08,758.28,0.3815,1
762,148029,40430,84,Retired,Own,0.2644219202963017,5,12335.75,630.15,0.3155,1
323,164826,2886,60,Employed,Rent,0.1793907427902258,1,13735.5,58.52,0.1837,0
831,93389,36441,60,Self-employed,Rent,0.4904045884834638,5,7782.42,738.89,0.5853,1
616,42018,15780,60,Self-employed,Own,0.1492277078004204,1,3501.5,319.96,0.2406,0
687,152723,32235,24,Employed,Own,0.006931785978303,1,12726.92,1457.9,0.1215,1
348,35538,37439,84,Employed,Rent,0.4101459690094527,0,2961.5,583.53,0.6072,0
719,193686,11549,36,Self-employed,Rent,0.1655635586712875,1,16140.5,361.9,0.188,1
795,118182,28740,36,Self-employed,Rent,0.0321082537030813,3,9848.5,900.61,0.1236,1
808,51131,44695,36,Employed,Rent,0.3050963120544426,4,4260.92,1400.58,0.6338,0
771,153927,5258,24,Employed,Rent,0.4221740298385919,0,12827.25,237.81,0.4407,1
490,146296,1952,120,Self-employed,Own,0.1960313548537107,3,12191.33,23.68,0.198,0
640,86851,2740,12,Employed,Rent,0.1816571774678327,2,7237.58,238.35,0.2146,0
419,134468,48419,84,Employed,Mortgage,0.2940278998938248,1,11205.67,754.67,0.3614,0
750,45813,9139,120,Self-employed,Own,0.5010563692579139,1,3817.75,110.88,0.5301,0
623,111088,46887,36,Employed,Own,0.157725837677058,4,9257.33,1469.27,0.3164,0
771,102511,24477,12,Employed,Rent,0.3968617438059096,1,8542.58,2129.22,0.6461,0
347,155668,17705,120,Employed,Mortgage,0.0379310943413305,1,12972.33,214.81,0.0545,0
391,183701,12670,84,Employed,Rent,0.3115552745104709,2,15308.42,197.48,0.3245,0
738,80417,2553,60,Employed,Rent,0.4080370603839173,0,6701.42,51.77,0.4158,1
726,77175,48753,60,Unemployed,Rent,0.0884780573872276,3,6431.25,988.54,0.2422,1
772,91785,36376,60,Employed,Mortgage,0.391146613437238,0,7648.75,737.57,0.4876,1
798,151565,6914,12,Employed,Own,0.3196782833976831,5,12630.42,601.44,0.3673,1
305,197148,27450,36,Self-employed,Rent,0.5562388507140261,2,16429.0,860.18,0.6086,0
309,81104,7720,24,Unemployed,Own,0.1584006893630565,0,6758.67,349.15,0.2101,0
340,109903,37037,24,Self-employed,Own,0.576477040509819,5,9158.58,1675.08,0.7594,0
552,146404,23334,36,Self-employed,Rent,0.3042196208105292,0,12200.33,731.2,0.3642,0
740,93243,4474,24,Self-employed,Mortgage,0.4743573944512278,5,7770.25,202.35,0.5004,1
372,131396,9991,36,Employed,Mortgage,0.3339389783473631,4,10949.67,313.08,0.3625,0
486,185253,45584,120,Employed,Mortgage,0.4566624350686719,2,15437.75,553.06,0.4925,0
589,160594,24713,12,Employed,Mortgage,0.2393715766775669,5,13382.83,2149.75,0.4,0
781,185509,39829,120,Employed,Own,0.0409258901104035,4,15459.08,483.24,0.0722,1
455,118357,12755,120,Employed,Mortgage,0.1833122894944356,1,9863.08,154.75,0.199,0
456,132447,10409,12,Employed,Rent,0.3895347097815418,1,11037.25,905.46,0.4716,0
660,110794,3235,120,Self-employed,Mortgage,0.0088459980591311,0,9232.83,39.25,0.0131,1
850,26214,1873,60,Employed,Rent,0.1950041326374972,5,2184.5,37.98,0.2124,0
621,79122,22254,36,Employed,Rent,0.0901812149793463,1,6593.5,697.36,0.1959,0
667,113241,25133,60,Employed,Rent,0.3891739421917671,4,9436.75,509.61,0.4432,1
581,143538,33138,24,Employed,Rent,0.5459935002928106,2,11961.5,1498.74,0.6713,0
450,130628,24759,12,Unemployed,Rent,0.4306682270669054,1,10885.67,2153.75,0.6285,0
580,157555,32293,36,Retired,Own,0.4037582433953575,5,13129.58,1011.95,0.4808,0
637,66482,26334,36,Employed,Own,0.0753382375790995,2,5540.17,825.21,0.2243,0
763,109267,14897,120,Employed,Rent,0.423679569366624,3,9105.58,180.74,0.4435,1
753,154028,10025,12,Unemployed,Mortgage,0.3273185897685286,1,12835.67,872.06,0.3953,1
572,69882,47470,120,Employed,Own,0.4427633018649344,5,5823.5,575.94,0.5417,0
837,170547,37417,24,Employed,Own,0.2799612883125629,4,14212.25,1692.27,0.399,1
617,193113,14853,84,Self-employed,Mortgage,0.4860418450312272,3,16092.75,231.5,0.5004,0
519,174511,13695,36,Unemployed,Rent,0.3253946448399877,0,14542.58,429.15,0.3549,0
304,89543,12951,12,Employed,Mortgage,0.4307087100038166,5,7461.92,1126.59,0.5817,0
352,127906,2269,24,Employed,Mortgage,0.5819126286296997,3,10658.83,102.62,0.5915,0
694,164515,25366,60,Self-employed,Own,0.0269799237093141,0,13709.58,514.33,0.0645,1
591,172532,17266,84,Employed,Rent,0.2061480668999702,2,14377.67,269.11,0.2249,0
751,184522,19164,84,Unemployed,Rent,0.116029299737767,3,15376.83,298.69,0.1355,1
384,158942,4313,120,Unemployed,Mortgage,0.4450307309269844,0,13245.17,52.33,0.449,0
424,136280,14779,120,Employed,Rent,0.5597289024291691,0,11356.67,179.31,0.5755,0
346,138587,22442,60,Employed,Rent,0.2101331994688964,2,11548.92,455.04,0.2495,0
777,196825,29962,84,Employed,Own,0.3083060070957021,4,16402.08,466.99,0.3368,1
625,190396,41002,60,Employed,Own,0.3869855099001348,3,15866.33,831.37,0.4394,0
796,173190,27457,84,Employed,Rent,0.5798309623570437,5,14432.5,427.95,0.6095,0
498,21994,7723,12,Employed,Own,0.4417124905783683,1,1832.83,671.81,0.8083,0
710,186974,49723,24,Unemployed,Mortgage,0.5423994201823287,1,15581.17,2248.84,0.6867,0
681,83829,14241,120,Employed,Mortgage,0.3172261752935184,5,6985.75,172.78,0.342,1
722,149147,23351,84,Self-employed,Rent,0.3113055679496632,0,12428.92,363.95,0.3406,1
573,145351,19801,24,Employed,Own,0.290499646370499,2,12112.58,895.55,0.3644,0
722,154903,49969,120,Employed,Rent,0.3490268188957626,1,12908.58,606.26,0.396,1
724,96445,32390,24,Self-employed,Mortgage,0.5770272747786784,0,8037.08,1464.91,0.7593,0
329,180586,6651,36,Employed,Mortgage,0.1896196995165832,5,15048.83,208.42,0.2035,0
780,100440,21808,36,Employed,Rent,0.0484483932379272,1,8370.0,683.38,0.1301,1
440,122277,9702,120,Employed,Mortgage,0.4928759901793048,0,10189.75,117.71,0.5044,0
482,30481,24358,60,Employed,Own,0.516332811716972,2,2540.08,493.89,0.7108,0
819,38220,36195,36,Retired,Mortgage,0.3562449472452076,0,3185.0,1134.22,0.7124,0
655,86486,23088,24,Employed,Rent,0.4085163084763067,2,7207.17,1044.21,0.5534,1
348,164216,33846,36,Employed,Own,0.5034858152077043,1,13684.67,1060.61,0.581,0
721,189100,7640,12,Employed,Rent,0.3921528198690355,3,15758.33,664.59,0.4343,1
787,128239,49056,60,Self-employed,Rent,0.4246465189191166,5,10686.58,994.68,0.5177,1
378,109436,28137,60,Unemployed,Rent,0.25831589339928,5,9119.67,570.52,0.3209,0
689,122252,46851,60,Retired,Rent,0.0699062201489751,0,10187.67,949.97,0.1632,1
497,150592,46799,24,Employed,Own,0.3434964169913541,2,12549.33,2116.59,0.5122,0
522,61198,21907,24,Employed,Rent,0.4584840335953564,2,5099.83,990.79,0.6528,0
306,110664,26061,24,Employed,Own,0.4756033068022696,2,9222.0,1178.67,0.6034,0
635,80961,11505,36,Employed,Rent,0.5892757621915514,5,6746.75,360.52,0.6427,0
676,193822,26954,24,Employed,Mortgage,0.2272678861332724,2,16151.83,1219.06,0.3027,1
427,91304,15366,84,Employed,Mortgage,0.3509461794650952,0,7608.67,239.5,0.3824,0
441,175431,24659,12,Employed,Mortgage,0.3297427238206116,0,14619.25,2145.05,0.4765,0
605,149195,18552,12,Employed,Mortgage,0.59991942127665,3,12432.92,1613.81,0.7297,0
504,150368,2228,24,Self-employed,Mortgage,0.1493574041692303,5,12530.67,100.77,0.1574,0
719,126175,41905,84,Unemployed,Rent,0.2367937334787493,2,10514.58,653.14,0.2989,1
719,29952,26658,60,Unemployed,Mortgage,0.4807207135895877,2,2496.0,540.53,0.6973,0
474,109389,48768,60,Employed,Own,0.5218904050276021,1,9115.75,988.84,0.6304,0
437,33512,5415,60,Retired,Rent,0.5911869919421786,2,2792.67,109.8,0.6305,0
717,47659,28571,60,Employed,Rent,0.5980455707219744,5,3971.58,579.32,0.7439,0
704,153463,11470,36,Employed,Mortgage,0.2078173758354489,3,12788.58,359.43,0.2359,1
729,131602,28926,12,Employed,Rent,0.4159476007611172,2,10966.83,2516.23,0.6454,0
833,128256,42901,24,Employed,Mortgage,0.2720179031397614,2,10688.0,1940.3,0.4536,1
750,163457,36123,24,Self-employed,Rent,0.2214791353227332,5,13621.42,1633.75,0.3414,1
573,170677,27198,12,Employed,Rent,0.5238070575188771,3,14223.08,2365.91,0.6902,0
753,55469,8426,60,Employed,Own,0.5769609778987438,5,4622.42,170.85,0.6139,0
388,74625,18700,84,Self-employed,Rent,0.2946176570990828,0,6218.75,291.46,0.3415,0
824,22992,19334,84,Self-employed,Own,0.1712051330539803,5,1916.0,301.34,0.3285,0
427,169562,18427,84,Employed,Rent,0.4329604661156445,1,14130.17,287.21,0.4533,0
775,117874,42809,36,Retired,Rent,0.4452758774192611,5,9822.83,1341.48,0.5818,1
436,150876,29789,12,Employed,Own,0.5950420113341438,0,12573.0,2591.3,0.8011,0
796,85247,45145,120,Employed,Rent,0.3680776517919356,0,7103.92,547.73,0.4452,1
816,136995,43147,24,Employed,Rent,0.2262218496718283,4,11416.25,1951.42,0.3972,1
646,112645,41613,60,Employed,Own,0.1215678033691418,5,9387.08,843.76,0.2115,0
323,29944,9428,84,Unemployed,Own,0.3312327774272721,2,2495.33,146.95,0.3901,0
398,167835,28299,24,Unemployed,Own,0.2988718780472906,0,13986.25,1279.89,0.3904,0
817,45616,43190,60,Self-employed,Rent,0.324075771614336,3,3801.33,875.74,0.5545,0
817,102762,36245,36,Employed,Rent,0.2701194113854002,1,8563.5,1135.79,0.4028,1
685,190903,27105,36,Self-employed,Own,0.0588515688861681,3,15908.58,849.37,0.1122,1
396,114310,23927,120,Employed,Rent,0.0940540725140378,1,9525.83,290.3,0.1245,0
521,56333,43231,120,Employed,Rent,0.4924836673321003,3,4694.42,524.51,0.6042,0
846,64702,13740,60,Unemployed,Mortgage,0.584132971119985,3,5391.83,278.6,0.6358,0
848,117067,34478,24,Employed,Own,0.4847710750615956,3,9755.58,1559.35,0.6446,0
751,111383,1119,84,Employed,Rent,0.016771869645192,5,9281.92,17.44,0.0187,1
814,169976,25643,120,Self-employed,Rent,0.3826362846299786,5,14164.67,311.12,0.4046,1
535,90601,40348,120,Employed,Own,0.0467638405260545,3,7550.08,489.53,0.1116,0
826,149054,48964,84,Unemployed,Own,0.4769363369147476,4,12421.17,763.16,0.5384,1
715,137914,33649,60,Employed,Rent,0.4382121708490473,3,11492.83,682.28,0.4976,1
832,23067,34915,24,Unemployed,Mortgage,0.0726953443030003,0,1922.25,1579.11,0.8942,0
721,70807,48725,36,Employed,Own,0.2363240359968251,2,5900.58,1526.86,0.4951,1
649,60705,3488,120,Employed,Rent,0.4980661025610988,5,5058.75,42.32,0.5064,0
667,90522,10570,120,Employed,Rent,0.4316307714114344,0,7543.5,128.24,0.4486,1
376,197923,2825,84,Employed,Own,0.0714169810886518,4,16493.58,44.03,0.0741,0
630,51089,22856,12,Employed,Own,0.2280894097889884,3,4257.42,1988.21,0.6951,0
623,61017,39062,84,Employed,Mortgage,0.0585896767308034,1,5084.75,608.83,0.1783,0
849,151776,22793,36,Employed,Rent,0.0110477550658608,0,12648.0,714.25,0.0675,1
573,96136,26040,24,Employed,Rent,0.5500540865539989,4,8011.33,1177.72,0.6971,0
499,33354,1458,24,Self-employed,Rent,0.0503448714497859,1,2779.5,65.94,0.0741,0
376,156933,5537,24,Employed,Own,0.0281872483301285,3,13077.75,250.42,0.0473,0
821,171450,36037,120,Employed,Mortgage,0.5664018955586871,5,14287.5,437.23,0.597,1
797,64333,25168,60,Employed,Own,0.2176687345792032,5,5361.08,510.32,0.3129,1
725,72765,17673,12,Self-employed,Rent,0.5217841478645765,1,6063.75,1537.35,0.7753,0
647,59687,27144,60,Self-employed,Mortgage,0.3250097779267075,4,4973.92,550.38,0.4357,0
379,39025,17507,84,Employed,Mortgage,0.0173146249636963,3,3252.08,272.87,0.1012,0
779,49175,27439,120,Self-employed,Own,0.2346430748110664,1,4097.92,332.91,0.3159,0
828,65652,2230,12,Unemployed,Own,0.061393187273938,1,5471.0,193.98,0.0968,1
585,75204,49581,24,Employed,Mortgage,0.1710005620197845,0,6267.0,2242.41,0.5288,0
816,25698,6123,24,Employed,Rent,0.1292412921019643,5,2141.5,276.93,0.2586,0
538,62527,43510,24,Employed,Own,0.3741230208018533,5,5210.58,1967.84,0.7518,0
706,152835,30491,24,Employed,Rent,0.3991019843861251,3,12736.25,1379.03,0.5074,1
551,32884,19260,24,Self-employed,Own,0.265359738279697,4,2740.33,871.08,0.5832,0
414,35655,6418,12,Self-employed,Rent,0.4123961272002446,5,2971.25,558.29,0.6003,0
472,116349,43251,60,Employed,Rent,0.0142767888125928,1,9695.75,876.97,0.1047,0
803,123116,37214,120,Employed,Mortgage,0.000626109684205,4,10259.67,451.51,0.0446,1
712,71850,3345,12,Employed,Mortgage,0.2656600291081764,1,5987.5,290.98,0.3143,1
329,85801,28820,36,Unemployed,Mortgage,0.3832461999650633,5,7150.08,903.11,0.5096,0
422,25495,48440,36,Employed,Rent,0.339461493203344,4,2124.58,1517.93,1.0539,0
425,179759,47987,24,Employed,Mortgage,0.0731635595685726,4,14979.92,2170.32,0.218,0
837,103800,24899,36,Employed,Rent,0.5467087944010759,3,8650.0,780.24,0.6369,0
440,113389,19906,84,Employed,Mortgage,0.4929396061035485,1,9449.08,310.26,0.5258,0
725,162319,5463,24,Retired,Own,0.4826063728218168,1,13526.58,247.08,0.5009,1
562,32009,41561,120,Unemployed,Own,0.5428486745043755,0,2667.42,504.25,0.7319,0
315,77159,1369,12,Employed,Rent,0.115677662344903,4,6429.92,119.09,0.1342,0
452,21844,11058,24,Retired,Own,0.1452084141080993,0,1820.33,500.12,0.4199,0
850,20021,15520,36,Employed,Own,0.5419538316769659,4,1668.42,486.34,0.8335,0
426,83952,11789,60,Unemployed,Own,0.1963521253679388,3,6996.0,239.04,0.2305,0
751,126258,5307,84,Unemployed,Own,0.5079009651716567,1,10521.5,82.72,0.5158,1
413,123914,2376,24,Employed,Mortgage,0.3470669563874489,0,10326.17,107.46,0.3575,0
400,168687,49403,12,Employed,Mortgage,0.4605883032338784,0,14057.25,4297.49,0.7663,0
402,51132,17656,12,Employed,Own,0.1862672975289769,4,4261.0,1535.87,0.5467,0
643,123329,3626,24,Employed,Own,0.0029691415218473,4,10277.42,163.99,0.0189,0
608,188589,25303,36,Retired,Own,0.1498088843864034,3,15715.75,792.9,0.2003,0
368,71962,15477,12,Employed,Own,0.3838765118517423,2,5996.83,1346.32,0.6084,0
660,117973,2659,24,Retired,Rent,0.1541288583871631,2,9831.08,120.26,0.1664,1
496,38750,6283,36,Employed,Rent,0.3927108288841581,0,3229.17,196.89,0.4537,0
469,132915,26071,36,Self-employed,Rent,0.3045537708264847,5,11076.25,816.97,0.3783,0
579,106857,28120,60,Self-employed,Mortgage,0.3359640831213032,4,8904.75,570.17,0.4,0
508,170694,2650,36,Employed,Own,0.5222666412527306,0,14224.5,83.04,0.5281,0
762,81367,35749,84,Self-employed,Rent,0.5986536661414585,5,6780.58,557.19,0.6808,0
664,132809,43226,120,Employed,Mortgage,0.5978518434095154,5,11067.42,524.45,0.6452,0
690,147676,10909,24,Employed,Rent,0.0979113705424469,2,12306.33,493.38,0.138,1
576,60014,40521,24,Self-employed,Rent,0.186279141068675,3,5001.17,1832.66,0.5527,0
581,133803,32952,120,Retired,Mortgage,0.5302193407796376,4,11150.25,399.8,0.5661,0
611,168030,40173,120,Employed,Own,0.1115674113521174,4,14002.5,487.41,0.1464,0
468,128638,13740,84,Employed,Rent,0.3415405033318807,5,10719.83,214.15,0.3615,0
709,155925,35681,84,Self-employed,Rent,0.3314671030109496,3,12993.75,556.13,0.3743,1
822,40068,45308,24,Employed,Own,0.2586706460881849,1,3339.0,2049.16,0.8724,0
310,180976,17406,60,Unemployed,Mortgage,0.2438888468462587,5,15081.33,352.93,0.2673,0
754,37523,14802,120,Employed,Rent,0.1968574743219454,3,3126.92,179.59,0.2543,0
803,50339,4879,36,Self-employed,Rent,0.3638138272457212,4,4194.92,152.89,0.4003,1
823,180588,29535,12,Employed,Own,0.2922673592427413,0,15049.0,2569.2,0.463,1
811,168745,18667,60,Employed,Rent,0.4572999816333648,3,14062.08,378.5,0.4842,1
526,145560,29352,36,Self-employed,Rent,0.5702691335191264,1,12130.0,919.78,0.6461,0
800,43552,11857,60,Employed,Mortgage,0.2932603790322453,3,3629.33,240.42,0.3595,0
602,112089,48981,36,Employed,Mortgage,0.3772821288173182,5,9340.75,1534.89,0.5416,0
537,183054,34128,60,Employed,Mortgage,0.2307152949667378,2,15254.5,691.99,0.2761,0
562,73421,40062,12,Employed,Rent,0.4466720884138497,1,6118.42,3484.93,1.0163,0
586,135438,22540,84,Unemployed,Rent,0.4092899990395766,1,11286.5,351.31,0.4404,0
680,56859,11199,84,Employed,Own,0.0569930569213592,2,4738.25,174.55,0.0938,1
619,81890,25070,60,Employed,Own,0.5996373328740383,0,6824.17,508.33,0.6741,0
403,177698,38076,60,Self-employed,Mortgage,0.1334914134997082,1,14808.17,772.04,0.1856,0
410,169140,5055,12,Employed,Mortgage,0.0472452441277504,1,14095.0,439.73,0.0784,0
331,137019,16918,120,Self-employed,Own,0.1331069430270828,4,11418.25,205.26,0.1511,0
739,149854,10035,24,Employed,Rent,0.1456699047475005,0,12487.83,453.86,0.182,1
400,129279,44873,12,Self-employed,Mortgage,0.0075139996284709,1,10773.25,3903.43,0.3698,0
514,97032,5363,12,Employed,Rent,0.0836458965636076,0,8086.0,466.52,0.1413,0
499,141438,21087,12,Employed,Rent,0.4911525440519184,3,11786.5,1834.33,0.6468,0
419,64324,27482,12,Unemployed,Mortgage,0.1689465326465212,0,5360.33,2390.62,0.6149,0
811,38340,8735,24,Self-employed,Rent,0.0956658214234109,0,3195.0,395.06,0.2193,0
657,128436,44360,120,Self-employed,Own,0.126465110946578,1,10703.0,538.21,0.1768,1
321,178689,28753,36,Unemployed,Rent,0.0755085624362154,5,14890.75,901.01,0.136,0
422,95164,36452,60,Employed,Rent,0.571714848039564,0,7930.33,739.12,0.6649,0
411,33343,27081,36,Self-employed,Rent,0.3898376766850953,2,2778.58,848.62,0.6953,0
839,87535,26245,12,Unemployed,Own,0.0814464040892871,3,7294.58,2283.01,0.3944,1
750,105958,10291,120,Employed,Own,0.0329369210439409,2,8829.83,124.86,0.0471,1
315,106418,10203,60,Unemployed,Mortgage,0.2846986013997936,0,8868.17,206.88,0.308,0
308,40797,2905,84,Employed,Rent,0.4327920657953135,3,3399.75,45.28,0.4461,0
512,112453,27641,120,Employed,Own,0.5547280268389467,2,9371.08,335.36,0.5905,0
643,169549,14862,12,Retired,Mortgage,0.4936900591811585,3,14129.08,1292.82,0.5852,0
552,91289,46299,120,Unemployed,Rent,0.4671520223694649,3,7607.42,561.73,0.541,0
416,22370,2595,60,Self-employed,Rent,0.0690377129402231,3,1864.17,52.62,0.0973,0
402,148879,19788,12,Employed,Rent,0.4440230288827815,0,12406.58,1721.33,0.5828,0
770,103979,35356,24,Employed,Rent,0.3642634045834984,5,8664.92,1599.06,0.5488,1
584,148541,22035,120,Employed,Own,0.4158930400659631,3,12378.42,267.35,0.4375,0
556,149373,42992,120,Employed,Mortgage,0.2131693832338445,4,12447.75,521.61,0.2551,0
603,23193,5141,120,Employed,Mortgage,0.1431817818637385,1,1932.75,62.37,0.1755,0
429,128578,46998,24,Self-employed,Rent,0.528803849543605,3,10714.83,2125.59,0.7272,0
645,20102,11942,36,Unemployed,Own,0.2351381937767882,1,1675.17,374.22,0.4585,0
644,197257,48820,60,Employed,Rent,0.2395849841254518,0,16438.08,989.89,0.2998,0
348,42054,22194,12,Retired,Own,0.4049985048657474,2,3504.5,1930.62,0.9559,0
661,164586,3254,60,Employed,Rent,0.1293618360559534,0,13715.5,65.98,0.1342,1
562,159989,5674,12,Self-employed,Own,0.3115840326431097,0,13332.42,493.57,0.3486,0
488,129841,44932,84,Employed,Mortgage,0.3037844443311435,4,10820.08,700.32,0.3685,0
360,68721,17584,36,Employed,Own,0.3537218440992979,2,5726.75,551.02,0.4499,0
635,190134,8256,60,Employed,Rent,0.4037008828563602,5,15844.5,167.4,0.4143,0
494,35388,32036,60,Retired,Rent,0.3662293768139804,5,2949.0,649.57,0.5865,0
713,171848,36512,84,Employed,Rent,0.5379714276137427,3,14320.67,569.08,0.5777,1
606,88573,26508,84,Employed,Rent,0.352732780288665,5,7381.08,413.16,0.4087,0
394,34537,35702,60,Employed,Mortgage,0.4379844872941023,1,2878.08,723.91,0.6895,0
542,74061,29417,84,Self-employed,Own,0.2814464914727569,0,6171.75,458.5,0.3557,0
328,157758,48310,60,Employed,Rent,0.1071310723742838,4,13146.5,979.55,0.1816,0
550,54653,18094,24,Retired,Rent,0.3659876679570909,3,4554.42,818.34,0.5457,0
805,110922,3797,84,Employed,Rent,0.4788966756406412,1,9243.5,59.18,0.4853,1
698,90257,37696,12,Employed,Own,0.0756571144643451,4,7521.42,3279.12,0.5116,1
429,127446,3995,36,Self-employed,Rent,0.1453541295658887,5,10620.5,125.19,0.1571,0
708,88957,21090,36,Unemployed,Rent,0.2618374033949762,2,7413.08,660.88,0.351,1
498,143594,39565,84,Employed,Rent,0.5495457194873689,2,11966.17,616.67,0.6011,0
584,85003,10955,24,Employed,Rent,0.491650733968146,5,7083.58,495.46,0.5616,0
709,158164,28953,12,Employed,Own,0.5821093729965352,0,13180.33,2518.58,0.7732,0
344,20433,29527,84,Employed,Mortgage,0.4527430660889884,4,1702.75,460.21,0.723,0
743,175314,43905,24,Retired,Rent,0.0459184866377967,0,14609.5,1985.7,0.1818,1
340,92322,30346,12,Employed,Rent,0.4534001800383834,4,7693.5,2639.75,0.7965,0
803,189962,33872,12,Employed,Own,0.1513998394504848,1,15830.17,2946.47,0.3375,1
401,142923,29478,12,Self-employed,Own,0.0969882122417432,0,11910.25,2564.24,0.3123,0
391,28920,16648,60,Employed,Rent,0.1555910492360497,5,2410.0,337.56,0.2957,0
752,133898,17521,24,Employed,Rent,0.1996033923253489,4,11158.17,792.43,0.2706,1
744,185481,42038,12,Employed,Mortgage,0.3691727811230754,3,15456.75,3656.82,0.6058,0
549,154989,8707,24,Self-employed,Rent,0.3113289038760903,3,12915.75,393.79,0.3418,0
325,125275,46038,24,Employed,Mortgage,0.2640642772298278,5,10439.58,2082.17,0.4635,0
432,157555,49148,84,Employed,Mortgage,0.1443957145059623,2,13129.58,766.03,0.2027,0
741,72741,43510,120,Retired,Own,0.5887647933689877,5,6061.75,527.9,0.6759,0
503,30843,27393,36,Self-employed,Own,0.2876428363852197,5,2570.25,858.4,0.6216,0
792,138341,39606,60,Self-employed,Own,0.0124411930343902,1,11528.42,803.07,0.0821,1
825,82485,9036,84,Self-employed,Rent,0.2443205151000517,1,6873.75,140.84,0.2648,1
828,99381,25017,84,Employed,Mortgage,0.3510717825258622,3,8281.75,389.92,0.3982,1
459,125994,37195,24,Self-employed,Mortgage,0.0109528256797639,4,10499.5,1682.23,0.1712,0
825,131914,13596,12,Retired,Rent,0.4572391773504213,0,10992.83,1182.69,0.5648,1
766,91316,36280,36,Unemployed,Mortgage,0.1060259820390145,1,7609.67,1136.88,0.2554,1
503,182309,34000,24,Employed,Rent,0.4048344046368086,1,15192.42,1537.73,0.5061,0
683,42370,3013,84,Employed,Mortgage,0.154753842030851,2,3530.83,46.96,0.1681,0
374,119907,22792,12,Employed,Own,0.1730876189534665,5,9992.25,1982.64,0.3715,0
826,185442,41097,60,Employed,Rent,0.4658334627177698,0,15453.5,833.3,0.5198,1
794,54014,23447,120,Employed,Mortgage,0.3452552114936439,2,4501.17,284.48,0.4085,1
479,86089,31675,60,Unemployed,Own,0.2926981552551873,4,7174.08,642.25,0.3822,0
679,104947,43349,84,Retired,Mortgage,0.1683321208707227,0,8745.58,675.65,0.2456,1
441,124107,47253,12,Employed,Rent,0.311977316833139,4,10342.25,4110.46,0.7094,0
658,70237,34756,120,Employed,Mortgage,0.5455159158273312,3,5853.08,421.69,0.6176,0
456,123137,37941,36,Retired,Rent,0.1390043751904516,1,10261.42,1188.93,0.2549,0
443,187956,7117,60,Employed,Rent,0.1789741130534795,0,15663.0,144.31,0.1882,0
592,106972,12373,60,Employed,Rent,0.2210141093859892,5,8914.33,250.88,0.2492,0
846,71584,23411,120,Employed,Rent,0.5133177019032441,1,5965.33,284.04,0.5609,1
726,27431,25976,84,Employed,Rent,0.1496524403421156,1,2285.92,404.87,0.3268,0
729,59692,39352,12,Employed,Mortgage,0.0174032381507373,0,4974.33,3423.17,0.7056,0
589,52063,6578,24,Employed,Own,0.5748044334141211,4,4338.58,297.51,0.6434,0
486,98425,21314,12,Employed,Own,0.261380402299629,1,8202.08,1854.07,0.4874,0
806,51871,1802,24,Unemployed,Mortgage,0.2166754667561916,1,4322.58,81.5,0.2355,1
602,165837,44397,12,Employed,Rent,0.0107295431138395,4,13819.75,3862.03,0.2902,0
363,195022,45986,84,Unemployed,Mortgage,0.4408834022790594,3,16251.83,716.75,0.485,0
839,171710,34639,12,Employed,Rent,0.0829480283313387,4,14309.17,3013.19,0.2935,1
453,81575,24821,60,Self-employed,Own,0.2359821918950423,5,6797.92,503.28,0.31,0
823,34623,39606,60,Employed,Mortgage,0.5120393783204104,3,2885.25,803.07,0.7904,0
571,32978,47769,24,Retired,Mortgage,0.3941467247825677,3,2748.17,2160.46,1.1803,0
504,39851,25387,36,Self-employed,Mortgage,0.2726558045186184,3,3320.92,795.54,0.5122,0
520,54453,14872,84,Employed,Rent,0.3781528055036807,5,4537.75,231.8,0.4292,0
519,30596,26434,36,Employed,Rent,0.1379319551549042,4,2549.67,828.35,0.4628,0
788,86160,27385,84,Unemployed,Rent,0.0921326522264335,2,7180.0,426.83,0.1516,1
343,55158,40947,36,Employed,Mortgage,0.2154142979981563,0,4596.5,1283.13,0.4946,0
671,137892,20412,120,Retired,Rent,0.4807547691483724,0,11491.0,247.65,0.5023,1
822,179955,44592,84,Retired,Mortgage,0.2560304290292358,2,14996.25,695.02,0.3024,1
593,140302,27469,120,Unemployed,Own,0.1292315919239566,0,11691.83,333.27,0.1577,0
433,94962,34325,120,Self-employed,Mortgage,0.0392619117728159,4,7913.5,416.46,0.0919,0
794,161022,8510,60,Employed,Own,0.3851256102255884,2,13418.5,172.55,0.398,1
355,165752,25859,24,Self-employed,Own,0.2224769386905322,1,13812.67,1169.53,0.3071,0
665,21946,3535,12,Employed,Rent,0.4085460730895526,0,1828.83,307.5,0.5767,0
334,54538,14017,60,Employed,Rent,0.1238386732695395,3,4544.83,284.21,0.1864,0
661,80205,49885,120,Employed,Mortgage,0.4752937736321904,2,6683.75,605.24,0.5658,1
317,173773,12096,120,Employed,Rent,0.3599929488943507,4,14481.08,146.76,0.3701,0
801,124602,5152,24,Employed,Mortgage,0.5886124799257738,0,10383.5,233.01,0.6111,0
661,23696,34215,60,Employed,Own,0.3116344697943246,3,1974.67,693.76,0.663,0
734,73785,48500,24,Employed,Mortgage,0.3205798774489912,0,6148.75,2193.52,0.6773,0
753,101494,3132,36,Employed,Own,0.5170399166580335,5,8457.83,98.15,0.5286,1
527,165959,3865,120,Self-employed,Rent,0.3799857429033706,0,13829.92,46.89,0.3834,0
322,67510,24149,24,Retired,Rent,0.461926729371988,3,5625.83,1092.19,0.6561,0
543,24696,16648,12,Employed,Rent,0.4107810077731633,4,2058.0,1448.18,1.1145,0
428,90183,44092,12,Employed,Mortgage,0.4566823202235224,0,7515.25,3835.49,0.967,0
675,161655,8712,36,Employed,Own,0.1584138635607251,4,13471.25,273.0,0.1787,1
817,144179,31742,84,Employed,Mortgage,0.4345833809565954,1,12014.92,494.74,0.4758,1
539,106719,48741,60,Employed,Mortgage,0.4673725451235121,2,8893.25,988.29,0.5785,0
604,172351,46436,12,Unemployed,Mortgage,0.008984998191627,3,14362.58,4039.39,0.2902,0
672,168928,13487,120,Self-employed,Rent,0.3811841001255975,1,14077.33,163.63,0.3928,1
375,103677,3892,24,Self-employed,Own,0.3439983430692448,5,8639.75,176.02,0.3644,0
479,99708,34721,120,Employed,Mortgage,0.4794102710393607,4,8309.0,421.26,0.5301,0
376,40565,49786,12,Employed,Rent,0.0121780897405361,0,3380.42,4330.81,1.2933,0
678,83827,19895,36,Employed,Mortgage,0.157097563653143,3,6985.58,623.44,0.2463,1
586,162106,38725,24,Employed,Own,0.4765272126722259,0,13508.83,1751.43,0.6062,0
366,20799,11817,12,Unemployed,Mortgage,0.4310381913713719,1,1733.25,1027.94,1.0241,0
615,44708,2511,84,Employed,Own,0.571125940196163,5,3725.67,39.14,0.5816,0
565,150002,16749,120,Self-employed,Own,0.3103372730714971,0,12500.17,203.21,0.3266,0
663,163464,27008,36,Employed,Rent,0.4968471937306251,3,13622.0,846.33,0.559,1
711,42003,3641,24,Self-employed,Rent,0.3121762736653654,3,3500.25,164.67,0.3592,0
330,66965,24553,24,Employed,Rent,0.4372261940318563,3,5580.42,1110.47,0.6362,0
656,20086,37165,60,Self-employed,Mortgage,0.4398414862533442,2,1673.83,753.57,0.89,0
399,95081,22211,84,Employed,Rent,0.3411483059578963,1,7923.42,346.19,0.3848,0
688,27536,33828,24,Unemployed,Own,0.4429687212674171,5,2294.67,1529.95,1.1097,0
311,90533,37022,120,Employed,Rent,0.4061718357693738,1,7544.42,449.18,0.4657,0
767,147676,19410,24,Retired,Mortgage,0.4986407647969145,5,12306.33,877.86,0.57,1
501,101366,10777,84,Employed,Mortgage,0.5351675012578161,2,8447.17,167.97,0.5551,0
421,57697,21810,120,Employed,Rent,0.3219168098325122,0,4808.08,264.62,0.377,0
820,85687,28028,12,Self-employed,Own,0.3437090717165837,4,7140.58,2438.11,0.6852,0
825,121421,27886,84,Employed,Own,0.2311150718675081,1,10118.42,434.64,0.2741,1
437,109003,45485,24,Employed,Mortgage,0.3147278443902143,4,9083.58,2057.16,0.5412,0
834,100402,3537,60,Employed,Own,0.0803803756716907,4,8366.83,71.72,0.089,1
719,60223,15226,60,Employed,Mortgage,0.103698818404766,4,5018.58,308.73,0.1652,1
718,53071,44134,120,Employed,Own,0.4231074660558852,0,4422.58,535.47,0.5442,1
729,87490,49030,36,Employed,Rent,0.3817027958471268,3,7290.83,1536.42,0.5924,1
531,146355,22505,12,Retired,Mortgage,0.4358248082733054,0,12196.25,1957.67,0.5963,0
581,177936,35799,12,Employed,Mortgage,0.4014101239586646,2,14828.0,3114.1,0.6114,0
717,113526,15880,24,Retired,Rent,0.367503376223421,4,9460.5,718.21,0.4434,1
704,100439,3777,12,Self-employed,Own,0.3084086643216826,3,8369.92,328.56,0.3477,1
481,182237,49615,12,Employed,Own,0.4214862546860274,1,15186.42,4315.93,0.7057,0
447,75089,8028,60,Employed,Rent,0.5624942490395541,3,6257.42,162.78,0.5885,0
380,22888,18221,12,Employed,Mortgage,0.1835201068987359,4,1907.33,1585.02,1.0145,0
544,112098,47683,12,Employed,Own,0.5969213457944293,1,9341.5,4147.87,1.0409,0
440,73326,21742,60,Self-employed,Mortgage,0.4420413528312845,1,6110.5,440.85,0.5142,0
808,58914,11942,60,Employed,Mortgage,0.58791438701382,5,4909.5,242.14,0.6372,0
560,109703,10738,60,Employed,Mortgage,0.2640189732711031,2,9141.92,217.73,0.2878,0
616,86933,23571,120,Self-employed,Own,0.1272331118606097,0,7244.42,285.98,0.1667,0
673,92560,30310,120,Employed,Own,0.192540451376568,3,7713.33,367.74,0.2402,1
529,142167,9687,120,Employed,Own,0.1701475129340937,2,11847.25,117.53,0.1801,0
304,155464,35984,12,Self-employed,Rent,0.0354139073875955,3,12955.33,3130.19,0.277,0
570,194331,47939,12,Employed,Own,0.5808218170136865,3,16194.25,4170.14,0.8383,0
752,199847,37397,24,Employed,Mortgage,0.2337828384402564,5,16653.92,1691.37,0.3353,1
663,30211,27612,36,Retired,Rent,0.3411499655137913,3,2517.58,865.26,0.6848,0
710,38540,25442,60,Retired,Own,0.2720063610914963,2,3211.67,515.87,0.4326,0
804,29008,30005,24,Unemployed,Rent,0.1732470141991194,5,2417.33,1357.04,0.7346,0
842,128054,12406,120,Employed,Mortgage,0.3036200478596862,1,10671.17,150.52,0.3177,1
500,22146,34593,24,Unemployed,Own,0.0372301797809145,5,1845.5,1564.55,0.885,0
312,151543,20210,36,Unemployed,Own,0.386693745453788,1,12628.58,633.31,0.4368,0
468,78088,21943,24,Self-employed,Own,0.3435313303955324,0,6507.33,992.42,0.496,0
636,77438,11396,60,Self-employed,Own,0.4562243949780813,1,6453.17,231.07,0.492,0
395,20812,41340,84,Employed,Mortgage,0.0359800987295035,2,1734.33,644.33,0.4075,0
443,20625,25224,24,Retired,Rent,0.5839517648704643,2,1718.75,1140.81,1.2477,0
453,114878,21634,60,Retired,Mortgage,0.2119965254260715,4,9573.17,438.66,0.2578,0
346,38110,30846,36,Self-employed,Rent,0.2426631442305026,3,3175.83,966.6,0.547,0
592,139111,37980,84,Employed,Rent,0.3353372408695919,0,11592.58,591.96,0.3864,0
446,171711,24084,12,Employed,Rent,0.0091565087567687,4,14309.25,2095.03,0.1556,0
352,144396,39474,24,Employed,Rent,0.5784278761001976,1,12033.0,1785.3,0.7268,0
354,137701,25014,120,Retired,Rent,0.2378905927836149,3,11475.08,303.49,0.2643,0
499,156715,3232,24,Employed,Mortgage,0.1031741213463154,2,13059.58,146.17,0.1144,0
819,47527,48267,36,Employed,Own,0.3368411579157064,2,3960.58,1512.51,0.7187,0
622,134268,5918,12,Employed,Rent,0.3537828761803287,4,11189.0,514.8,0.3998,0
670,57003,28260,12,Self-employed,Rent,0.432411366668096,0,4750.25,2458.29,0.9499,0
416,138294,41551,84,Employed,Own,0.0812859067137514,2,11524.5,647.62,0.1375,0
314,138025,40348,120,Employed,Rent,0.2702019633640365,5,11502.08,489.53,0.3128,0
807,57436,4773,12,Self-employed,Rent,0.0350120626371999,5,4786.33,415.2,0.1218,1
552,55961,35272,24,Employed,Rent,0.2478547341837683,2,4663.42,1595.26,0.5899,0
782,88808,49863,12,Employed,Rent,0.4489757454615363,4,7400.67,4337.5,1.0351,0
719,76704,11585,36,Employed,Rent,0.1978135891580218,2,6392.0,363.03,0.2546,1
602,33921,28473,24,Self-employed,Own,0.0627967978839152,0,2826.75,1287.76,0.5184,0
536,94192,29256,60,Unemployed,Rent,0.5782289132522277,5,7849.33,593.21,0.6538,0
407,166238,6321,12,Retired,Rent,0.3731881347448308,5,13853.17,549.85,0.4129,0
677,174847,18090,36,Self-employed,Own,0.2015585163881826,4,14570.58,566.87,0.2405,1
766,63922,43130,84,Self-employed,Own,0.1395795045547195,5,5326.83,672.23,0.2658,1
726,57526,32151,84,Employed,Mortgage,0.0146318686532623,3,4793.83,501.11,0.1192,1
715,116179,6644,84,Employed,Rent,0.1770427986151201,3,9681.58,103.55,0.1877,1
633,119499,35954,120,Unemployed,Own,0.146032665935552,1,9958.25,436.22,0.1898,0
748,118601,1294,84,Employed,Rent,0.0904983794699438,1,9883.42,20.17,0.0925,1
445,162142,29975,84,Self-employed,Own,0.1325080773203185,3,13511.83,467.2,0.1671,0
356,86521,6449,84,Self-employed,Rent,0.1488767747671568,1,7210.08,100.52,0.1628,0
424,80924,12373,60,Employed,Rent,0.2157915076582348,0,6743.67,250.88,0.253,0
554,149858,12092,24,Self-employed,Rent,0.5979700825347919,2,12488.17,546.89,0.6418,0
591,64031,34886,84,Self-employed,Mortgage,0.3621582665509406,4,5335.92,543.74,0.4641,0
569,71727,12246,12,Employed,Rent,0.5648934600205727,0,5977.25,1065.26,0.7431,0
796,146792,35935,12,Unemployed,Rent,0.5722732616962489,2,12232.67,3125.93,0.8278,0
662,164541,45605,12,Employed,Mortgage,0.3279110128820914,0,13711.75,3967.11,0.6172,0
348,104510,13193,24,Employed,Mortgage,0.5114933753317469,4,8709.17,596.68,0.58,0
579,89725,47454,84,Employed,Own,0.1301066543249003,3,7477.08,739.63,0.229,0
813,170742,42977,36,Employed,Rent,0.2711054432726996,1,14228.5,1346.74,0.3658,1
745,139619,35464,84,Employed,Rent,0.366875667997863,3,11634.92,552.75,0.4144,1
565,20188,49867,36,Unemployed,Rent,0.4164779400451081,5,1682.33,1562.65,1.3453,0
703,72104,45253,60,Employed,Rent,0.2594030275522683,4,6008.67,917.57,0.4121,1
385,61896,36661,60,Employed,Own,0.1983753681184941,5,5158.0,743.35,0.3425,0
390,70011,24257,120,Employed,Rent,0.5344602594638509,5,5834.25,294.3,0.5849,0
536,155199,16891,84,Employed,Own,0.1313659219092138,4,12933.25,263.27,0.1517,0
616,180376,3868,24,Employed,Rent,0.491181457712506,5,15031.33,174.94,0.5028,0
739,22437,15497,36,Employed,Rent,0.0090698071765449,3,1869.75,485.62,0.2688,0
755,194864,8053,36,Employed,Rent,0.0994545716794371,3,16238.67,252.35,0.115,1
324,178609,21261,12,Employed,Rent,0.0110642003429404,1,14884.08,1849.46,0.1353,0
792,34565,26442,12,Employed,Rent,0.2115386183726725,0,2880.42,2300.15,1.0101,0
616,192938,38687,36,Self-employed,Rent,0.2218680566857101,4,16078.17,1212.31,0.2973,0
537,184154,17000,84,Retired,Rent,0.388607155753413,0,15346.17,264.97,0.4059,0
707,157885,13684,60,Employed,Rent,0.1117717645625454,2,13157.08,277.46,0.1329,1
832,51355,20219,12,Employed,Rent,0.3402589351749681,3,4279.58,1758.82,0.7512,0
777,118267,29879,60,Retired,Rent,0.1660537938546689,2,9855.58,605.84,0.2275,1
419,112063,48174,12,Self-employed,Own,0.3965824928580785,5,9338.58,4190.58,0.8453,0
350,104864,35631,24,Employed,Rent,0.2577524640006658,3,8738.67,1611.49,0.4422,0
722,129776,10105,24,Employed,Mortgage,0.4655335939962226,0,10814.67,457.02,0.5078,1
597,88497,29918,36,Employed,Mortgage,0.1891412277519385,5,7374.75,937.52,0.3163,0
559,90240,19878,84,Self-employed,Own,0.5781907328609515,5,7520.0,309.82,0.6194,0
705,140810,39904,120,Employed,Own,0.5390991732222239,1,11734.17,484.15,0.5804,1
498,183208,29170,12,Employed,Mortgage,0.4474134303980842,1,15267.33,2537.45,0.6136,0
359,63392,29342,60,Employed,Mortgage,0.2797639319466156,3,5282.67,594.95,0.3924,0
303,117189,43254,120,Employed,Rent,0.285280934155894,2,9765.75,524.79,0.339,0
376,28931,20217,120,Employed,Rent,0.2424711296283811,2,2410.92,245.29,0.3442,0
428,164339,10373,60,Employed,Rent,0.3838622666040959,4,13694.92,210.33,0.3992,0
590,148030,28586,12,Employed,Own,0.4903933494626439,0,12335.83,2486.65,0.692,0
754,104495,17480,120,Employed,Mortgage,0.2559243251447863,0,8707.92,212.08,0.2803,1
574,105306,11834,60,Employed,Own,0.172550219943236,5,8775.5,239.95,0.1999,0
317,40239,21907,120,Employed,Mortgage,0.3350434544215371,0,3353.25,265.79,0.4143,0
463,124673,5030,36,Employed,Rent,0.4762211068292424,1,10389.42,157.62,0.4914,0
814,162022,49705,60,Employed,Own,0.2753801654084956,5,13501.83,1007.84,0.35,1
368,59338,21698,60,Employed,Rent,0.245669936852106,0,4944.83,439.96,0.3346,0
672,72475,31019,12,Employed,Rent,0.2184644499578821,4,6039.58,2698.29,0.6652,0
396,56911,30223,24,Employed,Own,0.3459632180749182,5,4742.58,1366.9,0.6342,0
439,147927,48918,120,Self-employed,Mortgage,0.0017138322535757,4,12327.25,593.51,0.0499,0
743,28180,39271,120,Employed,Own,0.4191212048664157,0,2348.33,476.47,0.622,0
496,124282,29126,12,Employed,Rent,0.1310652197159047,5,10356.83,2533.62,0.3757,0
363,52908,28238,60,Employed,Rent,0.2542406921769851,5,4409.0,572.56,0.3841,0
414,33020,20875,24,Employed,Mortgage,0.3763757801142564,5,2751.67,944.12,0.7195,0
486,48287,43575,84,Employed,Own,0.2417140345728724,3,4023.92,679.17,0.4105,0
493,153068,46950,24,Employed,Rent,0.1899283808662543,5,12755.67,2123.42,0.3564,0
552,129817,21667,24,Unemployed,Own,0.5441720417271537,1,10818.08,979.94,0.6348,0
651,68731,27825,120,Employed,Rent,0.4460692262217237,4,5727.58,337.59,0.505,1
547,193869,7444,84,Employed,Mortgage,0.331169892537626,2,16155.75,116.02,0.3384,0
740,121930,14679,120,Retired,Own,0.1557338297381032,5,10160.83,178.1,0.1733,1
525,170553,30414,36,Employed,Mortgage,0.0210932523221072,5,14212.75,953.06,0.0881,0
508,33346,23190,60,Self-employed,Rent,0.1128400639162036,1,2778.83,470.21,0.2821,0
510,124352,43032,24,Employed,Mortgage,0.0295610202493641,1,10362.67,1946.22,0.2174,0
819,156961,22213,120,Employed,Rent,0.3232399477872071,0,13080.08,269.5,0.3438,1
319,137850,44869,60,Employed,Rent,0.1734389400432034,5,11487.5,909.78,0.2526,0
710,162890,35432,120,Self-employed,Rent,0.4817682111456212,1,13574.17,429.89,0.5134,1
765,178373,24853,24,Employed,Own,0.4996654545690195,5,14864.42,1124.03,0.5753,1
756,178031,38464,60,Employed,Rent,0.1362681570399558,1,14835.92,779.91,0.1888,1
538,126778,7018,120,Self-employed,Rent,0.5598256643229048,2,10564.83,85.15,0.5679,0
451,102806,17791,120,Employed,Rent,0.4503520414290943,3,8567.17,215.85,0.4755,0
682,49933,39665,12,Unemployed,Rent,0.1972041716864966,3,4161.08,3450.4,1.0264,0
604,102850,12832,84,Employed,Rent,0.5318562080227949,2,8570.83,200.0,0.5552,0
765,20049,18598,24,Employed,Rent,0.5946761471763168,1,1670.75,841.14,1.0981,0
433,168337,45079,60,Retired,Own,0.0936201507621296,4,14028.08,914.04,0.1588,0
580,180734,41918,120,Employed,Mortgage,0.4343421850927009,2,15061.17,508.58,0.4681,0
732,35401,46884,60,Unemployed,Mortgage,0.2437168458742572,1,2950.08,950.64,0.566,0
438,84190,49130,36,Employed,Mortgage,0.3578431877214383,1,7015.83,1539.56,0.5773,0
485,41134,30165,24,Unemployed,Rent,0.0129734285353014,2,3427.83,1364.28,0.411,0
590,71397,47511,120,Employed,Rent,0.399561668281893,2,5949.75,576.44,0.4964,0
844,168580,32355,120,Unemployed,Mortgage,0.1244330529916008,4,14048.33,392.56,0.1524,1
727,32532,36311,24,Unemployed,Rent,0.3651847586010942,3,2711.0,1642.25,0.971,0
815,47407,14146,60,Employed,Mortgage,0.4150020533460234,5,3950.58,286.83,0.4876,0
597,129473,29994,84,Self-employed,Rent,0.0743922160846502,2,10789.42,467.49,0.1177,0
586,95197,24111,36,Employed,Rent,0.073170842616505,1,7933.08,755.55,0.1684,0
338,108343,1963,36,Employed,Mortgage,0.1517241577015276,5,9028.58,61.51,0.1585,0
605,111699,23736,60,Self-employed,Own,0.4659467311480357,5,9308.25,481.28,0.5177,0
453,185200,8827,84,Employed,Mortgage,0.1745567970791804,3,15433.33,137.58,0.1835,0
574,32850,43261,60,Employed,Own,0.3534894357490999,1,2737.5,877.18,0.6739,0
536,183510,31256,12,Employed,Mortgage,0.3306070512438971,4,15292.5,2718.91,0.5084,0
655,144506,34824,60,Employed,Rent,0.0276273070975477,0,12042.17,706.11,0.0863,1
495,65138,23295,60,Employed,Mortgage,0.3650821960467073,0,5428.17,472.34,0.4521,0
471,20148,1584,60,Unemployed,Rent,0.0600603763681879,3,1679.0,32.12,0.0792,0
444,27901,21432,84,Employed,Own,0.1392858682994066,1,2325.08,334.04,0.283,0
430,113201,5170,12,Self-employed,Mortgage,0.5187774709645095,0,9433.42,449.73,0.5665,0
419,35895,34278,12,Employed,Mortgage,0.3588990578154218,2,2991.25,2981.79,1.3557,0
319,88880,44004,84,Employed,Own,0.0908287027109615,5,7406.67,685.86,0.1834,0
752,91780,10409,24,Employed,Rent,0.029023355942603,1,7648.33,470.77,0.0906,1
639,149260,24778,24,Employed,Own,0.0230258378096638,3,12438.33,1120.64,0.1131,0
779,84324,15111,60,Employed,Mortgage,0.512737066332869,3,7027.0,306.4,0.5563,1
761,198220,21669,36,Self-employed,Mortgage,0.4561130627577297,5,16518.33,679.03,0.4972,1
364,131400,27607,120,Employed,Mortgage,0.3909506861027315,4,10950.0,334.95,0.4215,0
324,169432,48538,36,Self-employed,Mortgage,0.1593881985740514,4,14119.33,1521.0,0.2671,0
708,126491,24993,24,Employed,Own,0.2536566278781547,4,10540.92,1130.37,0.3609,1
508,99102,7211,60,Self-employed,Own,0.0979452481976453,3,8258.5,146.21,0.1156,0
692,66317,38376,12,Employed,Own,0.4919939970109668,1,5526.42,3338.27,1.0961,0
488,158074,20516,24,Employed,Mortgage,0.2470007456386756,5,13172.83,927.88,0.3174,0
832,196912,4028,84,Retired,Rent,0.161257679714964,4,16409.33,62.78,0.1651,1
717,164040,23651,24,Employed,Rent,0.3891007969429709,1,13670.0,1069.67,0.4674,1
805,147326,37523,84,Employed,Rent,0.2931245462744517,1,12277.17,584.84,0.3408,1
592,53321,45723,12,Employed,Mortgage,0.5975144593892754,3,4443.42,3977.37,1.4926,0
715,122629,25520,36,Unemployed,Mortgage,0.4504635895449438,3,10219.08,799.7,0.5287,1
374,85932,38205,24,Retired,Mortgage,0.369959966005972,5,7161.0,1727.91,0.6113,0
818,101998,21988,36,Employed,Mortgage,0.308154452029545,4,8499.83,689.02,0.3892,1
404,132325,31818,36,Unemployed,Own,0.5105077085700845,5,11027.08,997.06,0.6009,0
310,189898,14830,24,Employed,Mortgage,0.0206604888138204,3,15824.83,670.72,0.063,0
381,68426,20213,120,Employed,Rent,0.5856727106993659,2,5702.17,245.24,0.6287,0
489,47586,41855,36,Employed,Mortgage,0.4841750413477773,5,3965.5,1311.58,0.8149,0
711,197198,17196,36,Employed,Mortgage,0.3099328075966225,2,16433.17,538.86,0.3427,1
501,174228,46878,36,Employed,Rent,0.025802472347208,0,14519.0,1468.99,0.127,0
831,60885,25816,24,Retired,Mortgage,0.3067535025559552,5,5073.75,1167.59,0.5369,1
387,95815,31549,120,Employed,Own,0.261557649661265,5,7984.58,382.78,0.3095,0
367,122877,45126,24,Employed,Own,0.2501222913482598,5,10239.75,2040.93,0.4494,0
433,157888,10048,24,Employed,Rent,0.2616725952011731,5,13157.33,454.44,0.2962,0
420,126764,42448,120,Employed,Mortgage,0.0833870840936674,3,10563.67,515.01,0.1321,0
583,67085,19419,84,Employed,Rent,0.1004647532953107,3,5590.42,302.67,0.1546,0
759,132665,8919,60,Employed,Own,0.0851521327625238,3,11055.42,180.85,0.1015,1
388,102840,46752,36,Employed,Own,0.4038154452682883,0,8570.0,1465.04,0.5748,0
334,44268,38809,60,Employed,Rent,0.4646283486256359,1,3689.0,786.91,0.6779,0
760,151253,11179,84,Self-employed,Mortgage,0.5627396706502762,5,12604.42,174.24,0.5766,1
603,171656,38401,60,Unemployed,Rent,0.4550574831185416,3,14304.67,778.63,0.5095,0
703,69573,17490,84,Employed,Rent,0.1247910855311773,5,5797.75,272.6,0.1718,1
775,139641,27632,120,Self-employed,Rent,0.4340679972979919,0,11636.75,335.25,0.4629,1
723,177678,6767,36,Unemployed,Rent,0.4743127638871112,3,14806.5,212.05,0.4886,1
644,45677,9084,12,Employed,Mortgage,0.1420597665600878,4,3806.42,790.2,0.3497,0
732,51503,5940,60,Employed,Rent,0.2347916154493438,2,4291.92,120.44,0.2629,1
314,24279,37362,120,Self-employed,Own,0.3998827626934887,4,2023.25,453.3,0.6239,0
391,134185,24597,60,Employed,Mortgage,0.4058034127822905,5,11182.08,498.74,0.4504,0
356,122204,40246,60,Unemployed,Mortgage,0.253954446451064,4,10183.67,816.04,0.3341,0
502,24241,40919,120,Employed,Mortgage,0.3591064010774069,5,2020.08,496.46,0.6049,0
724,101024,44521,84,Retired,Own,0.4530477732445581,5,8418.67,693.91,0.5355,1
500,147027,2357,60,Employed,Own,0.2349569435927665,1,12252.25,47.79,0.2389,0
330,113521,44031,60,Employed,Own,0.5929723073055297,3,9460.08,892.79,0.6873,0
625,170491,28409,12,Employed,Mortgage,0.4776135101472987,4,14207.58,2471.25,0.6516,0
458,120892,49614,84,Unemployed,Mortgage,0.2935804614655846,5,10074.33,773.29,0.3703,0
545,75000,12350,120,Self-employed,Rent,0.2197760144347452,3,6250.0,149.84,0.2438,0
499,61299,31965,120,Self-employed,Rent,0.1329478669944832,3,5108.25,387.82,0.2089,0
690,96115,4736,60,Employed,Own,0.5050780483567409,5,8009.58,96.03,0.5171,1
550,24399,37724,24,Employed,Rent,0.4782479945524497,3,2033.25,1706.15,1.3174,0
595,122050,42048,84,Employed,Rent,0.5482612922482687,2,10170.83,655.37,0.6127,0
753,182754,26099,12,Employed,Rent,0.3523089042534965,1,15229.5,2270.31,0.5014,1
370,165796,47089,24,Self-employed,Rent,0.2517655336090034,4,13816.33,2129.71,0.4059,0
315,91399,47713,120,Employed,Rent,0.0692028706088105,0,7616.58,578.89,0.1452,0
596,66214,16431,60,Self-employed,Rent,0.2904390303850447,2,5517.83,333.16,0.3508,0
483,147169,39816,12,Employed,Own,0.2780368586944711,3,12264.08,3463.53,0.5604,0
484,33244,14149,60,Self-employed,Mortgage,0.1051571667663878,5,2770.33,286.89,0.2087,0
426,117841,36184,36,Unemployed,Own,0.3030952877058251,1,9820.08,1133.88,0.4186,0
662,54032,31813,84,Unemployed,Rent,0.4929603082982646,1,4502.67,495.84,0.6031,0
824,66458,2980,84,Self-employed,Own,0.472446235110308,2,5538.17,46.45,0.4808,1
455,95282,11697,60,Employed,Own,0.0350491938337573,2,7940.17,237.17,0.0649,0
312,142017,12823,84,Self-employed,Own,0.0509109208176823,1,11834.75,199.86,0.0678,0
378,40136,17805,24,Self-employed,Mortgage,0.4919316919017626,1,3344.67,805.27,0.7327,0
818,142170,21333,24,Employed,Own,0.3679766643036212,5,11847.5,964.83,0.4494,1
611,189305,18575,36,Self-employed,Rent,0.2232094979504557,1,15775.42,582.07,0.2601,0
762,33198,18376,120,Employed,Mortgage,0.0988108935609573,2,2766.5,222.95,0.1794,0
670,198702,16307,60,Employed,Rent,0.1607198910155368,2,16558.5,330.65,0.1807,1
362,104580,18611,60,Employed,Rent,0.5363721137390943,4,8715.0,377.36,0.5797,0
656,61090,18298,24,Employed,Mortgage,0.1375143921706138,2,5090.83,827.57,0.3001,1
592,92012,3553,120,Employed,Rent,0.256248432174685,4,7667.67,43.11,0.2619,0
833,24507,13629,12,Employed,Rent,0.2063627537933558,3,2042.25,1185.57,0.7869,0
375,113542,43214,60,Self-employed,Rent,0.4554473338869325,3,9461.83,876.22,0.5481,0
718,183918,37277,60,Employed,Own,0.3152834831420719,1,15326.5,755.84,0.3646,1
300,153489,33336,60,Unemployed,Rent,0.3242454510922964,1,12790.75,675.93,0.3771,0
646,180501,22280,84,Employed,Mortgage,0.2681189906887313,5,15041.75,347.26,0.2912,0
660,162298,9503,36,Employed,Own,0.4560302817266548,1,13524.83,297.79,0.478,1
726,109333,30181,60,Retired,Own,0.0374694124104196,5,9111.08,611.96,0.1046,1
307,152849,38084,12,Employed,Own,0.4487375030192507,5,12737.42,3312.87,0.7088,0
324,146839,31288,60,Self-employed,Rent,0.1568859852419006,5,12236.58,634.41,0.2087,0
785,36653,23412,36,Employed,Mortgage,0.0654280370376385,4,3054.42,733.65,0.3056,0
465,24006,10388,36,Employed,Own,0.5714280067281399,3,2000.5,325.52,0.7341,0
618,37786,44926,24,Employed,Own,0.0408596894923563,5,3148.83,2031.88,0.6861,0
640,88024,1023,120,Self-employed,Rent,0.0433947061651432,3,7335.33,12.41,0.0451,0
618,199770,15188,36,Employed,Rent,0.1032877206429104,5,16647.5,475.94,0.1319,0
345,181150,25595,84,Unemployed,Rent,0.4728270000733374,4,15095.83,398.93,0.4993,0
371,156052,17703,36,Employed,Own,0.1461485169208841,4,13004.33,554.75,0.1888,0
671,106312,13813,84,Employed,Mortgage,0.3212427684385021,4,8859.33,215.29,0.3455,1
525,157439,47622,36,Employed,Mortgage,0.3193694120455628,3,13119.92,1492.3,0.4331,0
465,96745,28450,120,Employed,Rent,0.039163076288932,3,8062.08,345.18,0.082,0
789,181701,41372,36,Unemployed,Rent,0.5588976553043343,1,15141.75,1296.45,0.6445,0
615,61713,46303,24,Employed,Own,0.0767470747738952,2,5142.75,2094.16,0.484,0
600,189750,10522,84,Employed,Own,0.0614999726924161,5,15812.5,164.0,0.0719,0
459,77327,27763,36,Self-employed,Own,0.3803672613479295,3,6443.92,869.99,0.5154,0
639,125669,23661,36,Self-employed,Rent,0.2284461335208983,3,10472.42,741.45,0.2992,0
302,80547,1107,36,Employed,Own,0.4148065954269569,0,6712.25,34.69,0.42,0
483,137695,20753,24,Employed,Own,0.3345120624318745,1,11474.58,938.6,0.4163,0
425,62470,23954,12,Employed,Own,0.1034929239620436,1,5205.83,2083.72,0.5038,0
318,72272,11680,24,Self-employed,Own,0.3277960322335234,2,6022.67,528.25,0.4155,0
436,183874,30275,36,Employed,Rent,0.1227855962696706,0,15322.83,948.71,0.1847,0
770,48683,21212,60,Self-employed,Mortgage,0.5260533169706255,2,4056.92,430.1,0.6321,0
561,52083,42099,12,Self-employed,Own,0.1939040513264444,0,4340.25,3662.13,1.0377,0
598,155963,16527,24,Employed,Mortgage,0.5153682608695183,0,12996.92,747.47,0.5729,0
323,65353,23015,36,Employed,Own,0.1845810361129486,4,5446.08,721.21,0.317,0
822,47963,12773,24,Employed,Own,0.2297492745012249,0,3996.92,577.69,0.3743,0
653,45583,21460,60,Self-employed,Rent,0.0552719304983205,1,3798.58,435.13,0.1698,0
329,30923,46780,36,Unemployed,Mortgage,0.1499096383343671,5,2576.92,1465.92,0.7188,0
538,157627,2363,60,Employed,Mortgage,0.3296655002411069,1,13135.58,47.91,0.3333,0
385,110118,20792,24,Employed,Own,0.3329177548642858,5,9176.5,940.37,0.4354,0
800,117877,15022,12,Unemployed,Rent,0.0832432428747291,4,9823.08,1306.74,0.2163,1
469,45575,46995,84,Retired,Own,0.4793914208282656,3,3797.92,732.47,0.6723,0
728,132379,43014,12,Employed,Own,0.0077682568250189,1,11031.58,3741.72,0.347,1
774,197445,13750,24,Self-employed,Rent,0.599542180382053,2,16453.75,621.88,0.6373,0
440,172354,31776,60,Unemployed,Rent,0.2883216033930708,1,14362.83,644.3,0.3332,0
522,73390,8019,12,Employed,Rent,0.4435028662254065,1,6115.83,697.56,0.5576,0
535,117162,38106,60,Employed,Rent,0.5248847334287658,3,9763.5,772.65,0.604,0
809,111669,14924,36,Employed,Own,0.1776008891192935,2,9305.75,467.66,0.2279,1
473,23273,31047,36,Employed,Rent,0.3607952243998459,1,1939.42,972.9,0.8624,0
741,195268,5034,24,Self-employed,Rent,0.00956399780126,2,16272.33,227.67,0.0236,1
334,92191,15823,12,Employed,Mortgage,0.2572355556456863,3,7682.58,1376.42,0.4364,0
797,120131,6115,84,Retired,Rent,0.0599188945129056,0,10010.92,95.31,0.0694,1
408,157924,49675,36,Employed,Own,0.1174515243294623,1,13160.33,1556.63,0.2357,0
333,78920,13464,84,Self-employed,Rent,0.5500945607234111,4,6576.67,209.85,0.582,0
462,137035,38688,36,Employed,Rent,0.3291784246848182,1,11419.58,1212.34,0.4353,0
475,28174,18301,12,Self-employed,Rent,0.0850897958848718,2,2347.83,1591.98,0.7632,0
694,130142,29098,12,Employed,Rent,0.4887890633447158,1,10845.17,2531.19,0.7222,0
695,103805,23841,12,Employed,Own,0.3288777458454804,5,8650.42,2073.89,0.5686,1
595,30035,13454,120,Retired,Rent,0.24574571934179,1,2502.92,163.23,0.311,0
435,75947,3289,60,Employed,Own,0.1397124183306239,4,6328.92,66.69,0.1502,0
567,121307,5505,84,Employed,Mortgage,0.2339920069211827,1,10108.92,85.8,0.2425,0
673,117949,6642,60,Employed,Rent,0.1138116408093191,4,9829.08,134.68,0.1275,1
611,96365,28534,12,Retired,Mortgage,0.3636611536438168,2,8030.42,2482.13,0.6728,0
458,188353,1762,60,Employed,Own,0.1886501665264433,0,15696.08,35.73,0.1909,0
512,125083,5223,120,Retired,Mortgage,0.0269824401235114,3,10423.58,63.37,0.0331,0
621,153881,27046,120,Employed,Mortgage,0.5011230463861878,3,12823.42,328.14,0.5267,0
380,125489,49697,60,Self-employed,Own,0.5710202237170904,5,10457.42,1007.68,0.6674,0
848,65589,21521,24,Self-employed,Mortgage,0.4769191242032479,1,5465.75,973.34,0.655,0
608,41525,38946,12,Employed,Rent,0.0064484680259562,3,3460.42,3387.85,0.9855,0
788,98112,22182,120,Employed,Rent,0.5246845198190002,2,8176.0,269.13,0.5576,1
580,46348,36185,60,Employed,Rent,0.4939519467816818,4,3862.33,733.7,0.6839,0
318,89257,13165,24,Employed,Rent,0.3834172193798998,3,7438.08,595.42,0.4635,0
377,179323,37614,24,Retired,Own,0.2685759029906922,5,14943.58,1701.18,0.3824,0
809,70368,41990,120,Employed,Rent,0.0195775266934905,2,5864.0,509.45,0.1065,1
815,127960,36933,84,Employed,Own,0.4164881120829186,2,10663.33,575.65,0.4705,1
544,143016,9010,12,Employed,Mortgage,0.095716066182304,0,11918.0,783.77,0.1615,0
806,199420,31580,36,Employed,Mortgage,0.1903266581800003,2,16618.33,989.6,0.2499,1
729,191625,37125,84,Employed,Rent,0.0875915825796457,3,15968.75,578.64,0.1238,1
518,157331,16497,36,Employed,Rent,0.596342203341906,4,13110.92,516.96,0.6358,0
784,170223,2394,60,Employed,Rent,0.5136735034875481,0,14185.25,48.54,0.5171,1
568,174485,11085,36,Self-employed,Mortgage,0.4334165648979781,1,14540.42,347.36,0.4573,0
768,139991,43121,12,Self-employed,Own,0.1606801512210351,1,11665.92,3751.03,0.4822,1
761,83267,32465,120,Employed,Mortgage,0.0366253395222303,0,6938.92,393.89,0.0934,1
401,150808,9614,120,Employed,Rent,0.249377898274501,1,12567.33,116.64,0.2587,0
587,192592,30275,12,Employed,Mortgage,0.3452379151677302,3,16049.33,2633.57,0.5093,0
703,100435,28988,60,Employed,Mortgage,0.190634486062062,3,8369.58,587.77,0.2609,1
650,95205,15981,12,Employed,Rent,0.2865034653016891,0,7933.75,1390.16,0.4617,1
700,99454,3069,24,Employed,Mortgage,0.4968304322590925,1,8287.83,138.8,0.5136,1
343,150158,46794,36,Employed,Rent,0.3504008482101939,4,12513.17,1466.35,0.4676,0
483,145360,23209,24,Employed,Rent,0.4683369277006242,0,12113.33,1049.68,0.555,0
806,60669,24407,12,Self-employed,Mortgage,0.0583799413428467,4,5055.75,2123.13,0.4783,1
643,170440,1982,60,Self-employed,Rent,0.0485160437609205,4,14203.33,40.19,0.0513,0
422,61560,1535,60,Employed,Own,0.4534950965806645,5,5130.0,31.12,0.4596,0
767,146350,27584,84,Self-employed,Own,0.032014183463276,2,12195.83,429.93,0.0673,1
405,123930,13054,24,Employed,Rent,0.4121417470071394,1,10327.5,590.4,0.4693,0
461,117704,12648,60,Employed,Mortgage,0.5335252235105752,4,9808.67,256.46,0.5597,0
540,195518,42963,24,Employed,Rent,0.3591370332186949,0,16293.17,1943.1,0.4784,0
391,139437,22523,12,Self-employed,Rent,0.0358360984922307,0,11619.75,1959.24,0.2044,0
309,176370,5960,24,Employed,Own,0.0277026871857952,1,14697.5,269.55,0.046,0
339,50583,14073,84,Self-employed,Own,0.0137310991406687,0,4215.25,219.34,0.0658,0
303,185438,43986,36,Self-employed,Rent,0.3743181202807752,4,15453.17,1378.36,0.4635,0
663,174660,7558,36,Employed,Own,0.1615157749285653,3,14555.0,236.84,0.1778,1
300,176187,40737,12,Employed,Mortgage,0.4891110180018391,5,14682.25,3543.65,0.7305,0
532,133000,9977,84,Employed,Rent,0.3643804524962017,5,11083.33,155.5,0.3784,0
576,82120,38236,60,Employed,Own,0.5764482966145733,4,6843.33,775.29,0.6897,0
423,88682,18998,84,Unemployed,Own,0.0020596553927127,1,7390.17,296.11,0.0421,0
414,142925,33363,60,Employed,Rent,0.3302561383600916,5,11910.42,676.48,0.3871,0
310,61815,45083,60,Employed,Mortgage,0.3332002123773118,1,5151.25,914.12,0.5107,0
505,106926,10635,120,Employed,Own,0.3313892589992576,5,8910.5,129.03,0.3459,0
391,124717,2025,24,Employed,Own,0.2362180194481519,0,10393.08,91.59,0.245,0
480,27605,29946,12,Retired,Own,0.3458065593086719,5,2300.42,2604.96,1.4782,0
675,50459,28411,60,Unemployed,Mortgage,0.1060527228611645,1,4204.92,576.07,0.2431,1
441,49054,18634,120,Employed,Own,0.0467445209939074,2,4087.83,226.08,0.1021,0
438,145626,14677,12,Employed,Own,0.3805153607780325,4,12135.5,1276.73,0.4857,0
561,83354,18851,60,Self-employed,Own,0.3022491443248646,0,6946.17,382.23,0.3573,0
529,102481,42381,36,Employed,Rent,0.2295978359262582,2,8540.08,1328.07,0.3851,0
485,26803,42456,84,Self-employed,Mortgage,0.4099826473513855,0,2233.58,661.73,0.7062,0
490,165544,38827,60,Employed,Rent,0.4828917644243317,5,13795.33,787.27,0.54,0
846,158917,10731,36,Self-employed,Rent,0.1558888656979783,2,13243.08,336.27,0.1813,1
765,113387,16263,120,Employed,Mortgage,0.1768601810934518,5,9448.92,197.32,0.1977,1
609,48651,8265,12,Employed,Own,0.5486524208048711,1,4054.25,718.96,0.726,0
679,152347,47933,84,Unemployed,Own,0.0295098930761375,5,12695.58,747.09,0.0884,1
820,32839,5851,120,Unemployed,Rent,0.3359639242354546,5,2736.58,70.99,0.3619,0
580,23169,6838,24,Employed,Mortgage,0.1863349956509862,2,1930.75,309.26,0.3465,0
487,159415,9993,60,Unemployed,Mortgage,0.1458002087429888,4,13284.58,202.62,0.1611,0
324,192683,41444,120,Employed,Own,0.3461175593906181,1,16056.92,502.83,0.3774,0
556,180450,49225,24,Self-employed,Rent,0.1977199831378658,2,15037.5,2226.31,0.3458,0
637,184338,3556,120,Self-employed,Rent,0.2264417873009958,0,15361.5,43.14,0.2293,0
424,80460,18470,120,Employed,Rent,0.2749150024198957,2,6705.0,224.09,0.3083,0
544,96211,36164,12,Employed,Own,0.1126949281183804,0,8017.58,3145.85,0.5051,0
746,82694,39712,84,Employed,Rent,0.1604364745950544,5,6891.17,618.96,0.2503,1
588,172246,49160,120,Employed,Mortgage,0.5550184636540918,5,14353.83,596.45,0.5966,0
571,139884,29095,120,Employed,Mortgage,0.1709485245680147,5,11657.0,353.0,0.2012,0
778,116605,23888,36,Self-employed,Mortgage,0.2660881882275542,0,9717.08,748.56,0.3431,1
819,174314,37610,60,Employed,Own,0.4568678323895471,2,14526.17,762.6,0.5094,1
753,75297,5405,24,Retired,Rent,0.2146326238007667,0,6274.75,244.45,0.2536,1
812,169484,12629,12,Employed,Mortgage,0.4850896006981173,2,14123.67,1098.58,0.5629,1
387,54507,22420,60,Employed,Rent,0.3352908081429495,2,4542.25,454.6,0.4354,0
555,54876,19596,24,Employed,Rent,0.2966740054581859,4,4573.0,886.27,0.4905,0
359,93831,47168,120,Employed,Mortgage,0.5844092006520234,4,7819.25,572.28,0.6576,0
457,30613,40586,60,Employed,Rent,0.4686107357524698,1,2551.08,822.94,0.7912,0
766,100356,17751,36,Employed,Mortgage,0.2764276210469747,4,8363.0,556.25,0.3429,1
785,162087,8116,36,Retired,Mortgage,0.1661391527603304,2,13507.25,254.33,0.185,1
481,75277,15673,60,Employed,Rent,0.3416057115463553,3,6273.08,317.79,0.3923,0
648,25314,25288,60,Unemployed,Own,0.4043421242889488,1,2109.5,512.75,0.6474,0
383,37960,31606,60,Employed,Mortgage,0.0091182021534976,4,3163.33,640.86,0.2117,0
588,118682,9144,84,Self-employed,Rent,0.3996224974226745,3,9890.17,142.52,0.414,0
340,92547,33962,12,Employed,Rent,0.2592425891588674,2,7712.25,2954.3,0.6423,0
480,190031,4135,120,Employed,Rent,0.4586495279345662,2,15835.92,50.17,0.4618,0
535,196567,27124,60,Employed,Rent,0.159523785109887,0,16380.58,549.98,0.1931,0
577,182951,48047,36,Employed,Own,0.2194804908176743,2,15245.92,1505.62,0.3182,0
677,80071,35827,24,Retired,Own,0.5411270235087874,0,6672.58,1620.36,0.784,0
591,181043,36092,120,Retired,Mortgage,0.2323358733443947,2,15086.92,437.9,0.2614,0
649,60814,49831,12,Self-employed,Own,0.553742614592091,3,5067.83,4334.72,1.4091,0
553,35289,17836,24,Unemployed,Rent,0.0780239662289565,2,2940.75,806.67,0.3523,0
447,27576,4691,36,Employed,Mortgage,0.2690341822405575,2,2298.0,147.0,0.333,0
795,111016,18760,24,Retired,Mortgage,0.552643516975127,4,9251.33,848.46,0.6444,0
325,101277,42472,84,Employed,Own,0.5557175872527148,5,8439.75,661.98,0.6342,0
801,149264,24630,120,Self-employed,Own,0.0960724645677948,2,12438.67,298.83,0.1201,1
430,139194,16835,36,Self-employed,Rent,0.5590905075481352,4,11599.5,527.55,0.6046,0
372,149585,45127,36,Employed,Rent,0.4249046211918817,3,12465.42,1414.12,0.5383,0
602,128690,44332,12,Employed,Own,0.2761321981600945,2,10724.17,3856.37,0.6357,0
435,153664,11763,60,Employed,Rent,0.3460538373981615,0,12805.33,238.51,0.3647,0
408,166310,33398,120,Employed,Rent,0.1563782691563706,1,13859.17,405.21,0.1856,0
362,47309,35489,120,Employed,Mortgage,0.0446054260890219,1,3942.42,430.58,0.1538,0
456,29051,49235,12,Employed,Mortgage,0.4499001099123679,3,2420.92,4282.88,2.219,0
800,23296,21932,24,Employed,Rent,0.5635582674341995,0,1941.33,991.92,1.0745,0
824,66970,2368,12,Employed,Rent,0.1979422532905595,0,5580.83,205.99,0.2349,1
725,76924,43757,12,Employed,Rent,0.4215286688618703,0,6410.33,3806.35,1.0153,0
612,30134,22849,84,Self-employed,Own,0.4098288650372682,3,2511.17,356.13,0.5516,0
300,61772,48300,12,Employed,Mortgage,0.0532756192713684,2,5147.67,4201.54,0.8695,0
302,121131,20983,24,Employed,Rent,0.2442306094731208,3,10094.25,949.0,0.3382,0
593,24862,11351,120,Self-employed,Mortgage,0.5834126608030741,0,2071.83,137.72,0.6499,0
601,40476,6103,60,Self-employed,Mortgage,0.1988998668376586,3,3373.0,123.75,0.2356,0
661,183160,31393,24,Employed,Rent,0.2287526105395998,5,15263.33,1419.82,0.3218,1
471,67139,44917,120,Retired,Rent,0.1819469238665894,0,5594.92,544.97,0.2794,0
654,44383,29475,12,Employed,Rent,0.3583513594450877,0,3698.58,2563.98,1.0516,0
707,127592,22185,84,Employed,Mortgage,0.089852747201902,1,10632.67,345.78,0.1224,1
739,158944,11554,24,Employed,Mortgage,0.5437254994991058,5,13245.33,522.56,0.5832,1
399,26272,33935,120,Self-employed,Rent,0.2025817521141703,2,2189.33,411.73,0.3906,0
743,172169,22554,120,Employed,Own,0.3525192100642729,0,14347.42,273.64,0.3716,1
826,135346,14607,24,Employed,Mortgage,0.4502122876384582,5,11278.83,660.64,0.5088,1
643,113685,5621,120,Self-employed,Mortgage,0.3894970787397773,1,9473.75,68.2,0.3967,0
431,116879,48309,84,Self-employed,Rent,0.2891196285834404,0,9739.92,752.95,0.3664,0
710,173459,18998,36,Retired,Rent,0.5206995597922706,2,14454.92,595.33,0.5619,1
329,22445,44989,60,Unemployed,Rent,0.2033254786061281,3,1870.42,912.21,0.691,0
682,196095,6560,120,Employed,Rent,0.4125074616759364,3,16341.25,79.59,0.4174,1
677,33074,24820,84,Employed,Rent,0.4188180812931976,4,2756.17,386.85,0.5592,0
392,153518,38058,12,Unemployed,Own,0.5251721361052732,4,12793.17,3310.61,0.784,0
697,56171,30858,36,Employed,Rent,0.3202078635083326,2,4680.92,966.98,0.5268,1
800,148544,12379,60,Self-employed,Rent,0.0980653826527411,3,12378.67,251.0,0.1183,1
613,76134,6710,24,Employed,Mortgage,0.1496282479870494,2,6344.5,303.48,0.1975,0
491,49773,10703,84,Self-employed,Own,0.3513527231507228,5,4147.75,166.82,0.3916,0
468,159168,42282,12,Employed,Rent,0.3645443711510909,4,13264.0,3678.04,0.6418,0
508,53563,35168,12,Employed,Rent,0.4493884416734003,0,4463.58,3059.21,1.1348,0
393,69739,28923,84,Self-employed,Own,0.469339538792253,2,5811.58,450.8,0.5469,0
758,35683,11208,60,Employed,Mortgage,0.5917479250480019,0,2973.58,227.26,0.6682,0
751,85018,8624,12,Employed,Mortgage,0.2430773998089269,2,7084.83,750.19,0.349,1
529,195222,28745,12,Self-employed,Own,0.246999295413427,0,16268.5,2500.48,0.4007,0
579,84461,24114,84,Retired,Rent,0.4161138687352753,0,7038.42,375.85,0.4695,0
787,77502,49308,36,Employed,Mortgage,0.2504666880951049,5,6458.5,1545.13,0.4897,1
489,35216,9114,120,Retired,Own,0.2359249432852642,4,2934.67,110.58,0.2736,0
475,156892,4059,36,Self-employed,Rent,0.1173782723145843,0,13074.33,127.19,0.1271,0
714,136886,39507,120,Employed,Rent,0.1615948979763011,3,11407.17,479.33,0.2036,1
441,112758,11308,12,Unemployed,Rent,0.555222591046276,4,9396.5,983.67,0.6599,0
464,141008,10825,60,Employed,Own,0.4215020788978513,4,11750.67,219.49,0.4402,0
744,137748,33709,12,Employed,Own,0.3250220486391247,4,11479.0,2932.29,0.5805,1
562,82708,38340,24,Self-employed,Own,0.5705636865618795,0,6892.33,1734.01,0.8221,0
302,73350,30860,24,Employed,Own,0.4108343675335934,4,6112.5,1395.71,0.6392,0
489,126566,19851,120,Employed,Rent,0.1962969406600497,4,10547.17,240.85,0.2191,0
754,161279,38172,24,Employed,Own,0.5218782703120272,3,13439.92,1726.42,0.6503,0
448,47392,7858,84,Employed,Rent,0.5002419805258754,0,3949.33,122.48,0.5313,0
439,88808,13435,12,Employed,Rent,0.3905494274988805,3,7400.67,1168.69,0.5485,0
678,91676,44643,24,Employed,Own,0.1513031741081733,2,7639.67,2019.08,0.4156,1
594,190018,38164,120,Employed,Mortgage,0.4836037157310209,4,15834.83,463.03,0.5128,0
590,114682,31696,12,Self-employed,Mortgage,0.4026855884534453,4,9556.83,2757.19,0.6912,0
421,51652,34654,84,Employed,Own,0.3611208427871177,4,4304.33,540.12,0.4866,0
344,197213,3797,60,Self-employed,Rent,0.4725474000059072,0,16434.42,76.99,0.4772,0
554,86931,17430,60,Retired,Rent,0.3664557994431227,4,7244.25,353.42,0.4152,0
696,73095,38029,36,Self-employed,Rent,0.207676760666558,0,6091.25,1191.69,0.4033,1
374,52883,23573,60,Self-employed,Own,0.001252975269964,3,4406.92,477.98,0.1097,0
816,64334,49526,120,Employed,Rent,0.0582066338777511,5,5361.17,600.89,0.1703,1
793,118114,5916,60,Employed,Mortgage,0.3578508378914045,2,9842.83,119.96,0.37,1
481,56658,16987,12,Employed,Mortgage,0.3200287638360948,1,4721.5,1477.67,0.633,0
346,45805,28285,60,Employed,Mortgage,0.5579745067014403,4,3817.08,573.52,0.7082,0
621,92490,39560,36,Self-employed,Mortgage,0.3957177657091188,1,7707.5,1239.67,0.5566,0
319,112771,17320,12,Self-employed,Rent,0.5300021225720074,5,9397.58,1506.64,0.6903,0
441,76386,25374,24,Employed,Rent,0.0881496070920597,4,6365.5,1147.6,0.2684,0
731,76437,21375,60,Self-employed,Own,0.0451985825464974,5,6369.75,433.41,0.1132,1
572,173700,40681,36,Employed,Rent,0.1111599101747186,1,14475.0,1274.79,0.1992,0
691,63685,38359,24,Self-employed,Rent,0.3580107560301152,2,5307.08,1734.87,0.6849,0
713,78947,45818,60,Employed,Mortgage,0.1722190091669665,2,6578.92,929.02,0.3134,1
678,161460,21429,36,Employed,Mortgage,0.5445210899722148,2,13455.0,671.51,0.5944,1
725,169110,9410,84,Self-employed,Mortgage,0.164885894904729,2,14092.5,146.67,0.1753,1
641,64600,29364,12,Self-employed,Mortgage,0.5964001408400005,4,5383.33,2554.33,1.0709,0
533,199254,31050,12,Self-employed,Mortgage,0.3050783881016679,4,16604.5,2700.99,0.4677,0
666,187052,9968,36,Employed,Rent,0.3465602594344555,1,15587.67,312.36,0.3666,1
551,122902,48499,120,Employed,Own,0.3470683426292402,4,10241.83,588.43,0.4045,0
637,145915,49410,36,Employed,Rent,0.532000274717024,1,12159.58,1548.33,0.6593,0
811,68489,13805,24,Self-employed,Rent,0.3847081992751242,3,5707.42,624.36,0.4941,1
450,101682,29675,36,Retired,Mortgage,0.4800201008991075,5,8473.5,929.91,0.5898,0
375,76840,17582,84,Employed,Rent,0.0584206122352587,1,6403.33,274.04,0.1012,0
537,112292,22288,120,Employed,Mortgage,0.257871294204933,2,9357.67,270.41,0.2868,0
482,48949,41170,60,Employed,Mortgage,0.1674093410559978,2,4079.08,834.78,0.3721,0
444,122987,8385,60,Employed,Mortgage,0.5310986238647443,0,10248.92,170.02,0.5477,0
806,106949,34669,24,Employed,Own,0.2206829273622758,1,8912.42,1567.98,0.3966,1
826,133494,5147,36,Employed,Mortgage,0.5559025796859208,0,11124.5,161.29,0.5704,1
767,169977,22866,36,Employed,Rent,0.4953082009653429,2,14164.75,716.54,0.5459,1
329,157249,41435,24,Employed,Rent,0.5720672197240763,5,13104.08,1873.99,0.7151,0
370,86679,44501,36,Employed,Mortgage,0.1516048296002482,3,7223.25,1394.5,0.3447,0
603,184452,39888,24,Employed,Own,0.385028200810245,1,15371.0,1804.03,0.5024,0
803,77043,31498,84,Self-employed,Rent,0.1925743810195452,3,6420.25,490.93,0.269,1
527,113007,29317,36,Self-employed,Own,0.437366214370129,0,9417.25,918.69,0.5349,0
704,197366,27644,120,Employed,Mortgage,0.4979713099929967,0,16447.17,335.4,0.5184,1
692,32764,9951,36,Employed,Own,0.3436226461523481,1,2730.33,311.83,0.4578,0
748,122117,2981,60,Self-employed,Mortgage,0.5397916216917105,1,10176.42,60.44,0.5457,1
660,160280,17399,120,Unemployed,Rent,0.1864144988527464,0,13356.67,211.1,0.2022,1
837,195029,34414,60,Employed,Own,0.2359906721197212,2,16252.42,697.79,0.2789,1
403,188877,40484,24,Employed,Rent,0.4437758647698514,2,15739.75,1830.98,0.5601,0
636,146324,40085,120,Employed,Mortgage,0.5551744129968448,0,12193.67,486.34,0.5951,0
447,100957,27038,24,Employed,Mortgage,0.135157657792191,4,8413.08,1222.86,0.2805,0
419,111015,11302,24,Employed,Mortgage,0.5409443382705189,4,9251.25,511.16,0.5962,0
684,21452,13792,36,Self-employed,Mortgage,0.533964833684043,0,1787.67,432.19,0.7757,0
416,97049,27932,24,Unemployed,Mortgage,0.0386181873578526,5,8087.42,1263.29,0.1948,0
306,174695,40240,12,Employed,Rent,0.1404191234054762,5,14557.92,3500.41,0.3809,0
817,119379,28509,12,Employed,Mortgage,0.2406224127093886,5,9948.25,2479.95,0.4899,1
596,89052,41055,12,Self-employed,Rent,0.09072383324417,0,7421.0,3571.31,0.572,0
473,191158,14749,36,Employed,Mortgage,0.5336729590670816,2,15929.83,462.18,0.5627,0
750,185506,36520,24,Self-employed,Own,0.1778670864966042,1,15458.83,1651.7,0.2847,1
705,60589,23239,60,Unemployed,Own,0.381375926665024,3,5049.08,471.2,0.4747,1
408,91945,22024,36,Employed,Rent,0.4115521569143881,2,7662.08,690.15,0.5016,0
385,120175,42011,84,Employed,Own,0.3365140752054782,2,10014.58,654.79,0.4019,0
535,116648,16093,36,Employed,Mortgage,0.5916243606221209,4,9720.67,504.3,0.6435,0
691,190353,31325,36,Self-employed,Own,0.0725002136284311,3,15862.75,981.61,0.1344,1
652,187147,1532,60,Employed,Mortgage,0.0587902608016481,3,15595.58,31.06,0.0608,1
482,148700,27881,84,Employed,Own,0.0294418688218133,2,12391.67,434.56,0.0645,0
653,100923,12304,12,Retired,Mortgage,0.5982458986833131,5,8410.25,1070.31,0.7255,0
309,164256,36066,84,Self-employed,Mortgage,0.4160428527372168,1,13688.0,562.13,0.4571,0
582,33560,19073,36,Self-employed,Mortgage,0.2035627927765647,2,2796.67,597.68,0.4173,0
403,78784,4257,12,Self-employed,Mortgage,0.4221739688579407,4,6565.33,370.31,0.4786,0
423,198772,38723,24,Retired,Rent,0.4130924653503702,3,16564.33,1751.34,0.5188,0
428,27553,21106,120,Unemployed,Own,0.5376711846234669,0,2296.08,256.07,0.6492,0
492,49944,13773,60,Employed,Mortgage,0.3457810575392301,2,4162.0,279.27,0.4129,0
439,22184,18198,120,Employed,Mortgage,0.2177484439104607,0,1848.67,220.79,0.3372,0
487,101030,10855,60,Employed,Own,0.4501089513270709,4,8419.17,220.1,0.4763,0
643,93257,31011,12,Employed,Rent,0.3109968741921378,5,7771.42,2697.6,0.6581,0
806,119560,7268,84,Employed,Own,0.3221225315035948,4,9963.33,113.28,0.3335,1
712,106677,34313,36,Employed,Rent,0.053677254138024,2,8889.75,1075.24,0.1746,1
622,76311,5809,12,Employed,Mortgage,0.5598828593479649,2,6359.25,505.32,0.6393,0
392,73947,1575,120,Employed,Mortgage,0.539153957506301,3,6162.25,19.11,0.5423,0
610,144896,19949,84,Employed,Own,0.1109800843241421,2,12074.67,310.93,0.1367,0
696,70427,24509,24,Self-employed,Rent,0.3410816227123678,4,5868.92,1108.48,0.53,1
725,133689,36081,60,Employed,Rent,0.3928119460055997,0,11140.75,731.59,0.4585,1
369,149097,1999,60,Self-employed,Own,0.1698128465567788,0,12424.75,40.53,0.1731,0
762,191825,9373,120,Self-employed,Rent,0.4123819113790851,0,15985.42,113.72,0.4195,1
496,136186,20173,120,Self-employed,Rent,0.1890059617690639,2,11348.83,244.75,0.2106,0
800,122028,18361,60,Employed,Rent,0.2366914066925443,3,10169.0,372.29,0.2733,1
681,54027,19648,120,Retired,Mortgage,0.184465893664651,1,4502.25,238.38,0.2374,1
355,170958,35314,12,Employed,Mortgage,0.5382579796646572,0,14246.5,3071.91,0.7539,0
554,145574,18149,36,Employed,Mortgage,0.5983402434600835,4,12131.17,568.72,0.6452,0
596,114856,47019,60,Unemployed,Mortgage,0.510140843831932,0,9571.33,953.38,0.6097,0
754,30364,30204,84,Self-employed,Own,0.1795714183455,4,2530.33,470.77,0.3656,0
384,149063,40619,12,Retired,Own,0.3322305953248053,1,12421.92,3533.38,0.6167,0
421,91656,35939,84,Employed,Mortgage,0.0703546993306703,3,7638.0,560.15,0.1437,0
813,146916,20867,84,Retired,Mortgage,0.5630277230624763,0,12243.0,325.24,0.5896,1
707,186143,32265,60,Employed,Rent,0.1078582449323049,4,15511.92,654.22,0.15,1
383,57139,17787,84,Unemployed,Rent,0.2158684806783641,0,4761.58,277.23,0.2741,0
618,186659,47824,84,Employed,Own,0.5103107886827085,4,15554.92,745.4,0.5582,0
635,98905,31466,12,Employed,Mortgage,0.2302402128473484,4,8242.08,2737.18,0.5623,0
475,182300,20994,24,Employed,Own,0.047734606135226,4,15191.67,949.5,0.1102,0
488,135978,35606,24,Unemployed,Own,0.5480725013928229,4,11331.5,1610.36,0.6902,0
677,199976,14985,120,Employed,Own,0.3472461810754279,3,16664.67,181.81,0.3582,1
847,122201,27222,12,Unemployed,Own,0.0665998528123225,0,10183.42,2368.0,0.2991,1
303,113244,36176,120,Self-employed,Mortgage,0.5405521990772199,1,9437.0,438.91,0.5871,0
785,142809,42334,120,Employed,Own,0.4368968249067104,0,11900.75,513.63,0.4801,1
709,113238,36936,12,Self-employed,Mortgage,0.0244568512140191,3,9436.5,3213.0,0.3649,1
738,184290,21774,60,Employed,Mortgage,0.1073478630551207,1,15357.5,441.5,0.1361,1
462,50974,2014,120,Employed,Own,0.5560823414730142,0,4247.83,24.44,0.5618,0
643,78044,13764,36,Employed,Own,0.2703949509476935,3,6503.67,431.31,0.3367,0
826,154003,21580,24,Employed,Own,0.01019381581373,2,12833.58,976.0,0.0862,1
637,27958,35678,60,Self-employed,Rent,0.490732477372901,4,2329.83,723.42,0.8012,0
747,103907,32351,84,Employed,Rent,0.4375001550944518,4,8658.92,504.23,0.4957,1
475,176425,6384,36,Employed,Own,0.0477530215867727,5,14702.08,200.05,0.0614,0
462,132345,38215,60,Unemployed,Own,0.559701143696688,0,11028.75,774.86,0.63,0
416,98613,20084,12,Employed,Own,0.4262636508144499,0,8217.75,1747.08,0.6389,0
768,84774,15639,120,Employed,Mortgage,0.3618960626191155,4,7064.5,189.74,0.3888,1
629,112327,6644,24,Employed,Own,0.3647777688314415,0,9360.58,300.49,0.3969,0
332,64014,23032,12,Unemployed,Own,0.2724975389413389,5,5334.5,2003.52,0.6481,0
826,129310,22491,84,Employed,Rent,0.0512875184412285,3,10775.83,350.55,0.0838,1
738,163514,22486,120,Self-employed,Mortgage,0.5458058904941834,3,13626.17,272.82,0.5658,1
508,42224,46871,12,Employed,Rent,0.4563423117775381,0,3518.67,4077.23,1.6151,0
712,131369,5100,12,Self-employed,Mortgage,0.0075978991215358,0,10947.42,443.64,0.0481,1
774,43463,39993,24,Employed,Mortgage,0.4263531417754239,3,3621.92,1808.78,0.9258,0
755,188498,49673,84,Employed,Mortgage,0.1631697167689966,5,15708.17,774.21,0.2125,1
531,37735,20688,24,Retired,Own,0.4546675260435165,4,3144.58,935.66,0.7522,0
435,126181,45201,120,Self-employed,Rent,0.1452227488829557,3,10515.08,548.41,0.1974,0
607,54175,26351,60,Employed,Mortgage,0.0147662897584548,2,4514.58,534.3,0.1331,0
453,195234,46160,36,Employed,Mortgage,0.3771517410962973,3,16269.5,1446.49,0.4661,0
301,22930,2549,84,Employed,Own,0.3982687979199397,1,1910.83,39.73,0.4191,0
626,66505,30526,36,Unemployed,Own,0.0557355393334954,2,5542.08,956.57,0.2283,0
334,121261,34276,84,Employed,Rent,0.3313531069846602,1,10105.08,534.23,0.3842,0
757,118332,49151,84,Unemployed,Own,0.0432584059683303,0,9861.0,766.08,0.1209,1
547,55110,43753,36,Unemployed,Mortgage,0.0875368254065586,4,4592.5,1371.06,0.3861,0
385,131632,29884,12,Employed,Rent,0.0750548598790206,0,10969.33,2599.56,0.312,0
636,146439,42803,60,Employed,Rent,0.3938838795478279,0,12203.25,867.89,0.465,0
380,155868,16569,60,Employed,Rent,0.4903537970760892,1,12989.0,335.96,0.5162,0
354,161082,48453,24,Employed,Own,0.3412502233740348,2,13423.5,2191.4,0.5045,0
593,52838,43125,84,Unemployed,Rent,0.5321440230503693,2,4403.17,672.16,0.6848,0
637,44808,32903,24,Employed,Rent,0.2302814610281579,0,3734.0,1488.11,0.6288,0
450,166723,49141,12,Employed,Rent,0.4686420427675159,4,13893.58,4274.7,0.7763,0
839,33817,43403,36,Self-employed,Rent,0.5754793644223402,5,2818.08,1360.09,1.0581,0
798,115633,16259,12,Employed,Rent,0.5777049710870924,4,9636.08,1414.34,0.7245,0
476,81071,37259,12,Retired,Rent,0.0362797840073719,5,6755.92,3241.1,0.516,0
343,142237,28010,24,Retired,Mortgage,0.5583585185332579,1,11853.08,1266.82,0.6652,0
766,172038,20374,36,Employed,Rent,0.0387532860033287,4,14336.5,638.45,0.0833,1
637,179148,31738,60,Employed,Mortgage,0.0784244138190819,5,14929.0,643.53,0.1215,0
604,97376,21859,84,Employed,Own,0.4803543216472521,1,8114.67,340.7,0.5223,0
309,69166,40358,36,Self-employed,Rent,0.1617613159450818,0,5763.83,1264.67,0.3812,0
801,62570,48765,12,Employed,Mortgage,0.0786812190605508,1,5214.17,4241.99,0.8922,0
672,113126,12878,36,Employed,Mortgage,0.1257581975942548,5,9427.17,403.55,0.1686,1
402,97389,16830,120,Employed,Own,0.2903518186674796,1,8115.75,204.19,0.3155,0
375,160496,30789,120,Self-employed,Own,0.043903303332965,4,13374.67,373.56,0.0718,0
791,75944,26994,120,Retired,Own,0.4878863508599459,5,6328.67,327.51,0.5396,1
632,31352,10058,24,Employed,Own,0.5122057810512699,2,2612.67,454.9,0.6863,0
470,125481,36503,24,Self-employed,Own,0.2848624158176565,0,10456.75,1650.93,0.4427,0
338,152529,26921,24,Employed,Rent,0.1439386378277039,5,12710.75,1217.56,0.2397,0
442,154100,36032,24,Self-employed,Mortgage,0.2964997235973253,4,12841.67,1629.63,0.4234,0
710,103981,9609,12,Employed,Own,0.4386748686841654,1,8665.08,835.87,0.5351,1
503,51671,8055,36,Employed,Rent,0.4153593761438443,1,4305.92,252.41,0.474,0
506,164384,29137,12,Self-employed,Mortgage,0.4961447395962343,2,13698.67,2534.58,0.6812,0
560,139061,15162,12,Employed,Rent,0.5869934097433489,3,11588.42,1318.92,0.7008,0
359,138128,5057,120,Employed,Mortgage,0.0538341706126294,2,11510.67,61.36,0.0592,0
567,127816,38335,36,Employed,Own,0.5122779635637258,5,10651.33,1201.28,0.6251,0
625,130865,17023,60,Employed,Rent,0.0393620269938712,0,10905.42,345.17,0.071,0
571,162692,46590,24,Employed,Rent,0.1379685031263224,5,13557.67,2107.14,0.2934,0
682,184019,34509,60,Self-employed,Rent,0.194075172794589,4,15334.92,699.72,0.2397,1
498,122498,7767,24,Employed,Rent,0.5842262298121663,3,10208.17,351.28,0.6186,0
452,147364,34157,120,Employed,Mortgage,0.1527835318622338,0,12280.33,414.42,0.1865,0
504,38524,30311,84,Employed,Mortgage,0.1497521606157,2,3210.33,472.43,0.2969,0
572,189158,48023,24,Unemployed,Rent,0.4774187041049587,5,15763.17,2171.95,0.6152,0
791,98134,23952,120,Employed,Mortgage,0.3206394575706258,4,8177.83,290.6,0.3562,1
438,123928,33315,60,Employed,Mortgage,0.3958303835327135,3,10327.33,675.51,0.4612,0
843,75921,33473,60,Unemployed,Own,0.2259249075702141,5,6326.75,678.71,0.3332,1
446,168288,24616,60,Self-employed,Own,0.474389378622037,4,14024.0,499.12,0.51,0
643,20580,9646,12,Self-employed,Rent,0.5241022449050641,5,1715.0,839.09,1.0134,0
456,110615,47760,24,Retired,Own,0.2660425986930697,3,9217.92,2160.06,0.5004,0
637,37392,25108,12,Employed,Mortgage,0.1712094714497073,5,3116.0,2184.11,0.8721,0
673,46358,33280,24,Self-employed,Mortgage,0.166046014084199,0,3863.17,1505.16,0.5557,0
796,58202,4792,36,Employed,Rent,0.4335209066512677,1,4850.17,150.16,0.4645,1
830,41737,8824,120,Self-employed,Mortgage,0.5253736612613547,0,3478.08,107.06,0.5562,0
440,78841,10284,12,Employed,Rent,0.2511071222093582,2,6570.08,894.59,0.3873,0
466,130790,12375,120,Employed,Mortgage,0.377071445132867,0,10899.17,150.14,0.3908,0
352,41836,28789,60,Employed,Rent,0.530783454453608,2,3486.33,583.74,0.6982,0
444,86025,41808,120,Employed,Own,0.5052024431614527,1,7168.75,507.25,0.576,0
632,113786,31681,84,Self-employed,Rent,0.2277907399718978,5,9482.17,493.79,0.2799,0
402,47376,8260,60,Unemployed,Mortgage,0.407808772500294,2,3948.0,167.48,0.4502,0
443,71060,47921,120,Self-employed,Own,0.5758785229010048,2,5921.67,581.41,0.6741,0
595,95495,49358,84,Employed,Own,0.3119366483863579,2,7957.92,769.3,0.4086,0
598,180647,5201,84,Unemployed,Rent,0.5192774718071336,1,15053.92,81.06,0.5247,0
442,164029,2526,12,Employed,Own,0.1368824036366177,1,13669.08,219.73,0.153,0
453,158376,18603,120,Employed,Rent,0.1299579731934324,2,13198.0,225.71,0.1471,0
307,66480,27921,36,Employed,Rent,0.0489883609171134,2,5540.0,874.94,0.2069,0
685,64639,28916,120,Employed,Mortgage,0.495267323685077,0,5386.58,350.83,0.5604,1
691,71990,40609,24,Unemployed,Rent,0.1496710347282472,0,5999.17,1836.64,0.4558,1
787,187502,19203,24,Retired,Own,0.3794387363462498,1,15625.17,868.5,0.435,1
754,53925,40549,84,Self-employed,Rent,0.0652231305973628,3,4493.75,632.01,0.2059,1
399,22453,5483,24,Employed,Mortgage,0.5746943371192897,3,1871.08,247.98,0.7072,0
800,172486,3033,60,Unemployed,Rent,0.5969056299521202,1,14373.83,61.5,0.6012,0
630,133606,15537,36,Self-employed,Mortgage,0.1065031778451338,3,11133.83,486.87,0.1502,0
340,138473,33773,24,Employed,Own,0.2158385000966477,3,11539.42,1527.46,0.3482,0
312,116314,1140,84,Self-employed,Mortgage,0.0405337429413287,0,9692.83,17.77,0.0424,0
745,43339,30713,120,Employed,Mortgage,0.4060241301622379,0,3611.58,372.63,0.5092,0
666,36356,6688,24,Self-employed,Rent,0.3727270292493541,3,3029.67,302.48,0.4726,0
740,136064,37191,12,Retired,Own,0.0546151446421936,3,11338.67,3235.19,0.3399,1
615,31239,42315,12,Employed,Mortgage,0.0905874463640157,2,2603.25,3680.92,1.5046,0
432,51623,31182,36,Retired,Own,0.509446549039335,5,4301.92,977.13,0.7366,0
745,196001,10929,36,Employed,Mortgage,0.1055440850360426,4,16333.42,342.48,0.1265,1
541,172155,40681,120,Employed,Mortgage,0.1691344098480128,4,14346.25,493.57,0.2035,0
635,168203,2171,12,Employed,Own,0.5272571732905649,5,14016.92,188.85,0.5407,0
411,70217,4291,120,Employed,Rent,0.427774996035073,3,5851.42,52.06,0.4367,0
323,161948,4948,36,Employed,Own,0.0719043805241642,5,13495.67,155.05,0.0834,0
552,63128,46606,120,Employed,Own,0.2749019161117922,3,5260.67,565.46,0.3824,0
319,153199,23084,36,Employed,Rent,0.0700036598891165,2,12766.58,723.37,0.1267,0
601,104975,29848,60,Employed,Own,0.5192176979882775,4,8747.92,605.21,0.5884,0
456,87578,8279,84,Employed,Rent,0.2430949420349154,2,7298.17,129.04,0.2608,0
594,150221,38072,120,Employed,Own,0.0483435478941561,2,12518.42,461.92,0.0852,0
786,25697,36254,60,Employed,Rent,0.1426425625269934,5,2141.42,735.1,0.4859,0
390,145173,40352,120,Self-employed,Rent,0.591785612193701,1,12097.75,489.58,0.6323,0
532,62560,30590,12,Employed,Mortgage,0.5202441356953355,3,5213.33,2660.98,1.0307,0
577,96127,11761,60,Unemployed,Mortgage,0.4562384001880948,3,8010.58,238.47,0.486,0
720,85926,6135,12,Self-employed,Mortgage,0.0267452640894639,1,7160.5,533.67,0.1013,1
306,64436,7625,24,Employed,Own,0.3601933867981991,1,5369.67,344.86,0.4244,0
691,41198,19034,36,Retired,Own,0.3540750749983065,0,3433.17,596.46,0.5278,0
802,176442,16483,60,Unemployed,Rent,0.0155864463204244,3,14703.5,334.22,0.0383,1
722,24271,14288,36,Employed,Mortgage,0.204383264261218,0,2022.58,447.73,0.4257,0
390,115694,7341,36,Employed,Mortgage,0.2509594759596854,1,9641.17,230.04,0.2748,0
786,53379,46970,120,Self-employed,Rent,0.5681403712220754,0,4448.25,569.88,0.6963,0
625,193946,45680,60,Unemployed,Mortgage,0.3662616606376815,2,16162.17,926.23,0.4236,0
779,36441,18942,12,Employed,Rent,0.4543944536814226,4,3036.75,1647.73,0.997,0
477,186719,4912,24,Self-employed,Rent,0.5112694332137064,1,15559.92,222.16,0.5255,0
420,163964,25236,36,Unemployed,Own,0.1648576344886966,1,13663.67,790.8,0.2227,0
339,76337,45820,24,Employed,Own,0.019522415739328,5,6361.42,2072.31,0.3453,0
838,196880,25997,60,Retired,Own,0.239747390511035,0,16406.67,527.13,0.2719,1
393,53761,1117,60,Employed,Rent,0.1755875403466846,0,4480.08,22.65,0.1806,0
433,102966,26602,84,Self-employed,Mortgage,0.145660796278826,5,8580.5,414.62,0.194,0
710,149690,27747,120,Employed,Own,0.2554761797889682,5,12474.17,336.65,0.2825,1
795,123038,39388,24,Self-employed,Rent,0.0925808962890475,1,10253.17,1781.41,0.2663,1
464,145689,12860,84,Employed,Rent,0.5000719419297722,4,12140.75,200.44,0.5166,0
689,52050,4057,24,Unemployed,Mortgage,0.5372819454247518,4,4337.5,183.49,0.5796,1
735,152119,24358,84,Employed,Rent,0.4179623770018658,2,12676.58,379.65,0.4479,1
341,42937,7308,120,Self-employed,Mortgage,0.506663430120952,1,3578.08,88.67,0.5314,0
692,54778,13346,36,Unemployed,Own,0.3574574879407816,1,4564.83,418.22,0.4491,1
750,185677,49209,84,Employed,Mortgage,0.0687683306261378,5,15473.08,766.98,0.1183,1
695,151040,28480,60,Employed,Own,0.5276723751192245,5,12586.67,577.47,0.5736,1
799,156389,16793,60,Employed,Mortgage,0.4624127186425134,1,13032.42,340.5,0.4885,1
650,188783,39625,24,Employed,Mortgage,0.5967576515593627,2,15731.92,1792.13,0.7107,0
390,27771,9526,84,Retired,Mortgage,0.4528354698479246,4,2314.25,148.47,0.517,0
512,95219,17459,120,Unemployed,Rent,0.1344500490626687,2,7934.92,211.83,0.1611,0
741,92489,13606,24,Employed,Rent,0.0613155377332863,5,7707.42,615.36,0.1412,1
730,188232,4377,36,Unemployed,Rent,0.2467766101236817,2,15686.0,137.16,0.2555,1
442,86794,45493,24,Employed,Own,0.0652188363952675,2,7232.83,2057.53,0.3497,0
630,102146,46814,24,Unemployed,Rent,0.3673329403423888,5,8512.17,2117.27,0.6161,0
488,176667,18638,12,Self-employed,Rent,0.483457435643142,5,14722.25,1621.29,0.5936,0
378,59249,47422,12,Self-employed,Rent,0.5410887001771247,1,4937.42,4125.17,1.3766,0
846,151545,5557,84,Employed,Rent,0.0329816138396879,1,12628.75,86.61,0.0398,1
748,86660,11355,24,Employed,Rent,0.5991135201961638,2,7221.67,513.56,0.6702,0
510,64626,24868,24,Employed,Rent,0.3564799568840303,5,5385.5,1124.71,0.5653,0
766,140629,44713,84,Self-employed,Mortgage,0.3348642587177179,3,11719.08,696.91,0.3943,1
843,167847,30937,60,Self-employed,Rent,0.2885149889801129,2,13987.25,627.29,0.3334,1
729,27993,20403,24,Employed,Mortgage,0.5335300722668146,0,2332.75,922.77,0.9291,0
748,128721,16358,24,Employed,Rent,0.384742292835519,1,10726.75,739.83,0.4537,1
388,100167,32285,24,Retired,Rent,0.4278461151393117,3,8347.25,1460.16,0.6028,0
733,68012,8790,12,Employed,Rent,0.2099222779945847,5,5667.67,764.63,0.3448,1
675,86508,35561,24,Employed,Rent,0.3575509961001016,4,7209.0,1608.33,0.5807,1
694,77945,2515,24,Employed,Rent,0.0767617742629926,0,6495.42,113.75,0.0943,1
533,191138,32504,120,Employed,Mortgage,0.1594776592289117,1,15928.17,394.36,0.1842,0
778,128917,27346,24,Employed,Rent,0.0212893278097386,3,10743.08,1236.79,0.1364,1
332,136914,32670,84,Employed,Rent,0.3085279127788324,2,11409.5,509.2,0.3532,0
619,167977,12886,36,Self-employed,Rent,0.5796856461083665,3,13998.08,403.8,0.6085,0
789,62647,42237,120,Retired,Rent,0.4679159641023319,3,5220.58,512.45,0.5661,1
518,97679,22981,24,Employed,Mortgage,0.3205474354429158,1,8139.92,1039.37,0.4482,0
593,42426,1783,60,Employed,Own,0.5656081897597648,3,3535.5,36.15,0.5758,0
390,149760,48254,120,Self-employed,Own,0.5974226501666172,4,12480.0,585.45,0.6443,0
738,162419,15006,84,Retired,Mortgage,0.3024197363413182,0,13534.92,233.89,0.3197,1
373,52217,18801,36,Unemployed,Mortgage,0.4880107727631581,0,4351.42,589.16,0.6234,0
451,156014,11921,24,Retired,Mortgage,0.57783307169289,3,13001.17,539.15,0.6193,0
443,190462,11733,120,Employed,Mortgage,0.0875073599835458,3,15871.83,142.35,0.0965,0
556,194743,29321,24,Self-employed,Own,0.4567852775484902,5,16228.58,1326.11,0.5385,0
451,194935,33199,24,Retired,Rent,0.0596406538181772,2,16244.58,1501.5,0.1521,0
788,117746,34595,120,Self-employed,Rent,0.0642387020459259,1,9812.17,419.73,0.107,1
430,133127,49805,60,Self-employed,Rent,0.4467104747630451,5,11093.92,1009.87,0.5377,0
540,139428,8800,12,Employed,Mortgage,0.1856993562023524,3,11619.0,765.5,0.2516,0
665,126975,48654,36,Self-employed,Own,0.0193902448117599,5,10581.25,1524.64,0.1635,1
799,193291,45073,84,Employed,Mortgage,0.0360247557507936,4,16107.58,702.52,0.0796,1
796,167336,12731,36,Self-employed,Mortgage,0.2265856784473349,4,13944.67,398.94,0.2552,1
510,68592,39770,60,Self-employed,Own,0.5274529997854004,5,5716.0,806.39,0.6685,0
834,76889,19120,12,Employed,Rent,0.4343956621104411,3,6407.42,1663.22,0.694,0
324,110032,29369,120,Employed,Mortgage,0.3015563061313503,0,9169.33,356.33,0.3404,0
402,85024,12550,36,Employed,Own,0.5153820701459989,2,7085.33,393.27,0.5709,0
498,52840,44254,12,Employed,Own,0.3866995478061235,3,4403.33,3849.59,1.2609,0
520,166908,31742,24,Employed,Mortgage,0.4920996996461264,0,13909.0,1435.6,0.5953,0
322,86900,34325,36,Employed,Mortgage,0.0362334420343617,1,7241.67,1075.62,0.1848,0
684,82462,44862,120,Employed,Rent,0.2163678861563883,1,6871.83,544.3,0.2956,1
449,128048,33728,12,Employed,Rent,0.0714245207120042,2,10670.67,2933.95,0.3464,0
586,174482,24224,120,Self-employed,Own,0.0814760966193835,0,14540.17,293.9,0.1017,0
362,97878,47629,36,Employed,Own,0.4380180814779723,4,8156.5,1492.52,0.621,0
584,51723,6919,36,Employed,Own,0.069960583456381,0,4310.25,216.82,0.1203,0
358,167378,13526,36,Self-employed,Own,0.4917960471903247,1,13948.17,423.86,0.5222,0
696,75352,30128,120,Self-employed,Own,0.5437535983952747,1,6279.33,365.54,0.602,0
788,139634,6808,84,Employed,Rent,0.127691851440431,5,11636.17,106.11,0.1368,1
793,83772,18037,12,Employed,Rent,0.3024243355940715,4,6981.0,1569.01,0.5272,1
388,83049,4615,12,Unemployed,Mortgage,0.5604538293237491,3,6920.75,401.45,0.6185,0
774,170240,47213,120,Employed,Mortgage,0.4119959180937264,4,14186.67,572.82,0.4524,1
507,59072,30104,84,Retired,Mortgage,0.5944888007528164,1,4922.67,469.21,0.6898,0
752,69256,16043,36,Self-employed,Rent,0.4651763307906139,4,5771.33,502.73,0.5523,1
613,109807,32930,60,Employed,Rent,0.0331295607035809,2,9150.58,667.7,0.1061,0
749,150557,7617,36,Employed,Mortgage,0.0557999947231879,5,12546.42,238.69,0.0748,1
721,43344,12266,60,Employed,Mortgage,0.4686001834972791,5,3612.0,248.71,0.5375,0
407,59068,9846,24,Employed,Mortgage,0.4264316924115977,0,4922.33,445.31,0.5169,0
781,182683,21630,36,Employed,Rent,0.5540119928676854,2,15223.58,677.81,0.5985,1
329,22729,11814,24,Employed,Rent,0.0519039126725756,1,1894.08,534.32,0.334,0
671,102517,45584,24,Employed,Own,0.2725911698450481,1,8543.08,2061.64,0.5139,1
741,86938,43029,12,Employed,Rent,0.5530347452498803,5,7244.83,3743.03,1.0697,0
571,166922,8663,84,Employed,Own,0.4384212396931088,3,13910.17,135.02,0.4481,0
368,74777,10656,12,Employed,Rent,0.3421549537933846,5,6231.42,926.95,0.4909,0
564,26605,48969,36,Self-employed,Mortgage,0.0287985684768389,4,2217.08,1534.51,0.7209,0
523,148056,47118,84,Employed,Rent,0.4043975646341382,3,12338.0,734.39,0.4639,0
799,110259,19926,60,Employed,Rent,0.1218469403023084,1,9188.25,404.03,0.1658,1
530,191690,10358,84,Employed,Rent,0.3002378103821103,3,15974.17,161.44,0.3103,0
837,99434,48318,24,Employed,Own,0.4768569854686947,5,8286.17,2185.29,0.7406,0
402,94865,6997,84,Unemployed,Mortgage,0.2530653853262042,2,7905.42,109.06,0.2669,0
461,139204,7329,36,Employed,Rent,0.3607987807378136,4,11600.33,229.66,0.3806,0
600,98099,5727,24,Self-employed,Own,0.1559044414438012,0,8174.92,259.02,0.1876,0
412,32607,43694,60,Employed,Mortgage,0.2947110989092076,5,2717.25,885.96,0.6208,0
818,47659,1267,24,Employed,Own,0.5446276884698823,5,3971.58,57.3,0.5591,0
492,91449,39362,60,Unemployed,Own,0.4517602415369283,5,7620.75,798.12,0.5565,0
404,35847,5455,12,Employed,Rent,0.1975065456818561,4,2987.25,474.52,0.3564,0
335,144125,17122,36,Employed,Mortgage,0.2484137347697317,1,12010.42,536.54,0.2931,0
303,190776,19575,60,Employed,Mortgage,0.4607443596080512,1,15898.0,396.91,0.4857,0
606,68276,2670,120,Self-employed,Own,0.4974007638276796,1,5689.67,32.39,0.5031,0
579,88187,39176,12,Employed,Rent,0.4167241148914835,4,7348.92,3407.86,0.8804,0
682,55064,12699,60,Employed,Own,0.1170856506454165,0,4588.67,257.49,0.1732,1
693,32677,30505,60,Self-employed,Rent,0.1681629999369427,1,2723.08,618.53,0.3953,0
361,127651,13603,84,Employed,Mortgage,0.0776156099235185,0,10637.58,212.02,0.0975,0
646,125769,20336,120,Self-employed,Rent,0.1371367861501339,2,10480.75,246.73,0.1607,0
553,34479,46723,120,Employed,Rent,0.3334548799789132,0,2873.25,566.88,0.5308,0
556,99574,41044,84,Employed,Mortgage,0.0290777400115423,2,8297.83,639.72,0.1062,0
595,184950,28546,12,Unemployed,Mortgage,0.0437838636572225,3,15412.5,2483.17,0.2049,0
307,195627,22159,120,Employed,Rent,0.3255636166786357,3,16302.25,268.85,0.3421,0
423,101468,40428,84,Employed,Mortgage,0.228554570895491,2,8455.67,630.12,0.3031,0
640,192975,35402,60,Employed,Rent,0.4173433816844848,0,16081.25,717.82,0.462,0
824,145680,3700,60,Employed,Own,0.2198585323161565,0,12140.0,75.02,0.226,1
332,134309,43802,36,Employed,Mortgage,0.4916778381189259,3,11192.42,1372.6,0.6143,0
770,141775,43596,84,Self-employed,Rent,0.2396104065465065,0,11814.58,679.5,0.2971,1
363,168785,34328,84,Self-employed,Mortgage,0.4644861278549946,5,14065.42,535.04,0.5025,0
707,25949,29621,120,Employed,Rent,0.4506352285889292,1,2162.42,359.38,0.6168,0
526,179017,6177,120,Self-employed,Own,0.4832176195161151,2,14918.08,74.94,0.4882,0
777,25372,46765,24,Employed,Rent,0.1036313612449852,3,2114.33,2115.05,1.104,0
798,140539,27663,60,Retired,Mortgage,0.3281551534725148,3,11711.58,560.91,0.376,1
413,90988,38627,120,Employed,Mortgage,0.2459113599458211,4,7582.33,468.65,0.3077,0
494,182770,8328,12,Retired,Rent,0.1163488987296473,0,15230.83,724.44,0.1639,0
631,98460,49625,24,Employed,Mortgage,0.3208235072648904,5,8205.0,2244.4,0.5944,0
608,171581,29719,24,Employed,Rent,0.449206357234588,5,14298.42,1344.11,0.5432,0
802,35078,21872,36,Employed,Mortgage,0.4923066921932703,1,2923.17,685.39,0.7268,0
847,48212,14414,12,Employed,Mortgage,0.0842826800004028,5,4017.67,1253.85,0.3964,0
837,77867,32448,24,Employed,Mortgage,0.3755956276982212,3,6488.92,1467.54,0.6018,0
381,20632,36596,12,Employed,Mortgage,0.5617594476686838,1,1719.33,3183.43,2.4133,0
316,42463,49487,60,Employed,Own,0.3586940429407478,3,3538.58,1003.42,0.6423,0
596,194959,23793,60,Employed,Rent,0.5254862994522784,3,16246.58,482.44,0.5552,0
804,95677,7790,84,Employed,Rent,0.089219384869794,3,7973.08,121.42,0.1044,1
338,50025,17890,84,Employed,Rent,0.5675975888376775,4,4168.75,278.84,0.6345,0
750,123542,25565,12,Employed,Mortgage,0.4018041770195284,5,10295.17,2223.86,0.6178,0
802,36173,42771,36,Employed,Own,0.1139994720018103,1,3014.42,1340.29,0.5586,0
512,44698,31887,60,Retired,Own,0.4032068745261425,5,3724.83,646.55,0.5768,0
655,150771,2050,120,Employed,Own,0.401590568978259,0,12564.25,24.87,0.4036,1
547,172886,7454,84,Employed,Mortgage,0.2199680560919037,2,14407.17,116.18,0.228,0
346,96987,39035,120,Retired,Own,0.3023326018441681,3,8082.25,473.6,0.3609,0
718,21412,19238,24,Employed,Rent,0.4671973606929934,4,1784.33,870.08,0.9548,0
444,182958,45745,60,Unemployed,Rent,0.4804623775935889,4,15246.5,927.54,0.5413,0
790,184436,7286,60,Self-employed,Mortgage,0.1287673925436668,4,15369.67,147.73,0.1384,1
388,181529,49890,84,Self-employed,Rent,0.452494427018893,1,15127.42,777.6,0.5039,0
395,185523,18119,120,Employed,Mortgage,0.4924745200721793,0,15460.25,219.83,0.5067,0
568,158441,1292,120,Unemployed,Rent,0.294373628276917,3,13203.42,15.68,0.2956,0
476,111364,43203,84,Employed,Own,0.3642930783618024,4,9280.33,673.37,0.4369,0
697,165000,6093,12,Employed,Rent,0.4623933271447195,3,13750.0,530.02,0.5009,1
634,49415,5611,60,Retired,Mortgage,0.433156436380789,2,4117.92,113.77,0.4608,0
367,104252,46545,36,Unemployed,Mortgage,0.5297225412743962,3,8687.67,1458.55,0.6976,0
474,164631,17919,60,Employed,Rent,0.4274521635225503,2,13719.25,363.33,0.4539,0
459,188461,26089,120,Employed,Mortgage,0.2166738111771078,3,15705.08,316.53,0.2368,0
517,150390,17326,12,Employed,Rent,0.4148529928776304,5,12532.5,1507.16,0.5351,0
825,43429,7972,84,Employed,Own,0.4889844695601021,1,3619.08,124.25,0.5233,0
485,190586,42494,24,Employed,Rent,0.4166598406106575,1,15882.17,1921.89,0.5377,0
689,156732,4991,120,Employed,Mortgage,0.543586903702074,1,13061.0,60.55,0.5482,1
842,21327,13578,60,Self-employed,Rent,0.2716396235913737,5,1777.25,275.31,0.4265,0
610,116244,49162,60,Employed,Rent,0.5256090243557293,2,9687.0,996.83,0.6285,0
670,71760,48900,120,Employed,Rent,0.0559351132211319,2,5980.0,593.29,0.1551,1
312,96946,28159,24,Employed,Mortgage,0.3184488816732607,5,8078.83,1273.56,0.4761,0
488,178326,23724,12,Employed,Rent,0.598921784202359,4,14860.5,2063.71,0.7378,0
641,128198,49133,120,Employed,Rent,0.0445928430020236,3,10683.17,596.12,0.1004,0
822,26478,10059,36,Employed,Mortgage,0.4618003981106867,4,2206.5,315.21,0.6047,0
694,189235,30094,36,Employed,Rent,0.0485277627271302,3,15769.58,943.04,0.1083,1
388,159383,10392,84,Retired,Mortgage,0.3445969262471192,5,13281.92,161.97,0.3568,0
318,114298,13438,24,Employed,Rent,0.548268443564083,3,9524.83,607.76,0.6121,0
566,155743,6415,60,Employed,Mortgage,0.3446814251207717,3,12978.58,130.07,0.3547,0
534,68835,47666,60,Retired,Rent,0.4926465172181584,0,5736.25,966.49,0.6611,0
324,182838,14598,120,Employed,Mortgage,0.3777824899822066,0,15236.5,177.11,0.3894,0
528,54543,10569,84,Retired,Own,0.0106347599605904,0,4545.25,164.73,0.0469,0
505,110621,45490,60,Self-employed,Own,0.0510331680609413,4,9218.42,922.37,0.1511,0
754,197114,45399,36,Employed,Own,0.0317475380219334,3,16426.17,1422.64,0.1184,1
751,48514,41786,84,Employed,Own,0.2412752963686214,3,4042.83,651.29,0.4024,0
630,122922,2646,120,Employed,Mortgage,0.2286416192350446,5,10243.5,32.1,0.2318,0
385,61263,11605,24,Employed,Rent,0.5796778268220654,4,5105.25,524.86,0.6825,0
660,161671,39502,84,Unemployed,Own,0.1205357512757452,0,13472.58,615.69,0.1662,1
503,46557,4763,60,Employed,Own,0.3500043551418997,4,3879.75,96.58,0.3749,0
321,46117,17659,12,Employed,Mortgage,0.492923394432337,3,3843.08,1536.13,0.8926,0
472,51527,33044,60,Employed,Mortgage,0.5817516204951062,1,4293.92,670.01,0.7378,0
838,94898,6178,120,Self-employed,Own,0.2285662985624568,5,7908.17,74.96,0.238,1
303,51332,15686,24,Self-employed,Rent,0.2691699907973999,5,4277.67,709.44,0.435,0
492,153537,9983,60,Employed,Rent,0.2016572001588742,0,12794.75,202.42,0.2175,0
537,184675,39637,24,Employed,Mortgage,0.4927266852101605,3,15389.58,1792.67,0.6092,0
438,147852,38702,84,Employed,Own,0.0287572984714627,2,12321.0,603.22,0.0777,0
306,75959,19784,84,Employed,Rent,0.3890607867134953,3,6329.92,308.36,0.4378,0
590,138147,12323,120,Unemployed,Rent,0.2659896241611691,2,11512.25,149.51,0.279,0
775,47882,36820,36,Employed,Mortgage,0.3424815305325866,1,3990.17,1153.8,0.6316,0
405,61522,10472,36,Self-employed,Rent,0.3404719795086041,4,5126.83,328.15,0.4045,0
498,38380,42658,12,Employed,Rent,0.0805149044075887,3,3198.33,3710.75,1.2407,0
716,118286,29519,84,Employed,Mortgage,0.2939857063609855,2,9857.17,460.09,0.3407,1
752,57487,20766,60,Employed,Rent,0.2608516098177852,4,4790.58,421.06,0.3487,1
512,89361,7229,84,Employed,Rent,0.1730967092619592,3,7446.75,112.67,0.1882,0
464,192459,30207,24,Self-employed,Mortgage,0.2132760579774305,1,16038.25,1366.18,0.2985,0
654,103241,9434,36,Employed,Own,0.5789179942422265,3,8603.42,295.63,0.6133,0
410,64143,27951,84,Employed,Rent,0.381826805833597,3,5345.25,435.65,0.4633,0
740,162534,33432,84,Employed,Mortgage,0.3799724667295168,0,13544.5,521.08,0.4184,1
636,20253,20930,36,Employed,Rent,0.547315323480662,3,1687.75,655.87,0.9359,0
443,195715,46298,36,Employed,Own,0.2132916399898083,1,16309.58,1450.81,0.3022,0
505,169669,8148,12,Employed,Rent,0.3391438157616788,2,14139.08,708.78,0.3893,0
383,43739,37538,84,Employed,Mortgage,0.4682169014486642,1,3644.92,585.08,0.6287,0
355,189518,37694,120,Employed,Mortgage,0.3888430342758267,2,15793.17,457.33,0.4178,0
740,116631,43574,36,Retired,Own,0.4549194471110549,1,9719.25,1365.45,0.5954,1
725,40086,36073,24,Unemployed,Own,0.1849326795792222,4,3340.5,1631.48,0.6733,0
734,104578,14100,12,Employed,Rent,0.5916280613019013,5,8714.83,1226.54,0.7324,0
539,114662,48664,120,Unemployed,Rent,0.3468925112580625,4,9555.17,590.43,0.4087,0
812,124350,42925,84,Employed,Own,0.0083304769189696,5,10362.5,669.04,0.0729,1
803,106932,29179,84,Employed,Rent,0.4648674043461203,0,8911.0,454.79,0.5159,1
529,32223,8232,120,Employed,Own,0.2241129239582241,1,2685.25,99.88,0.2613,0
741,27269,12365,36,Employed,Mortgage,0.4207964940070139,5,2272.42,387.47,0.5913,0
832,106933,39320,36,Employed,Own,0.4582687849182171,0,8911.08,1232.15,0.5965,1
782,65606,7047,36,Employed,Rent,0.4029997700518784,5,5467.17,220.83,0.4434,1
427,115646,13565,120,Self-employed,Mortgage,0.4159697790539232,4,9637.17,164.58,0.433,0
439,55555,25694,60,Self-employed,Mortgage,0.5622922863019205,0,4629.58,520.98,0.6748,0
371,74001,42399,12,Employed,Mortgage,0.4906566469365556,0,6166.75,3688.22,1.0887,0
475,58461,22489,36,Employed,Mortgage,0.5873548730383528,5,4871.75,704.72,0.732,0
623,33069,34066,24,Employed,Mortgage,0.4246559537054806,2,2755.75,1540.71,0.9837,0
424,26575,36814,60,Employed,Rent,0.4784239429930129,3,2214.58,746.46,0.8155,0
549,38091,25297,60,Employed,Own,0.0060718985945115,4,3174.25,512.93,0.1677,0
670,100323,48180,84,Self-employed,Own,0.2454062759793778,5,8360.25,750.94,0.3352,1
659,31300,47956,60,Employed,Rent,0.2134565791806722,1,2608.33,972.37,0.5863,0
404,123816,13332,36,Retired,Rent,0.0028176904977677,0,10318.0,417.78,0.0433,0
654,157101,37549,24,Self-employed,Rent,0.0944961063169548,5,13091.75,1698.24,0.2242,1
722,90471,20002,60,Employed,Own,0.0547810174645374,2,7539.25,405.57,0.1086,1
661,120874,10025,36,Unemployed,Own,0.1519933442222039,3,10072.83,314.15,0.1832,1
749,30378,9867,84,Employed,Rent,0.1194519864079678,1,2531.5,153.79,0.1802,0
333,126634,41817,12,Employed,Rent,0.2873923755597103,5,10552.83,3637.6,0.6321,0
569,117649,3108,24,Employed,Rent,0.596615579228886,1,9804.08,140.57,0.611,0
808,151728,28378,120,Employed,Rent,0.2711989666307596,2,12644.0,344.3,0.2984,1
301,85323,36426,36,Self-employed,Mortgage,0.1947690492325055,3,7110.25,1141.46,0.3553,0
721,132750,2674,36,Employed,Mortgage,0.2521091160158385,2,11062.5,83.79,0.2597,1
386,89942,29896,84,Employed,Own,0.4857070274581164,2,7495.17,465.97,0.5479,0
769,113327,44521,36,Employed,Own,0.3933874828045591,4,9443.92,1395.13,0.5411,1
402,129026,2423,120,Employed,Rent,0.4524740857036967,2,10752.17,29.4,0.4552,0
848,136539,29204,36,Unemployed,Mortgage,0.1093548167415809,2,11378.25,915.15,0.1898,1
336,129803,35563,60,Employed,Rent,0.3034117134425027,4,10816.92,721.09,0.3701,0
323,128686,26629,120,Employed,Rent,0.3928212761631387,0,10723.83,323.08,0.4229,0
734,103490,7213,12,Retired,Own,0.3418030868384333,0,8624.17,627.45,0.4146,1
832,39091,18862,84,Employed,Own,0.4186483631544025,5,3257.58,293.99,0.5089,0
651,157267,43062,36,Self-employed,Mortgage,0.0032306280616728,2,13105.58,1349.41,0.1062,1
359,115718,13258,84,Employed,Rent,0.2489721254054557,0,9643.17,206.64,0.2704,0
402,120347,6871,60,Self-employed,Own,0.464309210567086,4,10028.92,139.32,0.4782,0
466,30601,40856,120,Employed,Rent,0.1591883932314781,1,2550.08,495.7,0.3536,0
426,46450,33949,24,Self-employed,Own,0.5356092247053945,2,3870.83,1535.42,0.9323,0
508,28049,21022,24,Unemployed,Rent,0.0926240852782697,2,2337.42,950.77,0.4994,0
798,98936,33231,24,Employed,Own,0.4111210726737072,4,8244.67,1502.95,0.5934,1
545,87090,2195,84,Employed,Mortgage,0.3334675159288366,3,7257.5,34.21,0.3382,0
794,113795,3399,84,Self-employed,Rent,0.3065612983688079,1,9482.92,52.98,0.3121,1
529,181654,11270,36,Employed,Rent,0.2284044097702145,5,15137.83,353.16,0.2517,0
606,193418,32945,24,Employed,Mortgage,0.5168602886896776,4,16118.17,1490.01,0.6093,0
634,57122,31957,24,Employed,Mortgage,0.1993993382531975,3,4760.17,1445.33,0.503,0
519,117520,10508,120,Self-employed,Own,0.457391057451214,1,9793.33,127.49,0.4704,0
593,73082,10177,24,Employed,Rent,0.0439849350593425,4,6090.17,460.28,0.1196,0
413,149945,17661,36,Self-employed,Mortgage,0.1193633489130396,0,12495.42,553.43,0.1637,0
651,182494,41535,120,Self-employed,Own,0.5197293588584061,1,15207.83,503.93,0.5529,1
782,58654,18972,60,Employed,Mortgage,0.3768222204515913,1,4887.83,384.68,0.4555,1
600,117666,18245,24,Self-employed,Rent,0.0969174866766265,0,9805.5,825.17,0.1811,0
601,60978,33771,12,Retired,Rent,0.4157746478449265,2,5081.5,2937.69,0.9939,0
574,113333,14367,120,Retired,Mortgage,0.4242197790174681,0,9444.42,174.31,0.4427,0
756,183195,10391,12,Employed,Rent,0.4380028205767193,3,15266.25,903.9,0.4972,1
359,113200,30899,36,Retired,Rent,0.5231023413526041,5,9433.33,968.26,0.6257,0
830,137402,30792,24,Self-employed,Rent,0.2043533042805323,0,11450.17,1392.64,0.326,1
651,173521,5669,24,Self-employed,Own,0.2842024921732526,5,14460.08,256.39,0.3019,1
547,169399,29536,120,Employed,Own,0.0240108959798863,5,14116.58,358.35,0.0494,0
574,52095,23237,36,Self-employed,Own,0.5486899151482008,0,4341.25,728.16,0.7164,0
832,188993,12269,36,Self-employed,Mortgage,0.5257537669439823,3,15749.42,384.47,0.5502,1
327,32749,39922,60,Self-employed,Mortgage,0.3333220272937755,4,2729.08,809.47,0.6299,0
658,109748,46131,120,Employed,Rent,0.1724027888050552,0,9145.67,559.7,0.2336,1
334,75929,20511,84,Employed,Mortgage,0.1765591136826274,4,6327.42,319.69,0.2271,0
790,142882,35162,36,Employed,Own,0.474626791899934,1,11906.83,1101.85,0.5672,1
486,34581,2583,120,Employed,Own,0.5837265844822694,0,2881.75,31.34,0.5946,0
576,127309,41399,120,Unemployed,Mortgage,0.1746616232382696,3,10609.08,502.28,0.222,0
660,183388,28612,36,Self-employed,Rent,0.1436763736628463,4,15282.33,896.6,0.2023,1
734,108217,28844,36,Self-employed,Rent,0.1328926284701229,2,9018.08,903.87,0.2331,1
755,68892,31115,36,Self-employed,Mortgage,0.3615009828453177,3,5741.0,975.03,0.5313,1
818,192143,42189,36,Employed,Mortgage,0.2770269805912463,3,16011.92,1322.05,0.3596,1
308,113719,40998,36,Self-employed,Own,0.5699217385742531,3,9476.58,1284.73,0.7055,0
324,146380,46413,84,Employed,Own,0.2150878937382551,2,12198.33,723.4,0.2744,0
757,123260,35278,24,Self-employed,Mortgage,0.0291597450654404,0,10271.67,1595.53,0.1845,1
814,75279,23118,84,Employed,Rent,0.3396612470142426,1,6273.25,360.32,0.3971,1
590,188214,15737,84,Employed,Rent,0.3698366137755312,3,15684.5,245.28,0.3855,0
424,163345,16125,36,Employed,Rent,0.1911770521566226,4,13612.08,505.3,0.2283,0
555,31064,24662,24,Employed,Mortgage,0.3828959976226409,3,2588.67,1115.4,0.8138,0
394,113615,40122,84,Employed,Own,0.3676786149175532,1,9467.92,625.35,0.4337,0
794,85548,37137,120,Self-employed,Rent,0.2111668655676305,5,7129.0,450.57,0.2744,1
783,199885,4634,84,Unemployed,Mortgage,0.0477905766236961,0,16657.08,72.23,0.0521,1
835,24979,9748,60,Self-employed,Rent,0.3371133860334399,0,2081.58,197.65,0.4321,0
787,191962,13462,36,Employed,Rent,0.4969267049714162,0,15996.83,421.85,0.5233,1
420,101401,11489,120,Employed,Mortgage,0.395415037331465,5,8450.08,139.39,0.4119,0
354,157634,20922,12,Retired,Rent,0.0739101973268968,3,13136.17,1819.97,0.2125,0
386,191525,18766,84,Employed,Rent,0.3680317343228654,4,15960.42,292.49,0.3864,0
597,165552,14278,84,Self-employed,Rent,0.4538228181488283,3,13796.0,222.54,0.47,0
420,180148,12993,84,Unemployed,Own,0.0091900912368905,3,15012.33,202.51,0.0227,0
845,31933,19335,60,Unemployed,Mortgage,0.0475694302050018,4,2661.08,392.04,0.1949,0
449,20831,13201,36,Employed,Rent,0.0364757938393212,0,1735.92,413.67,0.2748,0
728,85909,46744,36,Employed,Own,0.5164356129609156,0,7159.08,1464.79,0.721,0
822,94323,11715,24,Employed,Mortgage,0.0167805792000711,0,7860.25,529.84,0.0842,1
394,58354,43609,84,Retired,Rent,0.4523678794977793,0,4862.83,679.7,0.5921,0
836,188247,41389,12,Unemployed,Mortgage,0.3451452471165469,5,15687.25,3600.36,0.5747,1
656,181856,47243,60,Employed,Rent,0.4817600959379545,3,15154.67,957.92,0.545,1
454,182893,49931,84,Self-employed,Mortgage,0.4856518812427698,2,15241.08,778.24,0.5367,0
667,96513,9161,84,Employed,Mortgage,0.1552927853665797,1,8042.75,142.79,0.173,1
609,112300,23974,120,Self-employed,Own,0.5280650292185396,1,9358.33,290.87,0.5591,0
835,43637,5034,120,Unemployed,Own,0.1434931415901731,1,3636.42,61.08,0.1603,0
424,81348,14243,84,Employed,Own,0.5332030254766678,4,6779.0,221.99,0.5659,0
547,150843,34308,24,Employed,Rent,0.379935948174446,5,12570.25,1551.66,0.5034,0
353,179866,32704,36,Self-employed,Rent,0.1508152619190297,4,14988.83,1024.82,0.2192,0
322,86427,13469,120,Self-employed,Own,0.1519985207310005,0,7202.25,163.42,0.1747,0
391,82623,27843,36,Employed,Own,0.0056360247598657,3,6885.25,872.5,0.1324,0
731,149214,22482,120,Unemployed,Rent,0.2267176541333756,0,12434.5,272.77,0.2487,1
495,78754,44753,120,Unemployed,Mortgage,0.083431896530995,3,6562.83,542.98,0.1662,0
656,75408,49106,36,Employed,Own,0.3290788725488048,1,6284.0,1538.8,0.574,1
804,121563,22172,120,Retired,Own,0.1963393514041314,0,10130.25,269.01,0.2229,1
606,108921,26203,120,Retired,Own,0.4245817951791937,1,9076.75,317.91,0.4596,0
446,133879,34540,84,Retired,Mortgage,0.1454863219195692,4,11156.58,538.35,0.1937,0
780,30985,37921,36,Employed,Rent,0.4649796326539181,3,2582.08,1188.31,0.9252,0
720,149380,20263,120,Self-employed,Rent,0.2760596471387592,5,12448.33,245.85,0.2958,1
382,33876,38502,84,Self-employed,Rent,0.3040856050486171,2,2823.0,600.1,0.5167,0
331,146930,23712,24,Retired,Own,0.1632781380247797,3,12244.17,1072.43,0.2509,0
787,197764,35103,84,Employed,Mortgage,0.510138466319569,2,16480.33,547.12,0.5433,1
724,153476,13682,84,Employed,Mortgage,0.2935773676650345,0,12789.67,213.25,0.3103,1
662,140691,27613,24,Self-employed,Rent,0.290830246858392,4,11724.25,1248.86,0.3973,1
849,31537,12454,84,Employed,Mortgage,0.401840809599315,2,2628.08,194.11,0.4757,0
701,33778,1758,60,Employed,Own,0.3053786099299329,0,2814.83,35.65,0.318,0
436,149121,30514,120,Employed,Mortgage,0.5226412243879813,3,12426.75,370.22,0.5524,0
822,83661,6654,60,Employed,Mortgage,0.3223680465562988,4,6971.75,134.92,0.3417,1
545,94959,35722,60,Employed,Rent,0.3958172300398194,4,7913.25,724.31,0.4873,0
643,117504,10680,60,Unemployed,Mortgage,0.2498434482786767,3,9792.0,216.55,0.272,0
641,191450,9474,60,Employed,Mortgage,0.3202745293733922,3,15954.17,192.1,0.3323,0
795,78519,36791,60,Employed,Own,0.3391360990994163,0,6543.25,745.99,0.4531,1
749,36851,27398,24,Employed,Mortgage,0.5705749179190666,0,3070.92,1239.14,0.9741,0
477,186743,7955,84,Employed,Own,0.2113122773372656,3,15561.92,123.99,0.2193,0
797,117592,42082,24,Employed,Mortgage,0.013179623724573,1,9799.33,1903.25,0.2074,1
501,78598,30505,120,Unemployed,Own,0.1640921361788473,5,6549.83,370.11,0.2206,0
482,129172,13819,60,Employed,Rent,0.1736591484315099,5,10764.33,280.2,0.1997,0
447,86408,1931,12,Self-employed,Rent,0.1462311589192511,4,7200.67,167.97,0.1696,0
387,149712,48698,36,Retired,Mortgage,0.053849569819671,0,12476.0,1526.02,0.1762,0
302,55604,38975,84,Employed,Mortgage,0.1099877730597841,2,4633.67,607.47,0.2411,0
645,53846,15961,12,Employed,Mortgage,0.0654296398883742,3,4487.17,1388.42,0.3748,0
678,159479,39660,36,Employed,Mortgage,0.5326897235351955,5,13289.92,1242.8,0.6262,0
512,106580,21234,84,Employed,Rent,0.5121221645554361,5,8881.67,330.96,0.5494,0
469,151085,28847,120,Self-employed,Rent,0.5772699942548098,3,12590.42,349.99,0.6051,0
837,82299,15121,36,Self-employed,Own,0.3198068108007502,4,6858.25,473.84,0.3889,1
772,134745,18723,24,Employed,Rent,0.5473192410736083,4,11228.75,846.79,0.6227,0
349,162960,46071,84,Employed,Own,0.4190063656844141,3,13580.0,718.07,0.4719,0
667,31598,15511,84,Self-employed,Mortgage,0.1837972201120691,2,2633.17,241.76,0.2756,0
556,63027,22485,84,Retired,Mortgage,0.2378716221512015,1,5252.25,350.46,0.3046,0
437,129419,21978,84,Unemployed,Mortgage,0.3498852475553422,0,10784.92,342.55,0.3816,0
300,39488,10682,12,Employed,Rent,0.1820469866494176,1,3290.67,929.21,0.4644,0
723,40668,9764,36,Self-employed,Rent,0.530828451991113,5,3389.0,305.97,0.6211,0
686,161557,45295,36,Retired,Mortgage,0.5421502353912622,1,13463.08,1419.38,0.6476,0
708,26288,27628,12,Employed,Rent,0.2908049603210554,2,2190.67,2403.32,1.3879,0
824,72398,6688,120,Self-employed,Mortgage,0.3425421249943999,5,6033.17,81.14,0.356,1
834,73207,30270,120,Self-employed,Own,0.1177857044676085,1,6100.58,367.26,0.178,1
330,20562,21725,60,Employed,Rent,0.595868413993285,3,1713.5,440.5,0.8529,0
414,110073,44008,84,Unemployed,Own,0.5254197700396385,0,9172.75,685.92,0.6002,0
494,164072,4122,120,Employed,Rent,0.341785772273699,5,13672.67,50.01,0.3454,0
500,50346,31591,12,Employed,Rent,0.2895415310083551,4,4195.5,2748.05,0.9445,0
714,25323,5145,120,Employed,Mortgage,0.1204608838650008,1,2110.25,62.42,0.15,0
587,188344,36004,12,Unemployed,Mortgage,0.3920705626945691,5,15695.33,3131.93,0.5916,0
674,199488,37286,36,Self-employed,Rent,0.3529983845086422,3,16624.0,1168.41,0.4233,1
363,136225,2874,36,Self-employed,Mortgage,0.2884240726553991,5,11352.08,90.06,0.2964,0
577,51445,40366,84,Employed,Mortgage,0.416861610544657,4,4287.08,629.15,0.5636,0
582,77895,30812,24,Employed,Mortgage,0.1520751071190045,2,6491.25,1393.54,0.3668,0
418,78391,10822,12,Employed,Own,0.0009668638907545,0,6532.58,941.39,0.1451,0
502,81811,41078,60,Unemployed,Rent,0.5066837714358745,5,6817.58,832.91,0.6289,0
732,78212,42879,120,Employed,Rent,0.0679341441124638,1,6517.67,520.24,0.1478,1
813,153667,13677,84,Employed,Rent,0.2703111515838287,4,12805.58,213.17,0.287,1
547,163153,29656,60,Employed,Rent,0.580901798986196,5,13596.08,601.32,0.6251,0
621,93000,45585,12,Self-employed,Mortgage,0.009848339700691,5,7750.0,3965.37,0.5215,0
563,70213,23436,24,Self-employed,Rent,0.403910232360451,4,5851.08,1059.95,0.5851,0
366,61406,46189,120,Employed,Mortgage,0.0916011645882278,3,5117.17,560.4,0.2011,0
579,102884,38828,24,Self-employed,Rent,0.5770767364182336,4,8573.67,1756.09,0.7819,0
336,61171,27556,12,Unemployed,Mortgage,0.1285060131917469,4,5097.58,2397.05,0.5987,0
802,97976,33089,24,Employed,Rent,0.0286487930431617,2,8164.67,1496.53,0.2119,1
376,125744,4783,24,Employed,Rent,0.3747323658280286,2,10478.67,216.32,0.3954,0
459,65047,24296,60,Employed,Own,0.0098125794076374,2,5420.58,492.64,0.1007,0
623,186924,9035,60,Self-employed,Rent,0.1535007704125267,2,15577.0,183.2,0.1653,0
512,148090,24731,24,Self-employed,Rent,0.2762424649017735,0,12340.83,1118.52,0.3669,0
302,83752,10249,36,Retired,Rent,0.1893059543816597,0,6979.33,321.17,0.2353,0
335,45393,17480,36,Unemployed,Rent,0.0338960728599005,0,3782.75,547.76,0.1787,0
642,180440,12848,60,Employed,Mortgage,0.1294034368008641,0,15036.67,260.51,0.1467,0
475,135286,45944,36,Employed,Rent,0.1434576841786168,4,11273.83,1439.72,0.2712,0
387,135334,5634,60,Self-employed,Rent,0.0184310933527854,3,11277.83,114.24,0.0286,0
671,43056,24634,12,Employed,Own,0.5425150875478748,0,3588.0,2142.87,1.1397,0
742,65970,20282,12,Employed,Mortgage,0.1141937813280983,3,5497.5,1764.3,0.4351,1
386,121727,35041,84,Self-employed,Rent,0.18814746021637,4,10143.92,546.16,0.242,0
751,90924,17420,24,Self-employed,Own,0.3719667085036806,0,7577.0,787.86,0.4759,1
438,66011,9818,84,Employed,Rent,0.2141213999075226,0,5500.92,153.03,0.2419,0
396,135681,12681,12,Employed,Mortgage,0.3719089545071116,3,11306.75,1103.1,0.4695,0
701,65588,11036,12,Retired,Mortgage,0.2577285985719686,1,5465.67,960.0,0.4334,1
530,177787,47287,36,Self-employed,Mortgage,0.0387208068770686,5,14815.58,1481.8,0.1387,0
721,63510,39690,36,Self-employed,Own,0.5038115703780718,4,5292.5,1243.74,0.7388,0
597,35192,19900,84,Employed,Mortgage,0.584837356429215,0,2932.67,310.17,0.6906,0
808,166163,8018,84,Employed,Mortgage,0.3948882837999015,5,13846.92,124.97,0.4039,1
683,165279,46216,84,Self-employed,Mortgage,0.036850499259348,0,13773.25,720.33,0.0891,1
722,148536,20864,120,Employed,Rent,0.1867919049876219,3,12378.0,253.14,0.2072,1
637,57076,16020,120,Unemployed,Rent,0.4382489810969764,2,4756.33,194.37,0.4791,0
804,180809,22994,84,Self-employed,Mortgage,0.2737410631613786,4,15067.42,358.39,0.2975,1
599,189022,5419,60,Employed,Mortgage,0.2609771749155994,0,15751.83,109.88,0.268,0
693,49800,16274,84,Employed,Rent,0.546165237866078,5,4150.0,253.65,0.6073,0
630,82026,48640,24,Employed,Mortgage,0.4356296578995652,4,6835.5,2199.86,0.7575,0
588,178548,18721,60,Unemployed,Own,0.0117452781776367,1,14879.0,379.59,0.0373,0
558,197625,42696,84,Unemployed,Own,0.0530315134499978,3,16468.75,665.47,0.0934,0
717,80000,19440,24,Unemployed,Own,0.412653101822366,5,6666.67,879.22,0.5445,1
728,64974,21284,24,Employed,Mortgage,0.1290678899690174,0,5414.5,962.62,0.3069,1
377,58155,6186,24,Employed,Rent,0.2173054183507454,1,4846.25,279.78,0.275,0
656,140092,41230,24,Unemployed,Own,0.2408652848787217,5,11674.33,1864.72,0.4006,1
437,90127,47811,84,Self-employed,Own,0.3235679946635761,0,7510.58,745.19,0.4228,0
551,167530,32828,60,Employed,Own,0.3568183646222277,0,13960.83,665.63,0.4045,0
844,144351,17113,12,Employed,Rent,0.1441488564308071,1,12029.25,1488.63,0.2679,1
625,110477,10232,120,Employed,Own,0.2391494729822987,0,9206.42,124.14,0.2526,0
510,167462,40272,60,Self-employed,Rent,0.2716561723124246,0,13955.17,816.57,0.3302,0
779,163581,26753,84,Employed,Rent,0.1222135382739681,4,13631.75,416.98,0.1528,1
465,121021,17649,60,Employed,Rent,0.0846485923016616,4,10085.08,357.86,0.1201,0
665,23544,27437,120,Employed,Own,0.3599188521326638,1,1962.0,332.89,0.5296,0
328,61712,25965,24,Employed,Rent,0.3231136271859057,2,5142.67,1174.33,0.5515,0
456,92507,43920,12,Employed,Own,0.0659854445673442,4,7708.92,3820.53,0.5616,0
555,34416,11953,120,Self-employed,Rent,0.487348858470179,1,2868.0,145.02,0.5379,0
711,61826,28337,12,Employed,Mortgage,0.1967956394908731,3,5152.17,2464.99,0.6752,0
428,24683,43258,84,Unemployed,Mortgage,0.0395974533869131,3,2056.92,674.23,0.3674,0
710,46453,22342,36,Employed,Own,0.531636723377151,3,3871.08,700.12,0.7125,0
828,173522,14364,84,Self-employed,Rent,0.0132265553411453,0,14460.17,223.88,0.0287,1
639,168067,22367,12,Employed,Rent,0.2761722857081725,3,14005.58,1945.67,0.4151,0
487,168342,47178,60,Employed,Own,0.5133217669221044,2,14028.5,956.6,0.5815,0
562,196287,28737,12,Employed,Mortgage,0.0667557118765906,1,16357.25,2499.79,0.2196,0
311,156524,12046,120,Employed,Mortgage,0.0036047202799419,5,13043.67,146.15,0.0148,0
452,129593,19321,36,Self-employed,Own,0.5999745248745265,5,10799.42,605.45,0.656,0
603,134621,49851,84,Employed,Mortgage,0.5541551939320689,2,11218.42,776.99,0.6234,0
384,46350,28845,84,Employed,Mortgage,0.5894286435417178,1,3862.5,449.58,0.7058,0
659,126742,45022,24,Employed,Own,0.0026039082239938,2,10561.83,2036.22,0.1954,1
409,104818,42234,60,Employed,Own,0.3156380471718381,5,8734.83,856.35,0.4137,0
367,53727,33008,24,Employed,Mortgage,0.1558916515488696,0,4477.25,1492.86,0.4893,0
452,48241,44838,24,Self-employed,Rent,0.0796112598506241,2,4020.08,2027.9,0.5841,0
766,76887,16221,84,Self-employed,Own,0.1123167755192461,3,6407.25,252.82,0.1518,1
733,102993,6736,36,Self-employed,Mortgage,0.2450156918858884,1,8582.75,211.08,0.2696,1
674,130918,9197,12,Retired,Own,0.0315584882928376,1,10909.83,800.03,0.1049,1
711,105212,31689,12,Retired,Own,0.375509403499329,4,8767.67,2756.58,0.6899,0
323,165819,18290,120,Employed,Mortgage,0.0989020132178389,4,13818.25,221.91,0.115,0
522,25376,31474,12,Self-employed,Own,0.5850333139599021,2,2114.67,2737.87,1.8797,0
366,53488,38283,36,Employed,Own,0.2229520718930994,0,4457.33,1199.65,0.4921,0
546,96655,19427,120,Retired,Rent,0.3586207950485237,4,8054.58,235.7,0.3879,0
779,163926,24320,84,Self-employed,Rent,0.0703384237031945,0,13660.5,379.06,0.0981,1
766,195013,17647,84,Employed,Rent,0.4458193974588084,3,16251.08,275.05,0.4627,1
777,50636,9394,84,Employed,Rent,0.0827295124631424,1,4219.67,146.42,0.1174,1
547,163286,34405,12,Employed,Mortgage,0.5978468213253345,3,13607.17,2992.84,0.8178,0
332,49121,7603,84,Employed,Own,0.0403798709706692,0,4093.42,118.5,0.0693,0
446,47920,38182,36,Self-employed,Mortgage,0.100284695796063,3,3993.33,1196.49,0.3999,0
778,149155,39358,120,Self-employed,Own,0.0517041812223754,0,12429.58,477.52,0.0901,1
802,196471,39610,60,Employed,Mortgage,0.126420192522702,1,16372.58,803.15,0.1755,1
572,84197,43036,12,Employed,Rent,0.1162747373031906,3,7016.42,3743.63,0.6498,0
722,189303,35947,36,Self-employed,Rent,0.2259409497412699,1,15775.25,1126.45,0.2973,1
745,166398,17070,12,Employed,Rent,0.3185796656935183,4,13866.5,1484.89,0.4257,1
319,173351,40194,84,Employed,Rent,0.0086722515212969,2,14445.92,626.47,0.052,0
554,92823,25720,36,Employed,Mortgage,1.7478907799395315e-05,4,7735.25,805.97,0.1042,0
704,141942,6909,12,Employed,Own,0.1618908927623753,0,11828.5,601.0,0.2127,1
842,153700,49174,24,Employed,Mortgage,0.5914513103361156,5,12808.33,2224.01,0.7651,0
634,185604,15607,36,Employed,Own,0.2590998626743592,2,15467.0,489.07,0.2907,0
747,134998,20281,60,Employed,Own,0.3710737696557359,1,11249.83,411.23,0.4076,1
497,132058,41137,60,Employed,Mortgage,0.3006446714879809,1,11004.83,834.11,0.3764,0
724,146992,39324,120,Employed,Mortgage,0.0117819344383684,1,12249.33,477.11,0.0507,1
547,49955,47111,36,Employed,Mortgage,0.382221585280415,5,4162.92,1476.29,0.7369,0
709,132908,20620,36,Unemployed,Mortgage,0.4938548695095965,3,11075.67,646.16,0.5522,1
794,108948,28486,36,Employed,Own,0.1748173315923356,0,9079.0,892.65,0.2731,1
605,91519,14462,60,Unemployed,Own,0.2541671249689052,5,7626.58,293.24,0.2926,0
360,92657,1781,120,Employed,Rent,0.1630916882783919,2,7721.42,21.61,0.1659,0
536,165273,37479,36,Employed,Rent,0.3985460418309661,3,13772.75,1174.46,0.4838,0
726,116589,1844,84,Unemployed,Own,0.181645373451919,2,9715.75,28.74,0.1846,1
488,185080,25972,60,Employed,Mortgage,0.3183079107571056,4,15423.33,526.62,0.3525,0
693,58701,5063,12,Employed,Mortgage,0.3758958396841482,4,4891.75,440.42,0.4659,1
426,92006,46553,12,Employed,Mortgage,0.1275272056356919,0,7667.17,4049.57,0.6557,0
568,37973,26090,12,Retired,Rent,0.4446671389213225,4,3164.42,2269.53,1.1619,0
494,181647,8359,60,Unemployed,Rent,0.3037963998409626,0,15137.25,169.49,0.315,0
814,131384,3138,36,Employed,Rent,0.0403219989561465,1,10948.67,98.33,0.0493,1
565,182465,47501,36,Self-employed,Own,0.0768783554768916,5,15205.42,1488.51,0.1748,0
669,127347,41412,36,Self-employed,Own,0.1865325996115006,0,10612.25,1297.7,0.3088,1
808,92396,21048,12,Self-employed,Own,0.5415355440802763,0,7699.67,1830.93,0.7793,0
807,173148,22405,60,Employed,Mortgage,0.5173759415141589,4,14429.0,454.29,0.5489,1
567,190812,20431,24,Self-employed,Rent,0.4408836777655197,5,15901.0,924.04,0.499,0
545,46282,19680,24,Employed,Own,0.4604237259528727,1,3856.83,890.07,0.6912,0
575,116857,13556,12,Unemployed,Rent,0.2277277764454184,2,9738.08,1179.22,0.3488,0
625,22697,30187,60,Retired,Rent,0.2751586830866128,3,1891.42,612.08,0.5988,0
646,82686,24686,84,Self-employed,Rent,0.0926801589324148,5,6890.5,384.76,0.1485,0
316,131599,39942,36,Self-employed,Rent,0.0243318122888393,2,10966.58,1251.64,0.1385,0
328,153229,6542,12,Self-employed,Own,0.007657713629472,2,12769.08,569.08,0.0522,0
684,160026,32445,12,Employed,Rent,0.2011341936680037,0,13335.5,2822.34,0.4128,1
482,92725,21217,60,Unemployed,Own,0.2312194832420785,4,7727.08,430.2,0.2869,0
555,67983,1993,12,Employed,Own,0.1152781027968331,2,5665.25,173.37,0.1459,0
353,127227,25102,60,Self-employed,Mortgage,0.1526022661849554,3,10602.25,508.98,0.2006,0
605,184612,4666,84,Employed,Mortgage,0.3727301654880626,4,15384.33,72.73,0.3775,0
785,57254,3921,84,Employed,Mortgage,0.0608117063331295,1,4771.17,61.11,0.0736,1
686,110293,43152,36,Unemployed,Rent,0.3721769400106365,2,9191.08,1352.23,0.5193,1
684,125438,30374,84,Self-employed,Rent,0.2059672554340878,0,10453.17,473.42,0.2513,1
653,109694,4130,36,Employed,Own,0.5356135871888948,4,9141.17,129.42,0.5498,1
689,66253,47996,24,Employed,Rent,0.5257749323788954,3,5521.08,2170.73,0.9189,0
579,23207,10689,36,Employed,Own,0.0401041276145514,2,1933.92,334.95,0.2133,0
536,171362,4710,24,Employed,Rent,0.2875326977911289,1,14280.17,213.02,0.3024,0
585,23326,11909,12,Employed,Rent,0.2268391334316274,3,1943.83,1035.95,0.7598,0
661,170899,6247,120,Self-employed,Rent,0.5097881682281216,4,14241.58,75.79,0.5151,1
441,124337,31969,36,Employed,Mortgage,0.1020954122013042,3,10361.42,1001.79,0.1988,0
552,55015,1651,120,Employed,Mortgage,0.0211694569136333,3,4584.58,20.03,0.0255,0
346,183196,48014,36,Employed,Mortgage,0.0290777614799898,2,15266.33,1504.58,0.1276,0
754,161768,3420,60,Employed,Own,0.0890210244786231,1,13480.67,69.35,0.0942,1
397,49040,12005,84,Self-employed,Rent,0.503780071599313,3,4086.67,187.11,0.5496,0
365,24733,16242,12,Self-employed,Rent,0.4275256914313625,3,2061.08,1412.87,1.113,0
827,116419,2474,12,Self-employed,Mortgage,0.2357071180426845,5,9701.58,215.21,0.2579,1
722,189268,42963,12,Employed,Own,0.3548613488529959,3,15772.33,3737.28,0.5918,1
770,35236,34711,36,Employed,Own,0.2800702233583795,3,2936.33,1087.72,0.6505,0
672,148601,30092,24,Employed,Rent,0.5835264179150011,4,12383.42,1360.98,0.6934,0
387,40129,49670,24,Self-employed,Own,0.5200750389891676,1,3344.08,2246.44,1.1918,0
682,64903,20212,24,Employed,Rent,0.5311963947827234,0,5408.58,914.13,0.7002,0
647,113841,48933,60,Unemployed,Rent,0.4463278303747894,3,9486.75,992.18,0.5509,0
504,168652,11277,84,Employed,Rent,0.1801290900704054,0,14054.33,175.77,0.1926,0
580,196916,20074,60,Self-employed,Mortgage,0.2533259352844256,5,16409.67,407.03,0.2781,0
612,148955,33161,60,Employed,Rent,0.1778406079550816,3,12412.92,672.39,0.232,0
682,57100,46900,60,Employed,Mortgage,0.317959480210168,3,4758.33,950.96,0.5178,1
580,65404,13626,60,Employed,Mortgage,0.0888435372145889,4,5450.33,276.29,0.1395,0
331,85341,8290,120,Employed,Mortgage,0.3618631053836201,4,7111.75,100.58,0.376,0
449,127284,19091,12,Self-employed,Mortgage,0.0519502613309604,3,10607.0,1660.7,0.2085,0
635,60283,30741,120,Retired,Mortgage,0.5375791198612595,3,5023.58,372.97,0.6118,0
789,94129,29941,12,Employed,Own,0.2132270203320424,2,7844.08,2604.52,0.5453,1
624,154742,47507,36,Retired,Own,0.5964724423803093,1,12895.17,1488.7,0.7119,0
384,89970,26667,84,Self-employed,Rent,0.4681028134274945,2,7497.5,415.64,0.5235,0
625,66545,40864,24,Self-employed,Rent,0.2439790200643225,1,5545.42,1848.17,0.5773,0
818,70554,28561,84,Unemployed,Rent,0.4599052264505729,3,5879.5,445.16,0.5356,1
790,106946,49973,60,Employed,Rent,0.1410008885469093,2,8912.17,1013.27,0.2547,1
609,38656,17204,12,Employed,Own,0.3476549811692813,0,3221.33,1496.55,0.8122,0
717,55015,25087,36,Self-employed,Rent,0.2256903562796773,1,4584.58,786.14,0.3972,1
404,155809,10778,60,Unemployed,Rent,0.207121093074843,4,12984.08,218.54,0.224,0
364,45866,22354,120,Retired,Own,0.132174642255055,0,3822.17,271.22,0.2031,0
688,81336,31859,120,Employed,Mortgage,0.1678679607417415,2,6778.0,386.54,0.2249,1
483,131616,35860,24,Employed,Mortgage,0.2374026054194487,2,10968.0,1621.85,0.3853,0
378,80770,30230,84,Self-employed,Own,0.4577710144066464,2,6730.83,471.17,0.5278,0
447,54143,40148,120,Self-employed,Rent,0.5351831713329638,5,4511.92,487.11,0.6431,0
596,58993,15843,84,Employed,Rent,3.752316097578312e-05,0,4916.08,246.93,0.0503,0
303,184681,24722,24,Employed,Own,0.3391349416887902,1,15390.08,1118.11,0.4118,0
773,108786,48580,24,Employed,Rent,0.1328042773463047,3,9065.5,2197.14,0.3752,1
660,157902,12070,120,Retired,Rent,0.4476368420100478,1,13158.5,146.44,0.4588,1
850,87231,31631,84,Self-employed,Own,0.3511187190231639,0,7269.25,493.01,0.4189,1
772,53685,15909,12,Self-employed,Own,0.1073822736534491,0,4473.75,1383.9,0.4167,1
588,143693,45063,12,Employed,Own,0.0692565467861061,0,11974.42,3919.96,0.3966,0
554,89291,11384,60,Self-employed,Mortgage,0.0132670585974485,1,7440.92,230.83,0.0443,0
500,112490,32331,84,Self-employed,Own,0.284248401166786,3,9374.17,503.92,0.338,0
368,103271,42986,84,Unemployed,Mortgage,0.4429440581317554,5,8605.92,669.99,0.5208,0
769,65244,21688,60,Retired,Rent,0.1227356106589682,4,5437.0,439.75,0.2036,1
427,151950,25847,84,Unemployed,Mortgage,0.0880860461028242,2,12662.5,402.86,0.1199,0
688,118374,3724,120,Employed,Mortgage,0.5492656195737775,4,9864.5,45.18,0.5538,1
627,80861,34521,12,Employed,Rent,0.5097388121607692,0,6738.42,3002.93,0.9554,0
429,124830,47778,36,Employed,Rent,0.429609792598728,2,10402.5,1497.19,0.5735,0
605,106748,40314,12,Self-employed,Mortgage,0.3235971780455592,2,8895.67,3506.85,0.7178,0
450,194331,28648,24,Employed,Own,0.1524617428213499,0,16194.25,1295.67,0.2325,0
813,160846,20800,60,Employed,Rent,0.4526205570571938,1,13403.83,421.75,0.4841,1
754,158226,2014,36,Employed,Own,0.4875830795712521,3,13185.5,63.11,0.4924,1
342,86205,18268,24,Employed,Rent,0.3094083262789169,0,7183.75,826.21,0.4244,0
662,32185,33009,12,Employed,Rent,0.5325030617408155,4,2682.08,2871.4,1.6031,0
591,44487,39930,12,Employed,Own,0.3620432850815862,5,3707.25,3473.45,1.299,0
664,114290,8792,36,Retired,Rent,0.2293429472880682,0,9524.17,275.51,0.2583,1
417,119083,45299,84,Employed,Rent,0.3713538241394057,1,9923.58,706.04,0.4425,0
552,71624,1937,60,Self-employed,Rent,0.4170420186281017,3,5968.67,39.28,0.4236,0
375,130601,24264,60,Self-employed,Mortgage,0.4796444371617811,4,10883.42,491.99,0.5248,0
369,21409,41244,24,Employed,Mortgage,0.1509261519453302,3,1784.08,1865.35,1.1965,0
556,84170,26375,120,Employed,Rent,0.1764358836855364,2,7014.17,320.0,0.2221,0
821,99032,24621,60,Retired,Mortgage,0.0988551140961498,0,8252.67,499.23,0.1593,1
652,104251,33468,36,Employed,Own,0.4736617468083449,0,8687.58,1048.77,0.5944,1
629,137857,49096,120,Employed,Mortgage,0.0556285391960922,0,11488.08,595.67,0.1075,0
809,80142,9801,120,Self-employed,Mortgage,0.1340836507373212,0,6678.5,118.91,0.1519,1
523,22434,45480,12,Retired,Mortgage,0.1962903357834425,3,1869.5,3956.23,2.3125,0
773,57192,1983,120,Employed,Mortgage,0.0485973089889939,4,4766.0,24.06,0.0536,1
740,41751,47272,24,Self-employed,Rent,0.0682775391857784,5,3479.25,2137.98,0.6828,0
522,146926,7319,36,Self-employed,Rent,0.5915513192876775,5,12243.83,229.35,0.6103,0
484,156439,46495,36,Employed,Own,0.4738553281128025,2,13036.58,1456.98,0.5856,0
643,48983,11127,24,Employed,Rent,0.4961106664854293,0,4081.92,503.24,0.6194,0
495,175766,48275,24,Unemployed,Mortgage,0.0522801667207042,2,14647.17,2183.35,0.2013,0
300,70590,24693,60,Employed,Mortgage,0.5375880973269067,2,5882.5,500.69,0.6227,0
787,189503,12043,84,Self-employed,Mortgage,0.2067400622628305,5,15791.92,187.7,0.2186,1
403,60745,34790,36,Employed,Rent,0.3303277586293305,4,5062.08,1090.19,0.5457,0
755,29110,8533,84,Employed,Rent,0.047255396143661,5,2425.83,133.0,0.1021,0
478,131047,49895,24,Self-employed,Rent,0.2344697644509581,1,10920.58,2256.62,0.4411,0
781,145393,21733,120,Employed,Rent,0.1988271279075544,3,12116.08,263.68,0.2206,1
304,134533,49338,24,Self-employed,Own,0.1967534592177937,4,11211.08,2231.42,0.3958,0
662,176278,9085,36,Employed,Own,0.5993961887615974,2,14689.83,284.69,0.6188,0
387,135957,18540,84,Retired,Rent,0.0659838569518901,0,11329.75,288.97,0.0915,0
488,188635,28726,12,Employed,Own,0.0968226346552407,4,15719.58,2498.83,0.2558,0
795,162490,38224,120,Employed,Own,0.3911664602246648,0,13540.83,463.76,0.4254,1
597,115783,15633,120,Self-employed,Mortgage,0.498923231509061,0,9648.58,189.67,0.5186,0
583,128791,30347,24,Employed,Rent,0.0573504172209492,0,10732.58,1372.51,0.1852,0
786,166512,19785,24,Unemployed,Rent,0.5182734134832485,2,13876.0,894.82,0.5828,1
391,37769,19065,36,Employed,Own,0.2181612370954261,0,3147.42,597.43,0.408,0
822,87778,6867,84,Employed,Own,0.06365632038792,2,7314.83,107.03,0.0783,1
474,82950,7217,84,Self-employed,Rent,0.4334060326780029,1,6912.5,112.49,0.4497,0
629,119308,7338,60,Employed,Rent,0.1666280534188472,3,9942.33,148.79,0.1816,0
724,95202,17732,24,Retired,Rent,0.361851291375921,2,7933.5,801.97,0.4629,1
488,51593,8396,60,Employed,Mortgage,0.5122508115783913,4,4299.42,170.24,0.5518,0
332,140633,22847,36,Self-employed,Own,0.016056880396209,2,11719.42,715.94,0.0771,0
338,102337,28653,84,Employed,Mortgage,0.1263011150999234,1,8528.08,446.59,0.1787,0
519,42194,35204,84,Employed,Mortgage,0.5887439582628445,2,3516.17,548.7,0.7448,0
771,103728,47558,12,Retired,Rent,0.4578989831602276,5,8644.0,4137.0,0.9365,0
580,145541,4272,12,Employed,Rent,0.3824374688248731,0,12128.42,371.61,0.4131,0
586,74495,48238,12,Employed,Mortgage,0.4172132464802347,3,6207.92,4196.15,1.0931,0
534,31544,16366,36,Employed,Mortgage,0.1929743665598562,0,2628.67,512.85,0.3881,0
447,67335,1185,12,Employed,Own,0.4660370797719852,2,5611.25,103.08,0.4844,0
839,196049,34543,12,Self-employed,Own,0.3266820679668702,5,16337.42,3004.84,0.5106,1
562,26060,7343,36,Employed,Rent,0.0127711591838298,0,2171.67,230.1,0.1187,0
665,131902,44063,84,Employed,Rent,0.396690874712055,0,10991.83,686.78,0.4592,1
767,108327,48475,12,Employed,Rent,0.1900387051741788,4,9027.25,4216.76,0.6572,0
577,176906,27872,36,Employed,Rent,0.3288922883490343,5,14742.17,873.41,0.3881,0
607,193882,34694,60,Employed,Mortgage,0.343276559667263,1,16156.83,703.47,0.3868,0
748,73481,23667,84,Employed,Mortgage,0.5507614223787058,5,6123.42,368.88,0.611,0
411,51253,44070,60,Employed,Mortgage,0.1911563988342977,1,4271.08,893.58,0.4004,0
718,21938,48352,12,Employed,Mortgage,0.1094366608068428,1,1828.17,4206.06,2.4101,0
696,193771,40390,24,Employed,Rent,0.1522972686268956,3,16147.58,1826.73,0.2654,1
732,22195,5589,36,Retired,Mortgage,0.1615444696288436,1,1849.58,175.14,0.2562,0
801,181429,19218,24,Employed,Rent,0.2029503394722629,4,15119.08,869.18,0.2604,1
568,135836,45654,24,Retired,Own,0.0730377654115106,5,11319.67,2064.81,0.2554,0
717,104865,38089,12,Employed,Own,0.4514285632494064,4,8738.75,3313.3,0.8306,0
347,85680,21020,120,Self-employed,Own,0.5562612663925962,2,7140.0,255.03,0.592,0
824,69207,47811,84,Self-employed,Mortgage,0.5784847976937595,0,5767.25,745.19,0.7077,0
608,122592,15290,84,Self-employed,Mortgage,0.3216743534144418,5,10216.0,238.31,0.345,0
330,194765,4882,36,Self-employed,Rent,0.5910647556727169,1,16230.42,152.98,0.6005,0
381,94604,19798,36,Employed,Rent,0.147721049869029,0,7883.67,620.4,0.2264,0
482,170316,31576,36,Employed,Rent,0.2094930907803281,1,14193.0,989.48,0.2792,0
748,167027,2680,60,Employed,Rent,0.2838131303687677,3,13918.92,54.34,0.2877,1
530,29964,4007,12,Employed,Rent,0.2812891844289445,2,2497.0,348.56,0.4209,0
302,143413,32681,24,Self-employed,Mortgage,0.1176429485632298,4,11951.08,1478.07,0.2413,0
604,184572,5990,36,Employed,Mortgage,0.2001082438031896,0,15381.0,187.7,0.2123,0
467,70304,49250,120,Employed,Own,0.2704480400477077,3,5858.67,597.54,0.3724,0
380,62822,34227,36,Employed,Own,0.1725439688382015,3,5235.17,1072.55,0.3774,0
730,165420,33451,24,Employed,Rent,0.0682805822109631,2,13785.0,1512.9,0.178,1
760,155561,34763,60,Employed,Rent,0.4030059107188396,4,12963.42,704.87,0.4574,1
353,151098,12204,12,Self-employed,Own,0.0255137296340721,3,12591.5,1061.61,0.1098,0
393,40940,41735,84,Employed,Rent,0.4975952840504427,1,3411.67,650.49,0.6883,0
719,35801,40051,60,Self-employed,Own,0.4960118720198496,3,2983.42,812.09,0.7682,0
511,133699,13727,12,Employed,Own,0.4236941524468559,3,11141.58,1194.09,0.5309,0
591,45900,23658,24,Retired,Own,0.405828071773973,3,3825.0,1069.99,0.6856,0
713,75445,34827,24,Unemployed,Mortgage,0.5885591549518607,1,6287.08,1575.13,0.8391,0
302,21114,21494,120,Self-employed,Mortgage,0.1024044327308441,3,1759.5,260.78,0.2506,0
576,136642,25455,24,Employed,Rent,0.1947077288565074,4,11386.83,1151.26,0.2958,0
765,191857,10159,24,Employed,Own,0.341474489063808,2,15988.08,459.46,0.3702,1
459,116599,26920,84,Employed,Own,0.5400648201911281,4,9716.58,419.58,0.5832,0
445,68995,24899,60,Employed,Rent,0.1939958732450812,4,5749.58,504.86,0.2818,0
641,166196,49246,36,Employed,Rent,0.0326362665806633,5,13849.67,1543.19,0.1441,0
307,85591,7289,12,Retired,Own,0.2596902088128472,5,7132.58,634.06,0.3486,0
387,100183,29583,120,Employed,Rent,0.4785075775870542,1,8348.58,358.92,0.5215,0
526,94041,33852,60,Employed,Rent,0.0873115895751676,4,7836.75,686.4,0.1749,0
595,175046,31264,60,Retired,Mortgage,0.1219636685277399,3,14587.17,633.92,0.1654,0
326,150488,15723,84,Employed,Rent,0.1793866118840403,4,12540.67,245.06,0.1989,0
371,150136,10611,12,Retired,Rent,0.5490216782864287,0,12511.33,923.03,0.6228,0
797,199618,13398,84,Employed,Mortgage,0.3920592188347777,1,16634.83,208.82,0.4046,1
353,184037,29964,60,Employed,Rent,0.519523756068494,0,15336.42,607.56,0.5591,0
361,107493,15059,84,Employed,Rent,0.3006024268840709,4,8957.75,234.71,0.3268,0
707,68597,32116,24,Employed,Rent,0.5074014808179833,0,5716.42,1452.52,0.7615,0
374,31059,16879,24,Employed,Rent,0.4265579181654588,4,2588.25,763.39,0.7215,0
491,56184,30206,84,Self-employed,Own,0.406120257646614,5,4682.0,470.8,0.5067,0
409,76298,15363,120,Employed,Rent,0.0861548399282953,4,6358.17,186.4,0.1155,0
448,56512,18549,60,Self-employed,Rent,0.1718818915037226,5,4709.33,376.11,0.2517,0
469,138220,10479,60,Employed,Rent,0.5500049741294143,0,11518.33,212.48,0.5685,0
350,176518,39539,84,Employed,Mortgage,0.3264010913053624,3,14709.83,616.26,0.3683,0
704,29739,20610,36,Unemployed,Own,0.1419565522623218,4,2478.25,645.84,0.4026,0
638,40258,46690,12,Self-employed,Mortgage,0.0600941994532782,3,3354.83,4061.49,1.2707,0
489,163989,44400,84,Retired,Rent,0.5335896383423648,2,13665.75,692.03,0.5842,0
643,115738,34355,12,Employed,Own,0.0281890591162113,4,9644.83,2988.49,0.338,0
643,175994,18828,60,Self-employed,Rent,0.5684629546538855,0,14666.17,381.76,0.5945,0
787,194128,46743,60,Employed,Rent,0.1522604690290239,1,16177.33,947.78,0.2108,1
363,20315,1526,36,Employed,Own,0.2884629681119539,3,1692.92,47.82,0.3167,0
812,105499,21496,120,Employed,Own,0.0133852649341451,0,8791.58,260.81,0.0431,1
361,67061,3121,12,Employed,Rent,0.1096634686202765,3,5588.42,271.49,0.1582,0
847,97805,30738,84,Retired,Rent,0.5315698915752152,2,8150.42,479.09,0.5904,1
367,82086,11502,36,Retired,Rent,0.5927922355351282,1,6840.5,360.43,0.6455,0
526,79026,11361,60,Employed,Rent,0.2359847961611036,5,6585.5,230.36,0.271,0
699,118660,45452,24,Employed,Rent,0.5294804401826341,4,9888.33,2055.67,0.7374,0
540,47747,31022,24,Retired,Rent,0.3516616740830924,2,3978.92,1403.04,0.7043,0
418,174766,40467,36,Employed,Rent,0.0794057894234973,3,14563.83,1268.09,0.1665,0
729,142712,36477,24,Employed,Rent,0.2331668753777873,3,11892.67,1649.76,0.3719,1
372,122860,20392,60,Employed,Own,0.4198464990947067,0,10238.33,413.48,0.4602,0
823,84876,16483,84,Self-employed,Rent,0.410545252141707,4,7073.0,256.91,0.4469,1
571,86494,17136,12,Employed,Own,0.2409408528237173,5,7207.83,1490.63,0.4477,0
360,136460,3892,120,Self-employed,Mortgage,0.5106742195679759,5,11371.67,47.22,0.5148,0
410,88734,43219,84,Employed,Own,0.5277010154482277,5,7394.5,673.62,0.6188,0
485,85590,35108,60,Employed,Own,0.4056311496848851,4,7132.5,711.86,0.5054,0
324,55764,10935,120,Unemployed,Mortgage,0.1143969213514461,5,4647.0,132.67,0.1429,0
652,125347,43694,60,Employed,Own,0.1799064686428636,0,10445.58,885.96,0.2647,1
658,97234,27426,120,Unemployed,Mortgage,0.4453775102126073,5,8102.83,332.75,0.4864,1
620,149194,17791,12,Self-employed,Rent,0.3743921421576573,3,12432.83,1547.61,0.4989,0
627,171895,8129,36,Employed,Own,0.0577245337167789,4,14324.58,254.73,0.0755,0
530,56125,7114,24,Employed,Mortgage,0.2292631525185947,1,4677.08,321.75,0.2981,0
724,32488,27997,12,Employed,Rent,0.2692781077331374,4,2707.33,2435.42,1.1688,0
427,69009,49964,36,Employed,Rent,0.2948520180180645,2,5750.75,1565.69,0.5671,0
521,65152,31112,84,Employed,Rent,0.5332861186705447,3,5429.33,484.92,0.6226,0
480,114769,23468,12,Employed,Own,0.3902318525872882,2,9564.08,2041.44,0.6037,0
414,180982,38027,120,Employed,Rent,0.5785629710828704,0,15081.83,461.37,0.6092,0
688,144994,26891,12,Employed,Own,0.071685668315485,1,12082.83,2339.21,0.2653,1
724,161579,29653,84,Unemployed,Mortgage,0.3166689847188262,2,13464.92,462.18,0.351,1
429,91800,34236,24,Retired,Rent,0.0391061741862738,0,7650.0,1548.4,0.2415,0
336,51164,31430,12,Employed,Rent,0.0246764029366128,0,4263.67,2734.05,0.6659,0
633,111003,15682,12,Self-employed,Own,0.5830855343615442,1,9250.25,1364.15,0.7306,0
415,40732,31934,36,Self-employed,Mortgage,0.2006111178082717,4,3394.33,1000.7,0.4954,0
521,117461,6506,36,Self-employed,Rent,0.505325626750205,2,9788.42,203.87,0.5262,0
530,116208,9200,60,Employed,Own,0.4721381749731524,0,9684.0,186.54,0.4914,0
363,109235,27517,12,Self-employed,Rent,0.5825308990823015,2,9102.92,2393.66,0.8455,0
357,120094,49022,60,Employed,Mortgage,0.4812844528068513,0,10007.83,993.99,0.5806,0
715,86822,18946,84,Employed,Own,0.5771694389519958,1,7235.17,295.3,0.618,0
560,53879,21426,60,Employed,Rent,0.0870117231208049,5,4489.92,434.44,0.1838,0
672,178758,38277,36,Employed,Mortgage,0.1570372744519056,1,14896.5,1199.46,0.2376,1
401,113385,11950,24,Self-employed,Rent,0.5380233390526511,0,9448.75,540.47,0.5952,0
684,63634,21732,36,Unemployed,Own,0.3342530598779783,2,5302.83,681.0,0.4627,1
579,64187,4683,60,Employed,Own,0.047030728317778,2,5348.92,94.95,0.0648,0
832,31452,23672,60,Employed,Mortgage,0.4266667947435349,4,2621.0,479.98,0.6098,0
642,71810,34687,60,Employed,Rent,0.4224636672349433,0,5984.17,703.33,0.54,0
624,165632,44200,120,Employed,Own,0.1723614235577411,3,13802.67,536.27,0.2112,0
575,46184,26631,60,Unemployed,Rent,0.337676271504756,2,3848.67,539.98,0.478,0
574,104703,7040,60,Employed,Own,0.5800815220272351,3,8725.25,142.75,0.5964,0
748,167531,34111,36,Self-employed,Mortgage,0.4626874933069468,5,13960.92,1068.91,0.5393,1
668,62036,15843,84,Self-employed,Rent,0.4640072955616508,3,5169.67,246.93,0.5118,1
478,140911,2523,84,Employed,Mortgage,0.0217070000190823,0,11742.58,39.32,0.0251,0
603,71957,31265,84,Retired,Mortgage,0.036443710317261,3,5996.42,487.3,0.1177,0
631,69922,24562,84,Unemployed,Own,0.4244901001604184,4,5826.83,382.83,0.4902,0
553,38195,32610,36,Employed,Mortgage,0.0187815818932075,2,3182.92,1021.88,0.3398,0
467,52183,19185,120,Employed,Own,0.0872868614416386,1,4348.58,232.77,0.1408,0
691,176348,23117,60,Employed,Rent,0.4671666810316149,0,14695.67,468.73,0.4991,1
531,124334,31500,36,Unemployed,Rent,0.5643572464093628,4,10361.17,987.1,0.6596,0
398,65825,40778,12,Employed,Mortgage,0.0040364819814258,2,5485.42,3547.21,0.6507,0
327,28582,24084,60,Self-employed,Own,0.5076788809001412,2,2381.83,488.34,0.7127,0
666,62989,5497,60,Employed,Rent,0.4625871154240774,5,5249.08,111.46,0.4838,1
389,30987,49745,12,Employed,Own,0.3194019317808851,3,2582.25,4327.24,1.9952,0
568,137464,32998,24,Self-employed,Rent,0.341551243796874,0,11455.33,1492.41,0.4718,0
621,129090,21491,120,Employed,Own,0.3610115524595582,4,10757.5,260.75,0.3853,0
825,42128,40578,24,Employed,Rent,0.0066522820669746,2,3510.67,1835.23,0.5294,0
763,41782,35175,12,Self-employed,Own,0.4251721039034009,4,3481.83,3059.82,1.304,0
388,168597,14805,84,Self-employed,Rent,0.0493192514398915,0,14049.75,230.75,0.0657,0
614,160815,40153,84,Retired,Rent,0.4153992950806541,5,13401.25,625.83,0.4621,0
540,194179,29004,120,Self-employed,Rent,0.5725688634443629,3,16181.58,351.9,0.5943,0
623,96931,47437,60,Employed,Rent,0.1840336785599632,0,8077.58,961.85,0.3031,0
554,167508,42275,120,Employed,Own,0.5706953683590703,3,13959.0,512.91,0.6074,0
558,158006,21367,12,Self-employed,Mortgage,0.537961907268346,0,13167.17,1858.68,0.6791,0
722,191892,18405,24,Employed,Rent,0.4176867205392586,4,15991.0,832.41,0.4697,1
482,136275,10807,12,Self-employed,Mortgage,0.2329272665563943,2,11356.25,940.08,0.3157,0
633,114005,43787,12,Employed,Rent,0.1518743597443257,0,9500.42,3808.96,0.5528,0
466,133302,29268,84,Retired,Rent,0.1702580151284617,0,11108.5,456.18,0.2113,0
333,149385,40486,84,Employed,Own,0.3869650457521359,3,12448.75,631.02,0.4377,0
326,165412,33224,120,Employed,Mortgage,0.2030289365829111,1,13784.33,403.1,0.2323,0
744,51673,40824,24,Employed,Rent,0.50444372389273,0,4306.08,1846.36,0.9332,0
758,88286,42720,12,Self-employed,Rent,0.1726560514892469,5,7357.17,3716.15,0.6778,0
428,156323,42091,36,Employed,Own,0.5972940273004178,2,13026.92,1318.98,0.6985,0
365,161917,39716,84,Employed,Own,0.0942078115127367,0,13493.08,619.02,0.1401,0
318,121792,24438,24,Employed,Rent,0.4169480037176725,0,10149.33,1105.26,0.5258,0
726,141973,49133,60,Self-employed,Own,0.0238932687284985,4,11831.08,996.24,0.1081,1
715,193434,41735,60,Employed,Mortgage,0.5332776289203591,5,16119.5,846.24,0.5858,1
574,104385,25070,120,Self-employed,Own,0.0229620710086782,3,8698.75,304.17,0.0579,0
790,67485,28346,12,Employed,Own,0.409265783306514,0,5623.75,2465.77,0.8477,0
504,44226,21581,12,Retired,Mortgage,0.1623636974592335,5,3685.5,1877.3,0.6717,0
651,82920,5035,60,Employed,Own,0.1320717952964756,4,6910.0,102.09,0.1468,1
303,134398,47612,120,Employed,Rent,0.0687324381283607,3,11199.83,577.66,0.1203,0
307,63617,25857,84,Employed,Own,0.3474968859239712,4,5301.42,403.01,0.4235,0
332,82491,7324,120,Employed,Own,0.5582647383362446,2,6874.25,88.86,0.5712,0
611,135741,13509,60,Employed,Mortgage,0.2480738075406582,4,11311.75,273.91,0.2723,0
619,158413,37458,84,Self-employed,Mortgage,0.0034145242709752,5,13201.08,583.83,0.0476,0
452,144389,6611,60,Self-employed,Rent,0.3679050671613896,2,12032.42,134.05,0.379,0
603,118950,43902,84,Self-employed,Mortgage,0.5594938312117942,2,9912.5,684.27,0.6285,0
691,139249,11261,12,Employed,Mortgage,0.1764621381267204,3,11604.08,979.58,0.2609,1
533,94966,39036,24,Employed,Rent,0.2751375777088819,1,7913.83,1765.49,0.4982,0
419,193207,23320,120,Employed,Mortgage,0.2875539007488328,4,16100.58,282.94,0.3051,0
735,181931,16505,36,Retired,Rent,0.3943371235164052,0,15160.92,517.21,0.4285,1
755,24371,35700,120,Self-employed,Rent,0.1539778933096877,3,2030.92,433.14,0.3673,0
644,25078,14717,60,Self-employed,Mortgage,0.5061320789447088,2,2089.83,298.41,0.6489,0
358,37165,35467,36,Employed,Rent,0.3443359501277605,3,3097.08,1111.41,0.7032,0
332,106468,47217,60,Employed,Own,0.4739731554496423,3,8872.33,957.39,0.5819,0
667,74194,42847,120,Retired,Rent,0.4433351579240359,4,6182.83,519.85,0.5274,1
756,131664,42198,84,Employed,Rent,0.4394717381671403,0,10972.0,657.71,0.4994,1
336,42717,3798,24,Employed,Mortgage,0.1335216052163602,0,3559.75,171.77,0.1818,0
644,118507,8974,120,Employed,Own,0.033309536624583,3,9875.58,108.88,0.0443,0
553,112447,8177,12,Employed,Rent,0.3827359581933658,3,9370.58,711.3,0.4586,0
549,39623,32892,24,Unemployed,Mortgage,0.2290138020088902,0,3301.92,1487.62,0.6795,0
600,48439,22689,24,Self-employed,Mortgage,0.3425994267184587,1,4036.58,1026.16,0.5968,0
380,20382,11006,120,Retired,Mortgage,0.404343114482797,1,1698.5,133.53,0.483,0
806,120758,9611,120,Retired,Rent,0.2572919662135786,1,10063.17,116.61,0.2689,1
564,139509,45289,36,Self-employed,Rent,0.2838295779381819,1,11625.75,1419.19,0.4059,0
541,167111,13084,60,Retired,Own,0.3181066684638894,4,13925.92,265.3,0.3372,0
716,183133,30172,120,Employed,Rent,0.2678182134900241,1,15261.08,366.07,0.2918,1
702,154235,22848,120,Self-employed,Rent,0.1275862534912138,5,12852.92,277.21,0.1492,1
511,164468,18047,24,Employed,Own,0.0822821238540513,2,13705.67,816.22,0.1418,0
641,164142,3090,12,Unemployed,Rent,0.2441647189446261,5,13678.5,268.79,0.2638,0
828,110392,27144,24,Employed,Rent,0.3865514118202127,5,9199.33,1227.65,0.52,1
572,63346,24132,84,Employed,Own,0.0573029965330527,1,5278.83,376.13,0.1286,0
592,45227,46921,60,Employed,Rent,0.132529739039368,5,3768.92,951.39,0.385,0
365,60544,15857,84,Employed,Rent,0.0851832604057655,3,5045.33,247.15,0.1342,0
586,197579,25066,120,Employed,Mortgage,0.1050069150093995,2,16464.92,304.12,0.1235,0
777,137891,12013,84,Self-employed,Own,0.3220968360003343,1,11490.92,187.24,0.3384,1
738,180638,2400,24,Retired,Rent,0.5250932077545084,3,15053.17,108.55,0.5323,1
716,48526,10488,24,Employed,Rent,0.4645626992379901,1,4043.83,474.34,0.5819,0
617,59721,22006,36,Employed,Rent,0.2607304175952148,3,4976.75,689.59,0.3993,0
488,77626,15823,120,Employed,Rent,0.3407339390523782,2,6468.83,191.98,0.3704,0
320,199822,2950,120,Self-employed,Rent,0.2192416528415031,2,16651.83,35.79,0.2214,0
351,114042,37645,120,Employed,Mortgage,0.0707424333217265,5,9503.5,456.74,0.1188,0
468,150057,8498,120,Employed,Mortgage,0.1782929064540565,5,12504.75,103.1,0.1865,0
588,42212,15420,36,Retired,Mortgage,0.3247420523393602,4,3517.67,483.21,0.4621,0
782,52555,27202,60,Employed,Rent,0.1215042297242325,1,4379.58,551.56,0.2474,1
711,100353,26918,12,Unemployed,Own,0.2471345463437714,2,8362.75,2341.55,0.5271,1
772,82607,49182,36,Self-employed,Own,0.466455061819914,4,6883.92,1541.19,0.6903,0
659,113307,29449,36,Self-employed,Rent,0.492164867433309,0,9442.25,922.82,0.5899,1
718,126327,32609,120,Employed,Mortgage,0.0958562703872783,3,10527.25,395.64,0.1334,1
804,29186,17160,84,Retired,Own,0.5891971952958507,0,2432.17,267.46,0.6992,0
537,49131,33831,84,Employed,Mortgage,0.0124380924771364,5,4094.25,527.3,0.1412,0
382,139261,28782,84,Employed,Own,0.2956494371893443,4,11605.08,448.6,0.3343,0
779,76980,34513,36,Employed,Mortgage,0.5128174631347514,4,6415.0,1081.51,0.6814,0
787,164426,48462,36,Employed,Rent,0.2872410573927246,5,13702.17,1518.62,0.3981,1
498,59699,46365,60,Unemployed,Own,0.5106745826352065,4,4974.92,940.12,0.6996,0
428,111081,38695,60,Unemployed,Rent,0.1256588513837336,0,9256.75,784.6,0.2104,0
821,168878,25601,24,Employed,Mortgage,0.0623632908753011,5,14073.17,1157.86,0.1446,1
828,103786,15000,84,Employed,Mortgage,0.0341930758610294,3,8648.83,233.79,0.0612,1
821,141884,29448,12,Employed,Own,0.0422105729874342,4,11823.67,2561.64,0.2589,1
454,79044,31734,84,Employed,Own,0.5445742409289202,3,6587.0,494.61,0.6197,0
672,34653,8802,24,Employed,Own,0.0001545679826298,4,2887.75,398.09,0.138,0
683,164526,32673,12,Employed,Mortgage,0.173873818938757,1,13710.5,2842.17,0.3812,1
835,93548,38044,84,Self-employed,Rent,0.5891175127325309,3,7795.67,592.96,0.6652,0
601,198066,30994,36,Unemployed,Own,0.5876980442452718,5,16505.5,971.24,0.6465,0
383,91679,26320,60,Employed,Rent,0.4244818674172296,4,7639.92,533.67,0.4943,0
519,185405,20168,24,Employed,Own,0.2497018235302196,1,15450.42,912.14,0.3087,0
757,78950,31522,84,Self-employed,Mortgage,0.3088103940029154,3,6579.17,491.31,0.3835,1
754,91056,21702,24,Employed,Own,0.1435412704528506,5,7588.0,981.52,0.2729,1
446,78851,16310,120,Employed,Rent,0.0918054255066646,3,6570.92,197.89,0.1219,0
766,123390,22145,24,Employed,Rent,0.260053733429464,5,10282.5,1001.56,0.3575,1
317,160389,13096,36,Employed,Own,0.5917352134704786,5,13365.75,410.38,0.6224,0
610,30089,30572,60,Retired,Mortgage,0.5913686673866732,0,2507.42,619.89,0.8386,0
426,186531,30250,60,Self-employed,Own,0.2479753823582497,4,15544.25,613.36,0.2874,0
421,30237,27651,24,Employed,Mortgage,0.1785222334157882,2,2519.75,1250.58,0.6748,0
577,33753,28123,12,Employed,Rent,0.2609959145583027,5,2812.75,2446.38,1.1307,0
589,129636,27102,12,Unemployed,Rent,0.206962244487624,3,10803.0,2357.56,0.4252,0
777,40009,27008,24,Retired,Mortgage,0.0530354694760895,3,3334.08,1221.5,0.4194,0
523,88450,35384,24,Employed,Mortgage,0.3288185858874433,2,7370.83,1600.32,0.5459,0
574,110837,31408,84,Employed,Mortgage,0.1315600106364318,1,9236.42,489.53,0.1846,0
544,170115,43841,36,Employed,Own,0.1822598008953352,2,14176.25,1373.82,0.2792,0
541,64292,4923,24,Employed,Own,0.5726108623748715,4,5357.67,222.65,0.6142,0
727,159528,16473,36,Self-employed,Rent,0.4851685195599328,4,13294.0,516.2,0.524,1
630,89760,29097,120,Employed,Own,0.0925691537272411,1,7480.0,353.03,0.1398,0
765,87162,13171,60,Employed,Own,0.1050264131229656,3,7263.5,267.06,0.1418,1
319,93568,24882,60,Employed,Rent,0.1561301074012827,0,7797.33,504.52,0.2208,0
738,24724,46349,60,Employed,Mortgage,0.5438925354939768,4,2060.33,939.79,1.0,0
393,148832,30659,12,Employed,Mortgage,0.1879967715507394,0,12402.67,2666.98,0.403,0
541,161801,34713,24,Unemployed,Rent,0.2299787726994503,0,13483.42,1569.97,0.3464,0
526,134656,25398,36,Employed,Rent,0.4771460818728691,5,11221.33,795.88,0.5481,0
643,109364,48956,24,Employed,Own,0.5078498146046994,1,9113.67,2214.15,0.7508,0
605,78284,16316,24,Employed,Mortgage,0.2770860842275245,3,6523.67,737.93,0.3902,0
691,170077,10019,24,Employed,Rent,0.2330667627749642,4,14173.08,453.13,0.265,1
438,113094,15690,24,Employed,Rent,0.0686971020323055,2,9424.5,709.62,0.144,0
725,199313,39712,24,Employed,Rent,0.2149197474964571,3,16609.42,1796.07,0.3231,1
564,193268,41350,84,Retired,Rent,0.0482797045231449,1,16105.67,644.49,0.0883,0
479,36021,46875,60,Self-employed,Mortgage,0.01659082092211,0,3001.75,950.46,0.3332,0
305,89862,24257,24,Unemployed,Own,0.1401515211793638,3,7488.5,1097.08,0.2867,0
741,40851,10993,84,Employed,Rent,0.1607036729316719,3,3404.25,171.34,0.211,0
509,199631,39232,24,Unemployed,Own,0.5298022878148324,2,16635.92,1774.36,0.6365,0
617,166317,22204,36,Employed,Rent,0.2789448910477693,5,13859.75,695.79,0.3291,0
327,69547,14617,24,Self-employed,Own,0.4483851865820056,2,5795.58,661.09,0.5625,0
598,49186,23582,36,Self-employed,Mortgage,0.4190474421710591,0,4098.83,738.97,0.5993,0
794,63086,28684,36,Employed,Mortgage,0.1008198351568886,5,5257.17,898.85,0.2718,1
743,106661,24772,60,Employed,Own,0.5392216486312386,1,8888.42,502.29,0.5957,1
341,164830,19755,36,Employed,Own,0.2655885151132873,5,13735.83,619.05,0.3107,0
